t,time_s,split,value,anomaly,observed,mode,robust_score,mean_std_score
0,0,train,10.219840438159109,0,True,nominal,0.20103976108391705,0.20182931500579837
1,30,train,10.49408821393442,0,True,nominal,0.4979204018685873,0.491401143242284
2,60,train,10.942262937463411,0,True,nominal,0.983081671558481,0.9646183778936162
3,90,train,10.245263195331052,0,True,nominal,0.22856058388141282,0.22867261119035276
4,120,train,9.653732373819675,0,True,nominal,-0.41178754232566667,-0.39591098282069376
5,150,train,8.20623334953122,0,True,nominal,-1.9787444179140368,-1.9242914323932254
6,180,train,8.319503383484214,0,True,nominal,-1.8561265400967983,-1.8046922461338257
7,210,train,8.192414380963726,0,True,nominal,-1.9937038254487103,-1.9388825589069008
8,240,train,8.683041374888305,0,True,nominal,-1.462586823931362,-1.420840962356964
9,270,train,10.161725491384768,0,True,nominal,0.13812875810948055,0.1404670985293402
10,300,train,11.15539377937442,0,True,nominal,1.2138015770841923,1.189658261521755
11,330,train,9.544027070327482,0,True,nominal,-0.5305465029267649,-0.5117462533517472
12,360,train,9.713748462077053,0,True,nominal,-0.3468185022345727,-0.33254139540595573
13,390,train,9.690396058268647,0,True,nominal,-0.37209811147443794,-0.35719865377532567
14,420,train,10.3886260243355,0,True,nominal,0.3837547269121797,0.38004607767922705
15,450,train,9.682995088648266,0,True,nominal,-0.3801098614225094,-0.3650131649327552
16,480,train,9.984329435532814,0,True,nominal,-0.053907274216081776,-0.046841258192130905
17,510,train,10.696046579093114,0,True,nominal,0.7165457988864289,0.7046442693217021
18,540,train,11.373692636683801,0,True,nominal,1.4501159991696706,1.4201549320391607
19,570,train,11.424656382701457,0,True,nominal,1.5052856337518845,1.4739663624742552
20,600,train,11.444116820881547,0,True,nominal,1.526352084848972,1.4945141851363017
21,630,train,10.991094272162888,0,True,nominal,1.0359429131673417,1.016178244967033
22,660,train,11.86603322389653,0,True,nominal,1.9830880118060408,1.9400058717638982
23,690,train,12.21685314176178,0,True,nominal,2.362860069105026,2.3104284384039424
24,720,train,11.646380890697339,0,True,nominal,1.7453084154331242,1.7080800976310553
25,750,train,11.284230382735924,0,True,nominal,1.3532706876516414,1.3256938252513053
26,780,train,10.268941819745955,0,True,nominal,0.25419333575815045,0.25367431828739023
27,810,train,8.581451746585612,0,True,nominal,-1.5725603464597253,-1.5281070807942456
28,840,train,9.590532209725051,0,True,nominal,-0.4802034306991083,-0.46264256162744427
29,870,train,10.38055032432039,0,True,nominal,0.3750125630477969,0.37151913443947443
30,900,train,10.203520815509625,0,True,nominal,0.18337332781624285,0.1845978061872468
31,930,train,10.797120835772796,0,True,nominal,0.8259614176824873,0.8113662188858753
32,960,train,10.05433245148581,0,True,nominal,0.02187288543783513,0.02707329318123899
33,990,train,9.730971484625178,0,True,nominal,-0.3281741141228337,-0.3143560077107617
34,1020,train,10.126515243773339,0,True,nominal,0.10001271197741536,0.1032894195320296
35,1050,train,9.39801545948759,0,True,nominal,-0.6886080239932609,-0.6659165067845484
36,1080,train,10.191014447736151,0,True,nominal,0.16983484617138292,0.17139262422898074
37,1110,train,11.526634221843088,0,True,nominal,1.615679405021729,1.5816423836794073
38,1140,train,11.452206785183611,0,True,nominal,1.5351096901900982,1.5030561897038641
39,1170,train,12.224875412434717,0,True,nominal,2.3715443942602494,2.318898966847803
40,1200,train,11.974942335095733,0,True,nominal,2.100985072698154,2.0550004614279618
41,1230,train,11.18320341370941,0,True,nominal,1.24390625902015,1.2190218056168918
42,1260,train,10.712500172807225,0,True,nominal,0.734357259457974,0.7220172350618472
43,1290,train,10.542591993559542,0,True,nominal,0.5504270562429961,0.5426151525545542
44,1320,train,10.308786997466513,0,True,nominal,0.2973268191944935,0.2957459118539418
45,1350,train,11.778268186301013,0,True,nominal,1.8880799829307402,1.8473368161264172
46,1380,train,11.101056252279822,0,True,nominal,1.1549797331626026,1.1322845343578802
47,1410,train,10.489923511945815,0,True,nominal,0.4934119992332007,0.4870037315750747
48,1440,train,9.479307293971928,0,True,nominal,-0.6006074127064649,-0.5800823552922372
49,1470,train,9.243698716007634,0,True,nominal,-0.8556600759510778,-0.8288559560131262
50,1500,train,10.036681070389822,0,True,nominal,0.0027647876029613097,0.008435611688967854
51,1530,train,9.867754062208864,0,True,nominal,-0.18010327137334362,-0.16993047517970614
52,1560,train,9.35181157626751,0,True,nominal,-0.7386249782541983,-0.7147021091393523
53,1590,train,10.490040136145218,0,True,nominal,0.49353824808591074,0.4871268723463805
54,1620,train,10.1118030945703,0,True,nominal,0.0840864122275999,0.08775520442319962
55,1650,train,10.815038077741823,0,True,nominal,0.8453573171089122,0.8302846166714506
56,1680,train,10.763536639517492,0,True,nominal,0.7896056161583878,0.7759054495796945
57,1710,train,10.077677761405091,0,True,nominal,0.04714481535070169,0.051723061278583296
58,1740,train,10.73723002954708,0,True,nominal,0.7611279987818775,0.7481289138455364
59,1770,train,10.093254602712229,0,True,nominal,0.06400716770922278,0.06817028460685123
60,1800,train,11.042849609379202,0,True,nominal,1.0919694666493813,1.0708254980809555
61,1830,train,11.090164304450392,0,True,nominal,1.1431889048072847,1.1207839807540891
62,1860,train,12.361088225077596,0,True,nominal,2.5189984510385677,2.462722897870486
63,1890,train,12.486343886245972,0,True,nominal,2.654591094750804,2.594977428281746
64,1920,train,12.542170652503987,0,True,nominal,2.715025080378437,2.6539236083343014
65,1950,train,11.552112404100367,0,True,nominal,1.6432602269743808,1.6085442019184994
66,1980,train,11.536346863258595,0,True,nominal,1.6261936022617829,1.591897735153974
67,2010,train,11.211618816696921,0,True,nominal,1.2746667019197793,1.2490249666996325
68,2040,train,8.514338397111459,0,True,nominal,-1.645212363931022,-1.5989705007485684
69,2070,train,8.884451765519131,0,True,nominal,-1.2445546241728491,-1.208176429797267
70,2100,train,9.254418711255953,0,True,nominal,-0.8440553909193309,-0.8175369631280737
71,2130,train,8.63534418546314,0,True,nominal,-1.5142203225810362,-1.4712033118948604
72,2160,train,7.714841945043688,0,True,nominal,-2.510688914557318,-2.4431401522228744
73,2190,train,9.449798243239485,0,True,nominal,-0.6325517588935151,-0.6112402735140338
74,2220,train,8.414382613000685,0,True,nominal,-1.753417205895732,-1.7045114812212128
75,2250,train,9.906004874711197,0,True,nominal,-0.13869573144298936,-0.12954233465051368
76,2280,train,10.723376712773394,0,True,nominal,0.7461314083842424,0.733501519862287
77,2310,train,10.657140581875392,0,True,nominal,0.6744290037667233,0.6635643345370006
78,2340,train,9.740470427469829,0,True,nominal,-0.31789125137025703,-0.30432629557157176
79,2370,train,9.174647121813496,0,True,nominal,-0.9304102957973603,-0.9017659233480019
80,2400,train,9.689222838210515,0,True,nominal,-0.37336815394480904,-0.35843742946346524
81,2430,train,9.083765598704785,0,True,nominal,-1.0287920045996455,-0.9977256033312117
82,2460,train,8.823757924133831,0,True,nominal,-1.3102573503707586,-1.2722616409277878
83,2490,train,9.77694527089926,0,True,nominal,-0.27840624603434533,-0.26581335935307204
84,2520,train,8.97434971487664,0,True,nominal,-1.147237660580222,-1.113255282391162
85,2550,train,9.428543427382326,0,True,nominal,-0.6555606723973506,-0.6336827377024391
86,2580,train,9.971804531930808,0,True,nominal,-0.06746582139706739,-0.060066011699303284
87,2610,train,9.322292250751698,0,True,nominal,-0.7705804471723695,-0.7458708762651974
88,2640,train,10.207550171208936,0,True,nominal,0.18773521442983154,0.18885230886522117
89,2670,train,9.477864087911032,0,True,nominal,-0.6021697223329768,-0.5816062029019189
90,2700,train,10.091702957264408,0,True,nominal,0.062327469511061245,0.06653193837840872
91,2730,train,10.834752229300614,0,True,nominal,0.8666984198061134,0.8511003293709304
92,2760,train,8.802586259104537,0,True,nominal,-1.3331762508526535,-1.2946163080969615
93,2790,train,9.664540076776833,0,True,nominal,-0.4000879113249764,-0.3844993814121014
94,2820,train,10.242924775801459,0,True,nominal,0.22602918144284645,0.2262035285644175
95,2850,train,9.88893698752588,0,True,nominal,-0.1571721813251886,-0.1475639185354286
96,2880,train,8.92568259626158,0,True,nominal,-1.1999211338325981,-1.1646417575322057
97,2910,train,8.863543992116995,0,True,nominal,-1.267187854825164,-1.2302524599539202
98,2940,train,9.578818582570007,0,True,nominal,-0.4928837491661266,-0.47501070726136113
99,2970,train,9.990777814498912,0,True,nominal,-0.04692672943658246,-0.04003256528260438
100,3000,train,8.999507706605941,0,True,nominal,-1.1200034535412204,-1.0866915458605118
101,3030,train,8.881428164614857,0,True,nominal,-1.24782775399642,-1.2113689794514368
102,3060,train,9.295517101561607,0,True,nominal,-0.7995652709368901,-0.774142131630387
103,3090,train,9.510211502684028,0,True,nominal,-0.5671527702414401,-0.5474513223087775
104,3120,train,8.050526255839227,0,True,nominal,-2.1473015616112394,-2.088698919973801
105,3150,train,9.547936711354556,0,True,nominal,-0.526314210686384,-0.5076181546032433
106,3180,train,8.62559636454866,0,True,nominal,-1.5247726025809882,-1.481495808581654
107,3210,train,8.68336799991963,0,True,nominal,-1.4622332434936642,-1.420496086606554
108,3240,train,9.309299726864415,0,True,nominal,-0.7846452059700006,-0.7595893791220045
109,3270,train,8.741480503991017,0,True,nominal,-1.3993248848112956,-1.3591364493231564
110,3300,train,10.153633411282325,0,True,nominal,0.12936886235717188,0.13192285993751876
111,3330,train,10.90442709608727,0,True,nominal,0.9421233491049239,0.9246683956952874
112,3360,train,9.09744070566912,0,True,nominal,-1.0139883311445252,-0.9832863769280179
113,3390,train,10.608082462335705,0,True,nominal,0.6213222614295831,0.6117650106416996
114,3420,train,11.111496557928032,0,True,nominal,1.1662816466314205,1.1433082095193399
115,3450,train,9.557454872139212,0,True,nominal,-0.5160105439935482,-0.49756815068955634
116,3480,train,10.128009418965599,0,True,nominal,0.10163019706829213,0.1048670842584075
117,3510,train,9.427061508223598,0,True,nominal,-0.657164890000175,-0.635247461568944
118,3540,train,9.093109417056844,0,True,nominal,-1.0186770683093047,-0.9878596835246928
119,3570,train,10.509755642396653,0,True,nominal,0.5148808172745691,0.5079440154342184
120,3600,train,9.258912941574412,0,True,nominal,-0.8391902649470019,-0.8127916101852729
121,3630,train,8.28770369779533,0,True,nominal,-1.890550560628516,-1.8382687923655816
122,3660,train,8.384259044506791,0,True,nominal,-1.7860267841936979,-1.7363182544106162
123,3690,train,8.440432928617248,0,True,nominal,-1.725217034094796,-1.6770055607159318
124,3720,train,9.650203865773555,0,True,nominal,-0.4156072477974231,-0.399636652146447
125,3750,train,9.465415028012869,0,True,nominal,-0.6156461666515677,-0.5947508748116377
126,3780,train,8.797785393566528,0,True,nominal,-1.3383733177503365,-1.299685430014281
127,3810,train,7.7618045672203255,0,True,nominal,-2.459850604837893,-2.3935534151052327
128,3840,train,8.944111020414692,0,True,nominal,-1.1799718658549077,-1.145183614404344
129,3870,train,9.52693842758289,0,True,nominal,-0.5490454212637053,-0.5297897525474747
130,3900,train,8.887997940137698,0,True,nominal,-1.2407157941582097,-1.2044321067498287
131,3930,train,10.392031327396989,0,True,nominal,0.3874410596530851,0.38364165773608305
132,3960,train,10.725779743163164,0,True,nominal,0.7487327538278767,0.7360388235881106
133,3990,train,10.993546014642552,0,True,nominal,1.0385969907668553,1.018766982652122
134,4020,train,10.51859372104764,0,True,nominal,0.524448276648825,0.5172759364892898
135,4050,train,11.193691487874652,0,True,nominal,1.2552598832016824,1.230095918441045
136,4080,train,10.939831057422687,0,True,nominal,0.9804490955867685,0.9620506124944127
137,4110,train,10.971859387681489,0,True,nominal,1.0151206300545137,0.995868579193263
138,4140,train,9.865445579800294,0,True,nominal,-0.18260226606804514,-0.1723679478979857
139,4170,train,9.055296596851099,0,True,nominal,-1.059610469722757,-1.0277853582062848
140,4200,train,8.976140139102014,0,True,nominal,-1.145299477891947,-1.1113648152222126
141,4230,train,8.847661190174552,0,True,nominal,-1.2843814178533344,-1.247022739978941
142,4260,train,8.922688489894007,0,True,nominal,-1.203162335021814,-1.1678031645931808
143,4290,train,9.56454307153364,0,True,nominal,-0.5083373762813285,-0.49008388631677696
144,4320,train,10.681716501140498,0,True,nominal,0.701033101607336,0.6895134743324655
145,4350,train,10.142265708612172,0,True,nominal,0.11706301650874597,0.11991996789677559
146,4380,train,10.635199974751254,0,True,nominal,0.6506777026529613,0.6403977593493118
147,4410,train,10.735275538272276,0,True,nominal,0.7590122090715278,0.7460652121067817
148,4440,train,10.794498966176729,0,True,nominal,0.8231231728743613,0.8085978479476441
149,4470,train,10.626735715370685,0,True,nominal,0.6415149127577038,0.6314605453406659
150,4500,train,11.14731497525743,0,True,nominal,1.2050560529455003,1.1811280407332456
151,4530,train,12.36712658739933,0,True,nominal,2.525535141701959,2.469098663770922
152,4560,train,10.412719006841774,0,True,nominal,0.4098360326389286,0.40548529581796455
153,4590,train,10.554674911522135,0,True,nominal,0.5635071420053763,0.5553732237366008
154,4620,train,11.26726896362339,0,True,nominal,1.334909492340173,1.3077846585205402
155,4650,train,10.294482416195702,0,True,nominal,0.28184172276361535,0.2806420382161859
156,4680,train,9.308534730742224,0,True,nominal,-0.7854733349796593,-0.7603971206800554
157,4710,train,9.495082980214603,0,True,nominal,-0.5835298053227669,-0.5634251762355902
158,4740,train,9.079522697012072,0,True,nominal,-1.0333850605314865,-1.0022055842415882
159,4770,train,9.698789070974819,0,True,nominal,-0.36301244803276367,-0.34833666746798925
160,4800,train,9.766316251969535,0,True,nominal,-0.289912446738611,-0.2770362924657999
161,4830,train,10.444904701818103,0,True,nominal,0.44467791867304207,0.4394694202507305
162,4860,train,9.425519236798523,0,True,nominal,-0.6588344405649726,-0.6368759099854655
163,4890,train,9.473024162976659,0,True,nominal,-0.6074090720845081,-0.5867165667246032
164,4920,train,10.355230650082637,0,True,nominal,0.3476033303168746,0.34478468112020527
165,4950,train,9.72706069069548,0,True,nominal,-0.3324076544115136,-0.3184853237822499
166,4980,train,8.54670364463416,0,True,nominal,-1.6101761074052214,-1.5647967909710514
167,5010,train,8.767323948958545,0,True,nominal,-1.3713486560876433,-1.3318489587098972
168,5040,train,8.634233994942761,0,True,nominal,-1.5154221338706677,-1.4723755361645672
169,5070,train,8.707935054619467,0,True,nominal,-1.4356387417849061,-1.3945563066987459
170,5100,train,10.369985629173136,0,True,nominal,0.363575994579212,0.360364119307983
171,5130,train,9.113092232319511,0,True,nominal,-0.9970451298803029,-0.9667602950882185
172,5160,train,9.822030300605157,0,True,nominal,-0.22960048098832872,-0.2182091283210257
173,5190,train,8.480335045588046,0,True,nominal,-1.6820219123788025,-1.6348738463234462
174,5220,train,8.116406760794002,0,True,nominal,-2.075984131703566,-2.0191372317852094
175,5250,train,9.624288501174114,0,True,nominal,-0.4436613314693871,-0.427000081021158
176,5280,train,9.55713694422655,0,True,nominal,-0.5163547095648746,-0.4979038433552744
177,5310,train,8.864256176594967,0,True,nominal,-1.2664168958499102,-1.2295004809789034
178,5340,train,8.815379581324763,0,True,nominal,-1.3193271332517247,-1.2811081376330218
179,5370,train,9.801864356472747,0,True,nominal,-0.25143066137587267,-0.2395018782586625
180,5400,train,9.6159168579172,0,True,nominal,-0.452723861903797,-0.43583950382557135
181,5430,train,8.770296052011226,0,True,nominal,-1.3681312740823983,-1.3287107844357797
182,5460,train,10.743489137802765,0,True,nominal,0.7679036528940585,0.7547377602276263
183,5490,train,10.587307421739597,0,True,nominal,0.5988327176326872,0.5898291299582733
184,5520,train,10.47729562291066,0,True,nominal,0.4797419675331587,0.4736702381516925
185,5550,train,8.817843207145595,0,True,nominal,-1.316660191613731,-1.278506852605232
186,5580,train,9.900007633921485,0,True,nominal,-0.14518790693486464,-0.13587468128465469
187,5610,train,9.795681493800307,0,True,nominal,-0.25812377758032723,-0.24603021870821343
188,5640,train,8.911190188691124,0,True,nominal,-1.2156095573170411,-1.1799439525777675
189,5670,train,9.823748140670634,0,True,nominal,-0.22774087261789489,-0.21639530107312183
190,5700,train,9.10420332981836,0,True,nominal,-1.0066676074480936,-0.9761458798609578
191,5730,train,10.178936709253506,0,True,nominal,0.15676036733624693,0.15864002193897295
192,5760,train,10.458505487831362,0,True,nominal,0.45940113768685625,0.4538301728955911
193,5790,train,9.69402439472852,0,True,nominal,-0.3681703390425756,-0.3533675779564878
194,5820,train,10.565965109194515,0,True,nominal,0.5757290865957603,0.5672942800583887
195,5850,train,10.966442206999671,0,True,nominal,1.0092563853308594,0.9901487044942373
196,5880,train,9.502316171248676,0,True,nominal,-0.5756996802359077,-0.5557878185731661
197,5910,train,9.53946758449485,0,True,nominal,-0.5354822697595623,-0.5165605080695508
198,5940,train,8.915067063299377,0,True,nominal,-1.2114127356119755,-1.1758504511264556
199,5970,train,9.101293831672466,0,True,nominal,-1.0098172179471128,-0.9792179510745717
200,6000,train,9.431152748169653,0,True,nominal,-0.6527360120143652,-0.6309276167585931
201,6030,train,9.609622194111108,0,True,nominal,-0.4595380058617341,-0.44248589248382547
202,6060,train,9.350638457706799,0,True,nominal,-0.7398949108508646,-0.7159407776587338
203,6090,train,8.625567867127971,0,True,nominal,-1.5248034518102689,-1.4815258983433135
204,6120,train,9.3504590658875,0,True,nominal,-0.7400891073511431,-0.7161301932955167
205,6150,train,8.734411318746496,0,True,nominal,-1.4069774691915553,-1.3666006370986503
206,6180,train,9.106495684220377,0,True,nominal,-1.004186071757047,-0.9737254363285295
207,6210,train,8.753261211305746,0,True,nominal,-1.3865719502556515,-1.3466974753136094
208,6240,train,8.748521658561224,0,True,nominal,-1.3917026443947336,-1.3517018584827156
209,6270,train,9.695330548499784,0,True,nominal,-0.366756392229407,-0.35198844066199725
210,6300,train,10.764547795534249,0,True,nominal,0.7907002199171216,0.7769731056275034
211,6330,train,8.372389203817882,0,True,nominal,-1.798876208039609,-1.748851342270477
212,6360,train,7.533479596977011,0,True,nominal,-2.707018565567361,-2.6346364243602154
213,6390,train,7.834838121998742,0,True,nominal,-2.380789804872964,-2.3164389884886156
214,6420,train,8.050530625365838,0,True,nominal,-2.147296831480406,-2.088694306292594
215,6450,train,9.3848180605752,0,True,nominal,-0.7028945655512555,-0.6798513324006302
216,6480,train,10.10203054527626,0,True,nominal,0.07350736308741213,0.07743659761734294
217,6510,train,10.744115833240786,0,True,nominal,0.7685820676694942,0.7553994733198184
218,6540,train,10.685027693059899,0,True,nominal,0.7046175564894726,0.6930096846300048
219,6570,train,9.846644972286462,0,True,nominal,-0.2029544326082047,-0.19221907075338932
220,6600,train,10.236322552499862,0,True,nominal,0.2188820960058167,0.21923239501022876
221,6630,train,11.535965589043055,0,True,nominal,1.6257808626028951,1.5914951566049185
222,6660,train,12.309616129252497,0,True,nominal,2.4632785140294704,2.4083747127335204
223,6690,train,12.144645679707875,0,True,nominal,2.284693536875568,2.234186263822382
224,6720,train,12.18027379732689,0,True,nominal,2.3232619386020086,2.2718051620117894
225,6750,train,11.507612602283015,0,True,nominal,1.595087986959023,1.5615578993605919
226,6780,train,10.18197035129046,0,True,nominal,0.16004436695774246,0.16184317379087873
227,6810,train,9.563180990653317,0,True,nominal,-0.5098118657039235,-0.49152207574094314
228,6840,train,10.452099273247839,0,True,nominal,0.45246623699282656,0.4470660003739305
229,6870,train,9.930806575941771,0,True,nominal,-0.11184721851315123,-0.10335479694520705
230,6900,train,9.906753546186557,0,True,nominal,-0.1378852743054106,-0.1287518299061972
231,6930,train,9.768606598167102,0,True,nominal,-0.28743308498324166,-0.27461796934959964
232,6960,train,9.704284277207915,0,True,nominal,-0.35706373853780643,-0.3425344074097057
233,6990,train,8.990379655991813,0,True,nominal,-1.129884815414717,-1.096329641546414
234,7020,train,8.668083924442403,0,True,nominal,-1.478778668916542,-1.4366341853252516
235,7050,train,8.946069941186693,0,True,nominal,-1.1778512810939412,-1.1431152356628387
236,7080,train,9.433784181747644,0,True,nominal,-0.6498874139369238,-0.6281491474349773
237,7110,train,9.498358575918514,0,True,nominal,-0.5799838843074385,-0.5599665511515264
238,7140,train,9.734128211220984,0,True,nominal,-0.32475687213465143,-0.31102289374472797
239,7170,train,11.241229517857992,0,True,nominal,1.3067210874473552,1.2802902152375106
240,7200,train,10.917323169101453,0,True,nominal,0.9560836972216328,0.9382850583253888
241,7230,train,10.945507478913955,0,True,nominal,0.986593975503943,0.9680442135160451
242,7260,train,9.848568529364227,0,True,nominal,-0.20087213000349513,-0.19018803171159243
243,7290,train,9.5078874139128,0,True,nominal,-0.5696686592461627,-0.5499052734212921
244,7320,train,8.942821129117695,0,True,nominal,-1.1813682080994798,-1.14654558053166
245,7350,train,9.323083865273466,0,True,nominal,-0.7697235030246455,-0.7450350289600409
246,7380,train,10.744067641579258,0,True,nominal,0.7685298988914095,0.755348588868724
247,7410,train,10.484288309116284,0,True,nominal,0.4873117396330888,0.48105365237673847
248,7440,train,10.500173153527777,0,True,nominal,0.5045075136892935,0.4978260889971793
249,7470,train,10.11577719161298,0,True,nominal,0.08838847984960925,0.09195136077482174
250,7500,train,8.92564729929703,0,True,nominal,-1.1999593437521647,-1.1646790267735967
251,7530,train,10.23612995559368,0,True,nominal,0.21867360464154334,0.21902903643028032
252,7560,train,9.32385022766161,0,True,nominal,-0.7688938949951091,-0.7442258447936446
253,7590,train,9.402517818594523,0,True,nominal,-0.6837340983873734,-0.6611625708436424
254,7620,train,8.529842954034024,0,True,nominal,-1.6284282613754388,-1.5825996008155743
255,7650,train,10.252270537139065,0,True,nominal,0.23614622106763544,0.2360714999240454
256,7680,train,9.915261232519102,0,True,nominal,-0.1286754735591318,-0.11976876239211158
257,7710,train,9.124805089238436,0,True,nominal,-0.984365645214734,-0.9543929627286514
258,7740,train,9.453769808596444,0,True,nominal,-0.6282524318898266,-0.6070467903102988
259,7770,train,9.445159201477672,0,True,nominal,-0.6375736471731202,-0.6161385294814189
260,7800,train,10.693154852569583,0,True,nominal,0.71341542664967,0.7015909627495283
261,7830,train,9.72484551917359,0,True,nominal,-0.3348056375455878,-0.3208242717122288
262,7860,train,11.340450306973539,0,True,nominal,1.414130277434434,1.385055131642139
263,7890,train,11.684276893545325,0,True,nominal,1.7863318643084416,1.7480936029239376
264,7920,train,10.419870876738432,0,True,nominal,0.41757812539328526,0.4130367883886154
265,7950,train,10.215239250326169,0,True,nominal,0.19605885070697068,0.19697102811877776
266,7980,train,11.111205459029899,0,True,nominal,1.1659665241945472,1.143000844984143
267,8010,train,9.975254967798177,0,True,nominal,-0.0637306311721141,-0.05642277696566744
268,8040,train,10.673292084805727,0,True,nominal,0.6919134428876507,0.6806183296663386
269,8070,train,10.815117227307455,0,True,nominal,0.8454429986561783,0.8303681888512412
270,8100,train,9.379005361721271,0,True,nominal,-0.7091869694023494,-0.6859888255101428
271,8130,train,10.509573725421241,0,True,nominal,0.5146838872244442,0.5077519335440062
272,8160,train,10.859604266765068,0,True,nominal,0.8936014230716586,0.8773410159312455
273,8190,train,10.664952111522028,0,True,nominal,0.682885196056508,0.6718123464477815
274,8220,train,10.294255209944932,0,True,nominal,0.28159576584699797,0.280402136436723
275,8250,train,10.174244148013624,0,True,nominal,0.15168054277293402,0.15368525600330513
276,8280,train,11.719817551811335,0,True,nominal,1.8248055889178494,1.7856201548229342
277,8310,train,10.622777547116863,0,True,nominal,0.6372300884808022,0.6272812078255788
278,8340,train,10.555477193764213,0,True,nominal,0.564375634249097,0.5562203348387552
279,8370,train,11.060381143163868,0,True,nominal,1.1109478265256487,1.0893366355932421
280,8400,train,9.397107147858891,0,True,nominal,-0.6895912959180666,-0.6668755718423677
281,8430,train,9.264640442516539,0,True,nominal,-0.8329900901416222,-0.8067440755631625
282,8460,train,9.498115743657786,0,True,nominal,-0.5802467568028099,-0.5602229520703488
283,8490,train,10.016733852148517,0,True,nominal,-0.01882861608685339,-0.01262619068312871
284,8520,train,8.483145025573313,0,True,nominal,-1.6789800329824798,-1.6319068540138773
285,8550,train,8.862930482155582,0,True,nominal,-1.2678519959652597,-1.2309002508089797
286,8580,train,9.926268456866815,0,True,nominal,-0.11675985525239672,-0.10814649100206822
287,8610,train,8.899312796100435,0,True,nominal,-1.228467156301048,-1.1924850143145311
288,8640,train,10.259326709553807,0,True,nominal,0.24378471870741986,0.24352194775616515
289,8670,train,10.647182986409188,0,True,nominal,0.6636496371362232,0.653050341795085
290,8700,train,9.810587452025157,0,True,nominal,-0.2419876743182595,-0.23029136517482082
291,8730,train,10.355176173097096,0,True,nominal,0.3475443575054096,0.3447271601421211
292,8760,train,10.648667713765246,0,True,nominal,0.6652568946886711,0.654618030771635
293,8790,train,11.356833186653816,0,True,nominal,1.431865188150223,1.402353432083718
294,8820,train,11.650128849112383,0,True,nominal,1.7493656818694587,1.712037479481575
295,8850,train,9.418601264627881,0,True,nominal,-0.6663233326996292,-0.6441804354040537
296,8880,train,9.906623388815321,0,True,nominal,-0.13802617318295402,-0.1288892600379124
297,8910,train,9.932841583585773,0,True,nominal,-0.10964426765367727,-0.10120607985066365
298,8940,train,10.702863687973885,0,True,nominal,0.72392550377957,0.7118422955456571
299,8970,train,11.60273801110942,0,True,nominal,1.698063816926827,1.661998599263198
300,9000,train,9.637739610993005,0,True,nominal,-0.4291001409875023,-0.41279736797798133
301,9030,train,9.148894693508765,0,True,nominal,-0.95828799651984,-0.928957311590434
302,9060,train,9.15692066177488,0,True,nominal,-0.9495996686199133,-0.9204828789442023
303,9090,train,10.423959931112735,0,True,nominal,0.4220046374385132,0.4173543255047428
304,9120,train,10.429245644966878,0,True,nominal,0.4277265657625844,0.4229353874475496
305,9150,train,10.404481489605583,0,True,nominal,0.40091869725255597,0.3967874935496694
306,9180,train,10.557930610519163,0,True,nominal,0.5670315242969276,0.5588108403520574
307,9210,train,10.211023276775741,0,True,nominal,0.1914949452180606,0.19251948000560598
308,9240,train,10.759137655611108,0,True,nominal,0.7848435970053181,0.7712606651013032
309,9270,train,11.030550398181818,0,True,nominal,1.0786552376055811,1.0578390479184172
310,9300,train,10.460875027641935,0,True,nominal,0.46196622867196613,0.4563321147001762
311,9330,train,10.178925547422894,0,True,nominal,0.15674828435247437,0.15862823642243565
312,9360,train,9.579701187908947,0,True,nominal,-0.4919283049958179,-0.47407878487516936
313,9390,train,9.925212568001454,0,True,nominal,-0.11790288353060076,-0.10926137942109995
314,9420,train,8.641376126814393,0,True,nominal,-1.507690582791997,-1.4648343257473533
315,9450,train,9.260077973421849,0,True,nominal,-0.837929086436351,-0.8115614802377744
316,9480,train,9.130708153555734,0,True,nominal,-0.977975418303474,-0.9481600548345941
317,9510,train,10.53034117150127,0,True,nominal,0.5371652097521115,0.5296797953550846
318,9540,train,9.915017078817845,0,True,nominal,-0.12893977654964492,-0.12002655858915888
319,9570,train,8.985125153579176,0,True,nominal,-1.1355729565085073,-1.1018777480562982
320,9600,train,9.601698974184208,0,True,nominal,-0.46811510590320543,-0.4508518355558008
321,9630,train,10.110799232937627,0,True,nominal,0.08299970483708516,0.08669525034536639
322,9660,train,9.88213854365889,0,True,nominal,-0.16453168083567687,-0.15474223680678845
323,9690,train,10.177326603815553,0,True,nominal,0.1550173846163361,0.15693994917082216
324,9720,train,9.21227617310258,0,True,nominal,-0.8896758292105645,-0.8620342859781813
325,9750,train,8.987908660613982,0,True,nominal,-1.132559734797645,-1.0989387079175068
326,9780,train,8.648482634053508,0,True,nominal,-1.499997596342335,-1.4573307305484908
327,9810,train,8.640473861431062,0,True,nominal,-1.5086673094925287,-1.4657870067157481
328,9840,train,8.675500328043277,0,True,nominal,-1.4707502112668096,-1.4288033777878937
329,9870,train,7.979155159507088,0,True,nominal,-2.2245627053076227,-2.1640579955021733
330,9900,train,9.544880938508966,0,True,nominal,-0.5296221675072786,-0.5108446738596761
331,9930,train,9.942301283646652,0,True,nominal,-0.09940388627678245,-0.09121780325132466
332,9960,train,9.47686612886427,0,True,nominal,-0.6032500400144674,-0.5826599245769954
333,9990,train,9.519642776717436,0,True,nominal,-0.5569431608087344,-0.537493060088664
334,10020,train,8.42228974842716,0,True,nominal,-1.744857517761356,-1.6961625213979845
335,10050,train,8.738072803559465,0,True,nominal,-1.4030138127701872,-1.3627345607071306
336,10080,train,9.980956827609795,0,True,nominal,-0.05755821358458085,-0.05040231621505413
337,10110,train,11.565584500553674,0,True,nominal,1.6578441360561,1.6227690742593375
338,10140,train,11.203050106160182,0,True,nominal,1.265390840820619,1.239977465152033
339,10170,train,9.78040735540992,0,True,nominal,-0.27465844583771704,-0.2621578250887484
340,10200,train,10.63528062669084,0,True,nominal,0.650765010560699,0.6404829178507091
341,10230,train,11.59690126428304,0,True,nominal,1.6917453804946097,1.6558357144606142
342,10260,train,10.631585505748554,0,True,nominal,0.6467649421188624,0.6365813258549756
343,10290,train,11.38716945947246,0,True,nominal,1.4647050246373432,1.434384794807231
344,10320,train,11.139341879181153,0,True,nominal,1.1964249606222492,1.1727094345987537
345,10350,train,10.601467740781644,0,True,nominal,0.6141616462959496,0.6047806804743175
346,10380,train,11.08430678181153,0,True,nominal,1.1368479779956835,1.1145991592558058
347,10410,train,10.27698253856492,0,True,nominal,0.2628976315308146,0.262164325698246
348,10440,train,10.195465170751694,0,True,nominal,0.17465287431062293,0.17609203882565863
349,10470,train,10.75907139712485,0,True,nominal,0.7847718704004197,0.7711907043114762
350,10500,train,9.924472518971589,0,True,nominal,-0.1187040066375331,-0.1100427799263796
351,10530,train,9.052252211054467,0,True,nominal,-1.0629060997549222,-1.030999854143382
352,10560,train,8.21570413723753,0,True,nominal,-1.9684920338608336,-1.914291448607749
353,10590,train,6.950848055573232,0,True,nominal,-3.3377329801667646,-3.2498234761259854
354,10620,train,8.796492499759795,0,True,nominal,-1.3397729102929716,-1.3010505664215786
355,10650,train,8.3151749422418,0,True,nominal,-1.8608121949066283,-1.8092625462590928
356,10680,train,9.647198592336704,0,True,nominal,-0.41886053764140957,-0.40280985025534505
357,10710,train,10.508767246959412,0,True,nominal,0.513810852459258,0.5069003917513152
358,10740,train,9.434786878561283,0,True,nominal,-0.6488019674945436,-0.627090423262387
359,10770,train,10.305214405064634,0,True,nominal,0.29345939121432574,0.2919736948854315
360,10800,train,10.678283896846988,0,True,nominal,0.6973172145437624,0.6858890675416576
361,10830,train,10.341859010264809,0,True,nominal,0.333128168262284,0.33066587859711516
362,10860,train,9.45431538101305,0,True,nominal,-0.6276618349809605,-0.6064707331238176
363,10890,train,10.428410574304676,0,True,nominal,0.42682257916654337,0.4220536558175416
364,10920,train,10.890846433764237,0,True,nominal,0.9274219145304992,0.9103288911854497
365,10950,train,10.567689372858217,0,True,nominal,0.5775956486851496,0.5691148898337947
366,10980,train,10.110478142515259,0,True,nominal,0.08265211576339844,0.0863562184594325
367,11010,train,10.269443932434685,0,True,nominal,0.2547368863351969,0.25420448736112417
368,11040,train,11.069722880356736,0,True,nominal,1.1210605099048305,1.0992003579523242
369,11070,train,10.936059816084088,0,True,nominal,0.9763666247554488,0.9580686467481019
370,11100,train,11.67579956534887,0,True,nominal,1.7771549270662312,1.739142589857492
371,11130,train,11.083167564146688,0,True,nominal,1.1356147440364448,1.1133962859014632
372,11160,train,10.087101875198188,0,True,nominal,0.057346673629452054,0.06167376316800003
373,11190,train,10.414075147432552,0,True,nominal,0.411304091537295,0.4069172130289866
374,11220,train,8.240645392056988,0,True,nominal,-1.941492450393506,-1.8879565595237269
375,11250,train,8.52134900174318,0,True,nominal,-1.6376231946498145,-1.5915681668754431
376,11280,train,9.064731832290887,0,True,nominal,-1.0493965719604155,-1.0178229132295946
377,11310,train,7.834343046724649,0,True,nominal,-2.381325737258173,-2.3169617269204177
378,11340,train,6.94113147317161,0,True,nominal,-3.348251443630964,-3.260082988795847
379,11370,train,6.770151770446316,0,True,nominal,-3.533341600015114,-3.440616467944491
380,11400,train,8.66010664825924,0,True,nominal,-1.4874142863186455,-1.445057205137081
381,11430,train,9.766543457118816,0,True,nominal,-0.2896664910143849,-0.27679639184937327
382,11460,train,8.726721735321622,0,True,nominal,-1.4153016513953667,-1.3747198888388794
383,11490,train,8.084518516147037,0,True,nominal,-2.1105040197045732,-2.05280728535472
384,11520,train,9.107137875601481,0,True,nominal,-1.0034908822037698,-0.9730473614315562
385,11550,train,8.115698516207772,0,True,nominal,-2.0767508256393605,-2.019885050720453
386,11580,train,9.323813483754973,0,True,nominal,-0.7689336712686508,-0.7442646418274271
387,11610,train,8.74981681975182,0,True,nominal,-1.390300597347692,-1.3503343279976951
388,11640,train,8.005789748370916,0,True,nominal,-2.1957300419010553,-2.13593515450621
389,11670,train,8.49053356669995,0,True,nominal,-1.6709817372153077,-1.6241054658130345
390,11700,train,8.834377492241831,0,True,nominal,-1.2987613804368312,-1.2610486867172317
391,11730,train,7.964855769368162,0,True,nominal,-2.240042182197719,-2.179156387944882
392,11760,train,7.06179135464293,0,True,nominal,-3.2176338558421897,-3.1326810349471
393,11790,train,8.38542442524811,0,True,nominal,-1.7847652279959767,-1.7350877560742086
394,11820,train,9.117533396075292,0,True,nominal,-0.9922374498985117,-0.962070973890906
395,11850,train,9.929438603292802,0,True,nominal,-0.11332808593478785,-0.10479920735043179
396,11880,train,10.424104015367229,0,True,nominal,0.4221606125441641,0.4175064607075749
397,11910,train,10.572494909954084,0,True,nominal,0.5827977726706673,0.5741889443400696
398,11940,train,10.123004628814968,0,True,nominal,0.09621237625748864,0.09958264310018478
399,11970,train,10.603620467424149,0,True,nominal,0.6164920311577934,0.6070536943129942
400,12000,train,10.055180001805786,0,True,nominal,0.022790381601224374,0.027968201790740697
401,12030,train,11.042231776519952,0,True,nominal,1.0913006458553622,1.0701731427789232
402,12060,train,10.364336866371975,0,True,nominal,0.35746105594276,0.3543997224519561
403,12090,train,11.276379857101986,0,True,nominal,1.3447722811500353,1.3174046383873097
404,12120,train,9.433788672738103,0,True,nominal,-0.6498825523181865,-0.6281444055029259
405,12150,train,8.314506174080643,0,True,nominal,-1.8615361545437097,-1.8099686829580874
406,12180,train,7.178146026270338,0,True,nominal,-3.0916767742455247,-3.0098248517319304
407,12210,train,8.140907769548097,0,True,nominal,-2.0494611265188456,-1.9932671882506572
408,12240,train,8.769594662648817,0,True,nominal,-1.3688905470528452,-1.3294513651001225
409,12270,train,9.86751637204244,0,True,nominal,-0.1803605774124414,-0.17018144668111795
410,12300,train,11.377968234465621,0,True,nominal,1.4547444495030082,1.4246694359872254
411,12330,train,10.244339778567138,0,True,nominal,0.22756096023886127,0.22769759697266245
412,12360,train,10.904996430939576,0,True,nominal,0.9427396694936524,0.9252695430832472
413,12390,train,9.321387021344151,0,True,nominal,-0.7715603825093466,-0.7468266868776104
414,12420,train,9.455937405647678,0,True,nominal,-0.6259059494080129,-0.6047580751539727
415,12450,train,7.7226433887993675,0,True,nominal,-2.5022436405175044,-2.4349027897690503
416,12480,train,8.8742090580963,0,True,nominal,-1.2556426322139842,-1.218991465602519
417,12510,train,9.430395558169188,0,True,nominal,-0.6535556906859545,-0.6317271160148304
418,12540,train,9.65334289269743,0,True,nominal,-0.4122091661832134,-0.3963222268510732
419,12570,train,10.321467966950499,0,True,nominal,0.31105431191720945,0.30913545168487694
420,12600,train,9.475120750403772,0,True,nominal,-0.605139459442937,-0.5845028289737302
421,12630,train,9.954937196985112,0,True,nominal,-0.08572516805120556,-0.07787583715328947
422,12660,train,10.194322203921134,0,True,nominal,0.17341558177801053,0.17488520681470313
423,12690,train,10.183886292831602,0,True,nominal,0.162118425537916,0.16386617176522636
424,12720,train,9.794021109819811,0,True,nominal,-0.25992118818351206,-0.24778337941643686
425,12750,train,9.440607867498354,0,True,nominal,-0.6425005894040466,-0.6209441768474918
426,12780,train,9.744030347994922,0,True,nominal,-0.3140375410397194,-0.30056745854212397
427,12810,train,10.000965627115555,0,True,nominal,-0.03589814650907315,-0.02927549162251053
428,12840,train,11.557108271631234,0,True,nominal,1.6486683888077678,1.613819221890679
429,12870,train,9.735077209020115,0,True,nominal,-0.323729556329034,-0.3100208691087577
430,12900,train,11.647791428862998,0,True,nominal,1.7468353611787675,1.709569451972299
431,12930,train,11.759128615512928,0,True,nominal,1.8673608794709353,1.8271277898577485
432,12960,train,11.109321137329456,0,True,nominal,1.1639266949478362,1.1410112336618985
433,12990,train,11.5656744063291,0,True,nominal,1.657941461491623,1.622864003670106
434,13020,train,11.374318339003231,0,True,nominal,1.4507933388673502,1.420815596520603
435,13050,train,11.049019625523385,0,True,nominal,1.0986486761392615,1.0773402741810312
436,13080,train,10.258685143358042,0,True,nominal,0.2430902059341941,0.24284453297780495
437,13110,train,9.665841187415257,0,True,nominal,-0.3986794238396169,-0.3831255690439195
438,13140,train,10.862168573831436,0,True,nominal,0.8963773548832471,0.880048607937302
439,13170,train,11.22475399701205,0,True,nominal,1.2888858901620657,1.2628940971504252
440,13200,train,10.754012571329028,0,True,nominal,0.7792955545410256,0.7658492081761475
441,13230,train,11.580771449008903,0,True,nominal,1.6742844188485706,1.6388046188214815
442,13260,train,10.378200481501564,0,True,nominal,0.3724687945894225,0.36903799022894285
443,13290,train,10.524127462930856,0,True,nominal,0.5304387020281437,0.5231188854414976
444,13320,train,10.092125275229284,0,True,nominal,0.06278464013960273,0.06697785406483706
445,13350,train,10.124792092427484,0,True,nominal,0.09814735400220409,0.10146998422708758
446,13380,train,9.693456980464267,0,True,nominal,-0.368784580342749,-0.35396669744032977
447,13410,train,9.412683676292508,0,True,nominal,-0.6727292822536008,-0.650428678869951
448,13440,train,9.959316930663517,0,True,nominal,-0.0809839877910001,-0.07325137854151284
449,13470,train,10.556863457321878,0,True,nominal,0.5658763020745058,0.557684058187744
450,13500,train,10.06452142821917,0,True,nominal,0.032902728553202365,0.0378315960050162
451,13530,train,10.81327532560371,0,True,nominal,0.8434490902041432,0.8284233678138506
452,13560,train,10.41881799439957,0,True,nominal,0.41643835176139776,0.4119250744907706
453,13590,train,10.139349906185249,0,True,nominal,0.11390658145486394,0.11684124013990144
454,13620,train,10.878522936272777,0,True,nominal,0.9140813949159651,0.897316797691596
455,13650,train,9.814350192574882,0,True,nominal,-0.2379144058210012,-0.2263183752131592
456,13680,train,8.961125459380547,0,True,nominal,-1.161553275117044,-1.12721846524741
457,13710,train,9.149010059924787,0,True,nominal,-0.9581631092516868,-0.9288354988832566
458,13740,train,10.013743002528686,0,True,nominal,-0.02206629175848209,-0.01578415902014237
459,13770,train,9.898836989390821,0,True,nominal,-0.14645516132703598,-0.13711073753342817
460,13800,train,9.804978706458517,0,True,nominal,-0.24805929321513068,-0.236213508766519
461,13830,train,10.205440622267744,0,True,nominal,0.18545157059841974,0.18662488535402458
462,13860,train,11.17128105453418,0,True,nominal,1.2309999824911937,1.2064332647125822
463,13890,train,10.052301861332145,0,True,nominal,0.019674716631227364,0.024929240411683352
464,13920,train,9.114909670335528,0,True,nominal,-0.9950777040324315,-0.9648413046879617
465,13950,train,9.959526443304593,0,True,nominal,-0.08075718468581781,-0.07303015903173354
466,13980,train,8.941963863489374,0,True,nominal,-1.1822962213471317,-1.1474507473085844
467,14010,train,9.480957406723334,0,True,nominal,-0.5988211209867983,-0.5783400397351823
468,14040,train,9.708928865737601,0,True,nominal,-0.35203584573183494,-0.33763029473952916
469,14070,train,10.522003642568523,0,True,nominal,0.5281396089970383,0.5208763930696699
470,14100,train,10.157061876955577,0,True,nominal,0.1330802692522904,0.13554289685575108
471,14130,train,10.188014973615129,0,True,nominal,0.16658783424376117,0.16822554948236879
472,14160,train,8.869996256326074,0,True,nominal,-1.26020310416497,-1.2234396647069732
473,14190,train,9.038503194084425,0,True,nominal,-1.0777897827918617,-1.0455171203972802
474,14220,train,9.450115765148887,0,True,nominal,-0.6322080328317088,-0.6109050095376872
475,14250,train,9.706835484755679,0,True,nominal,-0.3543019873096926,-0.3398406468797312
476,14280,train,9.798731248602998,0,True,nominal,-0.25482233545377136,-0.24281005376287726
477,14310,train,10.621835082345383,0,True,nominal,0.6362098448544574,0.6262860812610899
478,14340,train,8.764192167062184,0,True,nominal,-1.3747388947634573,-1.3351557341497464
479,14370,train,10.038533794466543,0,True,nominal,0.0047704115666902,0.010391859817498135
480,14400,train,10.901498848815109,0,True,nominal,0.9389534421692072,0.921576527716665
481,14430,train,10.711529357409868,0,True,nominal,0.7333063255117049,0.7209921737329152
482,14460,train,11.104043849346043,0,True,nominal,1.1582138878569068,1.1354390683994198
483,14490,train,9.844679601097301,0,True,nominal,-0.20508200012035113,-0.19429426033988595
484,14520,train,10.324118183382794,0,True,nominal,0.3139232429428615,0.3119337533861489
485,14550,train,10.505722707351634,0,True,nominal,0.5105150559223628,0.5036857334086164
486,14580,train,10.754992907872342,0,True,nominal,0.7803567953855174,0.7668843226609671
487,14610,train,10.816117589735757,0,True,nominal,0.8465259180632422,0.8314244482008148
488,14640,train,11.038544627001684,0,True,nominal,1.0873092066958012,1.0662799676238375
489,14670,train,11.16272215082634,0,True,nominal,1.221734737549774,1.197396117966824
490,14700,train,11.330965440729827,0,True,nominal,1.403862652983408,1.3750402826574732
491,14730,train,10.51256196852367,0,True,nominal,0.5179187412704305,0.5109071497201052
492,14760,train,10.280581574421547,0,True,nominal,0.2667936852665354,0.265964463693699
493,14790,train,10.00681637861043,0,True,nominal,-0.02956454964412107,-0.023097819617190103
494,14820,train,10.121381658860647,0,True,nominal,0.09445546735038508,0.09786898698933065
495,14850,train,10.621810620105132,0,True,nominal,0.6361833638172264,0.6262602521523131
496,14880,train,10.694185394211045,0,True,nominal,0.7145310158718896,0.7026790876261967
497,14910,train,10.208766418524121,0,True,nominal,0.18905183507065118,0.1901365160302568
498,14940,train,9.658344385302303,0,True,nominal,-0.4067949150549513,-0.391041267494483
499,14970,train,9.171715147217206,0,True,nominal,-0.9335842376623407,-0.9048617269212139
500,15000,train,8.200359945868888,0,True,nominal,-1.9851025363634223,-1.930493022293687
501,15030,train,10.453714195028367,0,True,nominal,0.4542144335339461,0.44877115860584044
502,15060,train,10.622339279619093,0,True,nominal,0.6367556520511708,0.6268184513994701
503,15090,train,9.909628214119847,0,True,nominal,-0.13477336845434068,-0.12571653510148237
504,15120,train,10.052610001717909,0,True,nominal,0.020008286939750722,0.025254598656091674
505,15150,train,10.6075052227156,0,True,nominal,0.6206973839157416,0.6111555167938397
506,15180,train,10.242742199542898,0,True,nominal,0.22583153770086695,0.22601075055250927
507,15210,train,11.62374884203979,0,True,nominal,1.7208086101430795,1.6841834454595794
508,15240,train,10.948536998276202,0,True,nominal,0.9898735122184736,0.9712430123319103
509,15270,train,11.637041329379066,0,True,nominal,1.7351980874970896,1.698218672727195
510,15300,train,11.009043734326468,0,True,nominal,1.0553736918265266,1.0351306633043393
511,15330,train,11.104704414832598,0,True,nominal,1.1589289678766967,1.136136544085671
512,15360,train,10.636974277329335,0,True,nominal,0.6525984332216502,0.642271204047002
513,15390,train,11.698392740997285,0,True,nominal,1.8016126512716504,1.7629981969255317
514,15420,train,11.397067270291892,0,True,nominal,1.4754196727694242,1.4448356623353962
515,15450,train,13.102949040119626,0,True,nominal,3.322082864467537,3.246036424849575
516,15480,train,12.193407540490929,0,True,nominal,2.3374795710893386,2.2856727750082757
517,15510,train,9.74005031569386,0,True,nominal,-0.31834603373958714,-0.30476988179460257
518,15540,train,11.130149268916584,0,True,nominal,1.1864737111796113,1.1630031718841296
519,15570,train,12.052251888206625,0,True,nominal,2.1846747566033464,2.1366298149247345
520,15600,train,11.660185077854766,0,True,nominal,1.7602518216912892,1.7226556167986926
521,15630,train,10.462735100297689,0,True,nominal,0.46397980767141345,0.45829612202186437
522,15660,train,11.77952477899918,0,True,nominal,1.8894402785407325,1.8486636230400861
523,15690,train,11.27469807943437,0,True,nominal,1.342951711301445,1.3156288885839709
524,15720,train,11.142531028393714,0,True,nominal,1.1998773009707042,1.176076782849399
525,15750,train,11.179714653771033,0,True,nominal,1.2401295819509506,1.2153381053907795
526,15780,train,10.715814758792275,0,True,nominal,0.7379453885080481,0.7255170290741217
527,15810,train,12.616283569877387,0,True,nominal,2.795254319569288,2.7321777087334156
528,15840,train,12.295365497359889,0,True,nominal,2.447851819260831,2.393327802985568
529,15870,train,11.634819897351594,0,True,nominal,1.7327933271962592,1.6958731144754295
530,15900,train,11.172495854491535,0,True,nominal,1.2323150363279844,1.207715943646252
531,15930,train,11.2482123536516,0,True,nominal,1.31428019620964,1.2876632286423184
532,15960,train,10.205876492511937,0,True,nominal,0.18592341193616282,0.18708511057600838
533,15990,train,10.306604222533919,0,True,nominal,0.2949639062452627,0.2934411707267872
534,16020,train,10.084953623194147,0,True,nominal,0.05502113268486805,0.059405473995684396
535,16050,train,9.937458736192216,0,True,nominal,-0.10464607497726937,-0.09633093613175944
536,16080,train,9.758915354649764,0,True,nominal,-0.29792411841931515,-0.28485072728270217
537,16110,train,10.035581109582974,0,True,nominal,0.0015740502551316688,0.007274188735119603
538,16140,train,9.573848374956121,0,True,nominal,-0.4982641334448018,-0.4802586335258455
539,16170,train,9.198293195138378,0,True,nominal,-0.9048127813566832,-0.8767985861875
540,16200,train,9.484012482527675,0,True,nominal,-0.5955139187319242,-0.575114256468343
541,16230,train,8.685371346422786,0,True,nominal,-1.4600645666761802,-1.418380799771976
542,16260,train,8.780640967019458,0,True,nominal,-1.3569326235634485,-1.317787830025607
543,16290,train,8.752988451816416,0,True,nominal,-1.3868672197860743,-1.346985475694911
544,16320,train,9.738276393576523,0,True,nominal,-0.3202663524492223,-0.30664292477266963
545,16350,train,9.706426113048693,0,True,nominal,-0.35474514326363116,-0.3402728929144902
546,16380,train,9.966253062222004,0,True,nominal,-0.07347543762745276,-0.06592767904895894
547,16410,train,10.134375946886198,0,True,nominal,0.1085221358754445,0.111589352558578
548,16440,train,8.738069141814286,0,True,nominal,-1.403017776708462,-1.3627384270584366
549,16470,train,10.176300990944489,0,True,nominal,0.1539071309214873,0.1558570284678287
550,16500,train,11.458913604967414,0,True,nominal,1.5423700041503983,1.5101377642433769
551,16530,train,10.49104822277659,0,True,nominal,0.49462952915188046,0.48819128750176927
552,16560,train,9.41104996454815,0,True,nominal,-0.6744978194391849,-0.6521536769862992
553,16590,train,8.467727410366182,0,True,nominal,-1.6956700187777138,-1.6481859542178958
554,16620,train,8.366741823826338,0,True,nominal,-1.804989649747219,-1.7548142790500891
555,16650,train,8.824954151495616,0,True,nominal,-1.3089624018714068,-1.2709985723644814
556,16680,train,10.907002615496403,0,True,nominal,0.9449114185810576,0.9273878265524849
557,16710,train,10.61145240950943,0,True,nominal,0.6249703204649488,0.6153232592415189
558,16740,train,9.46310480308652,0,True,nominal,-0.6181470476689334,-0.597190187413788
559,16770,train,10.319960216957718,0,True,nominal,0.3094221317373176,0.3075434536433292
560,16800,train,10.855595125145094,0,True,nominal,0.8892614187461189,0.8731078568280479
561,16830,train,9.7524655615587,0,True,nominal,-0.3049061940273672,-0.29166091333378735
562,16860,train,10.993706084464545,0,True,nominal,1.0387702706820312,1.018935996642733
563,16890,train,11.390940014298653,0,True,nominal,1.4687867523004003,1.4383660356811085
564,16920,train,10.573112177489193,0,True,nominal,0.5834659814860009,0.5748407027295303
565,16950,train,10.675687055443,0,True,nominal,0.6945060634310403,0.6831471232875342
566,16980,train,10.445005807478225,0,True,nominal,0.4447873682869139,0.43957617535845617
567,17010,train,10.317009518951805,0,True,nominal,0.3062279212746039,0.30442788045871394
568,17040,train,10.15443335732086,0,True,nominal,0.13023482559731894,0.13276750429685524
569,17070,train,11.491982740842879,0,True,nominal,1.5781682388713492,1.545054693310851
570,17100,train,10.926253818736189,0,True,nominal,0.9657513671915661,0.947714722922519
571,17130,train,10.314158117263315,0,True,nominal,0.3031412017633142,0.30141715193908075
572,17160,train,11.070634138578328,0,True,nominal,1.1220469715962034,1.1001625342488353
573,17190,train,9.588122595369144,0,True,nominal,-0.48281190346430447,-0.4651868172095076
574,17220,train,9.646499196768978,0,True,nominal,-0.4196176522751426,-0.40354832571839716
575,17250,train,9.783645798273955,0,True,nominal,-0.27115274377723103,-0.2587384288215339
576,17280,train,9.361514014509295,0,True,nominal,-0.7281218262258852,-0.7044575309578792
577,17310,train,8.445062279662757,0,True,nominal,-1.7202056362779046,-1.6721175369498076
578,17340,train,10.852114653331089,0,True,nominal,0.8854937137959019,0.8694329078390995
579,17370,train,11.417758564007405,0,True,nominal,1.497818558301164,1.4666831166414183
580,17400,train,11.689018812749401,0,True,nominal,1.7914651202040464,1.7531004847824758
581,17430,train,11.94866049883769,0,True,nominal,2.0725342735358727,2.0272500836787226
582,17460,train,10.954287336976407,0,True,nominal,0.9960984095151588,0.9773146608099695
583,17490,train,10.326139416491696,0,True,nominal,0.316111282495232,0.3140679262704402
584,17520,train,9.911287036995194,0,True,nominal,-0.13297764778973675,-0.12396502272776531
585,17550,train,9.115900504554672,0,True,nominal,-0.9940050991696971,-0.9637951059521452
586,17580,train,9.067897536478513,0,True,nominal,-1.0459696114860768,-1.0144803200338053
587,17610,train,9.421817145614094,0,True,nominal,-0.6628420544826044,-0.6407848616972625
588,17640,train,10.355610628315542,0,True,nominal,0.3480146670394794,0.3451858912714319
589,17670,train,9.704431308398696,0,True,nominal,-0.3569045732938544,-0.34237916060559925
590,17700,train,10.879243868052232,0,True,nominal,0.9148618230818507,0.8980780127381732
591,17730,train,11.728068104456128,0,True,nominal,1.8337370354868836,1.7943317208750553
592,17760,train,9.919939929882165,0,True,nominal,-0.12361065701775048,-0.11482863500053155
593,17790,train,9.697906929752193,0,True,nominal,-0.36396738978459825,-0.34926809980459167
594,17820,train,9.088750773645097,0,True,nominal,-1.023395417784968,-0.9924618734159409
595,17850,train,9.15951150189842,0,True,nominal,-0.9467950140557232,-0.9177472713020947
596,17880,train,8.408815385443866,0,True,nominal,-1.7594438804231367,-1.7103897869149565
597,17910,train,8.735463469181521,0,True,nominal,-1.4058384878653831,-1.3654896960009917
598,17940,train,8.476706878960588,0,True,nominal,-1.6859495009624768,-1.6387047428201977
599,17970,train,8.793251719549033,0,True,nominal,-1.343281142594558,-1.3044724306386717
600,18000,train,8.701005983225693,0,True,nominal,-1.4431396491290434,-1.4018725515280936
601,18030,train,8.791253881548409,0,True,nominal,-1.3454438563089453,-1.3065819011739412
602,18060,train,9.593132872939739,0,True,nominal,-0.4773881423728534,-0.4598965820125667
603,18090,train,9.816235021852282,0,True,nominal,-0.2358740271084936,-0.22432822795224644
604,18120,train,9.806151637878067,0,True,nominal,-0.24678956320383705,-0.23497503784512364
605,18150,train,10.665637347001766,0,True,nominal,0.6836269820117006,0.6725358706042828
606,18180,train,10.12817251039099,0,True,nominal,0.10180674795093662,0.10503928868955197
607,18210,train,8.515408846693031,0,True,nominal,-1.6440535732833808,-1.5978402380089907
608,18240,train,10.663391091709684,0,True,nominal,0.6811953498549984,0.6701641020465424
609,18270,train,11.757768175851329,0,True,nominal,1.8658881667120342,1.8256913333581428
610,18300,train,11.209755752103439,0,True,nominal,1.272649884066753,1.2470578002606985
611,18330,train,10.967581916024631,0,True,nominal,1.010490151200725,0.991352096664264
612,18360,train,10.928646632844748,0,True,nominal,0.9683416532342486,0.9502412395153575
613,18390,train,11.655610970323147,0,True,nominal,1.7553002264735487,1.7178259233700526
614,18420,train,9.697659103563785,0,True,nominal,-0.3642356683418623,-0.34952977369514326
615,18450,train,9.434215564858649,0,True,nominal,-0.6494204300423169,-0.6276936600722415
616,18480,train,9.680876266479629,0,True,nominal,-0.38240354377364344,-0.367250379828466
617,18510,train,10.374418816032264,0,True,nominal,0.3683750393544533,0.3650450178862211
618,18540,train,10.636014811383069,0,True,nominal,0.651559785363401,0.6412581263386941
619,18570,train,10.803418365315045,0,True,nominal,0.8327786638773838,0.8180156334080779
620,18600,train,9.791700975270048,0,True,nominal,-0.2624327966364626,-0.2502331553587578
621,18630,train,11.303308006980252,0,True,nominal,1.3739227323010232,1.3458374436096359
622,18660,train,11.132891240034645,0,True,nominal,1.1894419691362772,1.1658983552174633
623,18690,train,10.65920691016074,0,True,nominal,0.676665860068261,0.6657461223660305
624,18720,train,9.64992086905855,0,True,nominal,-0.41591359940174666,-0.39993546177550426
625,18750,train,10.238624070628122,0,True,nominal,0.22137355167856942,0.221662514307406
626,18780,train,10.913689545148504,0,True,nominal,0.9521502009353923,0.9344483995659708
627,18810,train,11.866283865386404,0,True,nominal,1.9833593380033478,1.9402705182655864
628,18840,train,10.457468543214732,0,True,nominal,0.45827861707069867,0.4527352872668253
629,18870,train,10.624531928148823,0,True,nominal,0.6391292534365662,0.6291336178274897
630,18900,train,9.655440732757517,0,True,nominal,-0.4099381975325397,-0.39410716647426575
631,18930,train,9.319468723229663,0,True,nominal,-0.7736369921439556,-0.7488521731027745
632,18960,train,9.508627706968035,0,True,nominal,-0.5688672719751613,-0.5491236152553168
633,18990,train,9.234961193827807,0,True,nominal,-0.8651186802233779,-0.8380817018362833
634,19020,train,10.14579248926037,0,True,nominal,0.12088085202549302,0.12364381330336269
635,19050,train,10.308955516497061,0,True,nominal,0.2975092456066395,0.2959238471667467
636,19080,train,11.04449637863875,0,True,nominal,1.0937521389486073,1.0725642833229607
637,19110,train,11.42577586448816,0,True,nominal,1.5064975030888148,1.4751483971753092
638,19140,train,10.710011187726137,0,True,nominal,0.731662865734313,0.7193891737827849
639,19170,train,10.207398757546118,0,True,nominal,0.18757130504127217,0.18869243471113414
640,19200,train,9.934360996758288,0,True,nominal,-0.10799946176601724,-0.09960176692973695
641,19230,train,9.675534470518468,0,True,nominal,-0.38818618249662756,-0.3728906575596776
642,19260,train,9.47106271028889,0,True,nominal,-0.6095323977128275,-0.588787618856897
643,19290,train,9.09835122280932,0,True,nominal,-1.0130026716938192,-0.982324983122059
644,19320,train,9.839368521173585,0,True,nominal,-0.21083138790136027,-0.19990210572376488
645,19350,train,10.662692753789958,0,True,nominal,0.6804393801538537,0.6694267433293379
646,19380,train,11.361705036483043,0,True,nominal,1.4371390974645963,1.4074975046580704
647,19410,train,9.931605834706716,0,True,nominal,-0.1109819992652699,-0.10251087826202111
648,19440,train,10.332886968598311,0,True,nominal,0.32341569029754413,0.3211925091193249
649,19470,train,10.505404902152787,0,True,nominal,0.5101710231920638,0.5033501703135538
650,19500,train,10.074714049722893,0,True,nominal,0.04393651723114628,0.048593747256786994
651,19530,train,9.022130474379232,0,True,nominal,-1.0955136950596063,-1.0628046931582011
652,19560,train,10.170396684662807,0,True,nominal,0.1475155595501636,0.14962280921255364
653,19590,train,10.107728503157384,0,True,nominal,0.07967555672956546,0.08345293841057945
654,19620,train,9.172575550725243,0,True,nominal,-0.9326528275749578,-0.9039532469303042
655,19650,train,9.427922866189473,0,True,nominal,-0.6562324466863476,-0.6343379737882714
656,19680,train,8.045541692904104,0,True,nominal,-2.152697485913733,-2.0939620036870705
657,19710,train,9.686429832005498,0,True,nominal,-0.37639165876455455,-0.3613864995544671
658,19740,train,9.921645172220654,0,True,nominal,-0.1217646860277859,-0.11302810939865081
659,19770,train,8.809284801022729,0,True,nominal,-1.3259248979059475,-1.2875434739626246
660,19800,train,10.246988650291916,0,True,nominal,0.23042843558222698,0.23049447882863938
661,19830,train,9.60973484470601,0,True,nominal,-0.45941605854345685,-0.44236694734880844
662,19860,train,10.360778932477697,0,True,nominal,0.3536094961938554,0.3506429830596382
663,19890,train,9.756504282508594,0,True,nominal,-0.30053416927651894,-0.2873965221062147
664,19920,train,10.086007420612793,0,True,nominal,0.056161896915390135,0.060518154104922846
665,19950,train,10.082946471123709,0,True,nominal,0.05284833623778822,0.057286168951395586
666,19980,train,9.133615191938569,0,True,nominal,-0.9748284705645476,-0.9450905808274069
667,20010,train,9.132206581575828,0,True,nominal,-0.9763533294113489,-0.9465778996465248
668,20040,train,9.95657875877456,0,True,nominal,-0.08394813297932131,-0.07614255035747207
669,20070,train,10.068761810131681,0,True,nominal,0.03749305675476844,0.04230891633826449
670,20100,train,10.321261251141113,0,True,nominal,0.31083053645803865,0.3089171852844297
671,20130,train,10.073483453352146,0,True,nominal,0.04260436334927219,0.04729438925874763
672,20160,train,9.932809989989625,0,True,nominal,-0.10967846857670255,-0.1012394387917574
673,20190,train,11.190555995550376,0,True,nominal,1.2518656278872142,1.2267852252469242
674,20220,train,9.876973111138588,0,True,nominal,-0.17012340136001636,-0.16019629649535833
675,20250,train,9.97952702188276,0,True,nominal,-0.05910601698695951,-0.05191201472484185
676,20280,train,10.478652239181011,0,True,nominal,0.48121054136753993,0.4751026576216791
677,20310,train,11.893609197082169,0,True,nominal,2.012939749222941,1.9691226985027523
678,20340,train,10.766687096268011,0,True,nominal,0.7930160708693313,0.7792319433623659
679,20370,train,9.383282384518719,0,True,nominal,-0.7045569764510221,-0.681472816921323
680,20400,train,9.647710471688386,0,True,nominal,-0.41830641438734734,-0.4022693687900563
681,20430,train,9.19941159248398,0,True,nominal,-0.9036020859566004,-0.8756176965225057
682,20460,train,8.460382727667726,0,True,nominal,-1.7036208366091923,-1.6559410333276394
683,20490,train,9.120910193156496,0,True,nominal,-0.9885819756528829,-0.9585054926335886
684,20520,train,10.836086320453562,0,True,nominal,0.8681426095911818,0.8525089650949621
685,20550,train,9.547054018135581,0,True,nominal,-0.5272697499892082,-0.5085501697799126
686,20580,train,9.32438285495934,0,True,nominal,-0.7683173115278322,-0.7436634560561743
687,20610,train,10.936784623700186,0,True,nominal,0.9771512486194148,0.9588339542001677
688,20640,train,10.495713735994242,0,True,nominal,0.49968007349897786,0.49311749406179617
689,20670,train,9.855661081319637,0,True,nominal,-0.1931942505261948,-0.1826991715712176
690,20700,train,9.186801168816496,0,True,nominal,-0.917253210923375,-0.8889327486716311
691,20730,train,10.32007488196773,0,True,nominal,0.30954625971448013,0.30766452575226577
692,20760,train,10.315538667957075,0,True,nominal,0.30463568525890694,0.3028748432083539
693,20790,train,10.643845610597246,0,True,nominal,0.66003683748165,0.6495264845362828
694,20820,train,10.803375608638776,0,True,nominal,0.8327323786179587,0.8179704876311196
695,20850,train,11.216586979461793,0,True,nominal,1.280044872594046,1.2542707338557495
696,20880,train,10.421852340127757,0,True,nominal,0.41972311314770133,0.4151289693538325
697,20910,train,8.817501392085436,0,True,nominal,-1.3170302156688136,-1.278867767152703
698,20940,train,9.40323323206062,0,True,nominal,-0.6829596439450711,-0.6604071824553978
699,20970,train,9.994556662320825,0,True,nominal,-0.04283602438117905,-0.03604256802802232
700,21000,train,8.637021736836939,0,True,nominal,-1.5124043278099037,-1.4694320245365646
701,21030,train,8.490623506961505,0,True,nominal,-1.6708843744476163,-1.6240104999891665
702,21060,train,9.461633532180782,0,True,nominal,-0.6197397382496622,-0.5987436680383842
703,21090,train,9.376029440810663,0,True,nominal,-0.7124084843421442,-0.6891310309713744
704,21120,train,9.946197490471848,0,True,nominal,-0.09518613692357882,-0.08710388936316285
705,21150,train,9.463445041688036,0,True,nominal,-0.6177787301730032,-0.596830937412218
706,21180,train,9.075970874811846,0,True,nominal,-1.0372300042061444,-1.0059558704387424
707,21210,train,10.335079206098918,0,True,nominal,0.3257888467327873,0.32350724155128224
708,21240,train,10.712922755133803,0,True,nominal,0.7348147162652141,0.7224634298816295
709,21270,train,9.904603957619564,0,True,nominal,-0.14021226211556986,-0.13102153032415265
710,21300,train,10.560369949462215,0,True,nominal,0.5696721747323121,0.5613864814322126
711,21330,train,10.235819253310012,0,True,nominal,0.21833726100919135,0.21870097313764375
712,21360,train,10.770815847603457,0,True,nominal,0.7974855559495376,0.7835913955736327
713,21390,train,9.725793503020826,0,True,nominal,-0.3337794193703429,-0.31982331768440886
714,21420,train,8.882738144635358,0,True,nominal,-1.2464096651648806,-1.2099858021096428
715,21450,train,9.309723443888261,0,True,nominal,-0.7841865208222536,-0.7591419862018499
716,21480,train,9.205280651546463,0,True,nominal,-0.8972486706541525,-0.8694206939836642
717,21510,train,8.441746707904539,0,True,nominal,-1.7237948324541166,-1.6756183718169722
718,21540,train,8.671348813038707,0,True,nominal,-1.4752443386350256,-1.4331868656263136
719,21570,train,9.749810820361919,0,True,nominal,-0.3077800232330552,-0.29446399262831796
720,21600,train,9.832979461776155,0,True,nominal,-0.2177477176420771,-0.20664816448466056
721,21630,train,8.989651233999869,0,True,nominal,-1.130673351938372,-1.0970987653336122
722,21660,train,8.786000717198027,0,True,nominal,-1.3511305489141254,-1.3121285948551074
723,21690,train,10.138704458210597,0,True,nominal,0.11320786655091983,0.1161597266817776
724,21720,train,11.574646582549743,0,True,nominal,1.6676540851148676,1.6323375152204793
725,21750,train,11.574982681396664,0,True,nominal,1.6680179212143902,1.632692394151752
726,21780,train,11.255493045910976,0,True,nominal,1.3221617426586827,1.295350741740336
727,21810,train,9.94242830491655,0,True,nominal,-0.09926638231382703,-0.0910836844558467
728,21840,train,9.139521579225294,0,True,nominal,-0.968434646448935,-0.9388541642874569
729,21870,train,10.265073032138663,0,True,nominal,0.2500052684505284,0.2495893557117227
730,21900,train,11.281800351520603,0,True,nominal,1.3506401130834735,1.3231280119837125
731,21930,train,11.182741030777283,0,True,nominal,1.2434057169800556,1.218533586266259
732,21960,train,11.454669397565613,0,True,nominal,1.5377755347531261,1.5056564046652372
733,21990,train,12.70867996429412,0,True,nominal,2.895275917567977,2.8297369059887956
734,22020,train,11.622903673027851,0,True,nominal,1.7198936918101,1.683291051217679
735,22050,train,11.192968526345677,0,True,nominal,1.2544772577769983,1.229332560229303
736,22080,train,9.958913261614285,0,True,nominal,-0.0814209704635569,-0.07367760327299243
737,22110,train,9.97127011889467,0,True,nominal,-0.06804433797450715,-0.06063028595629618
738,22140,train,8.64698872422103,0,True,nominal,-1.501614794174065,-1.4589081150876657
739,22170,train,8.994709388214707,0,True,nominal,-1.1251977630835726,-1.0917579783049771
740,22200,train,9.361233361715882,0,True,nominal,-0.7284256404716368,-0.7047538656948095
741,22230,train,7.923394099534788,0,True,nominal,-2.284925562102391,-2.2229347978205714
742,22260,train,9.26805750887069,0,True,nominal,-0.8292910233179944,-0.8031360749200227
743,22290,train,9.334452795218045,0,True,nominal,-0.7574163286184328,-0.7330308410688636
744,22320,train,9.847855041484395,0,True,nominal,-0.20164449994654296,-0.19094138691822407
745,22350,train,10.62744095260844,0,True,nominal,0.6422783511573698,0.6322051888868159
746,22380,train,10.462871124442575,0,True,nominal,0.46412705749023847,0.45843974674300464
747,22410,train,10.388359825810387,0,True,nominal,0.3834665598031194,0.3797650048669761
748,22440,train,11.32419650518107,0,True,nominal,1.3965350970261565,1.3678931215309065
749,22470,train,11.470104720952806,0,True,nominal,1.554484690132613,1.521954202523451
750,22500,train,10.933850872838942,0,True,nominal,0.973975383899541,0.9557362751102313
751,22530,train,11.241940664104972,0,True,nominal,1.3074909225094558,1.281041097968644
752,22560,train,10.7547179686062,0,True,nominal,0.7800591661876937,0.7665940207041855
753,22590,train,9.628772501260391,0,True,nominal,-0.43880728000031266,-0.4222655299418461
754,22620,train,11.02212050731493,0,True,nominal,1.0695296525566915,1.0489381228215495
755,22650,train,11.132950893830513,0,True,nominal,1.1895065459850493,1.1659613422687958
756,22680,train,10.617074157595148,0,True,nominal,0.6310560149406816,0.6212591318897619
757,22710,train,10.344278208170868,0,True,nominal,0.33574701547993374,0.3332202532262002
758,22740,train,11.41195581105361,0,True,nominal,1.4915369211561866,1.460556125175819
759,22770,train,11.437042513076834,0,True,nominal,1.518693955158645,1.4870445885690113
760,22800,train,10.738867136663462,0,True,nominal,0.762900211549586,0.749857497055991
761,22830,train,9.912485593167315,0,True,nominal,-0.13168017829015893,-0.12269949522795662
762,22860,train,9.697482322294418,0,True,nominal,-0.3644270388511766,-0.3497164329131584
763,22890,train,9.482931330388537,0,True,nominal,-0.5966842951878337,-0.5762558197887632
764,22920,train,10.202380229815603,0,True,nominal,0.18213861292838662,0.18339348836280953
765,22950,train,9.856859356129892,0,True,nominal,-0.19189708560845228,-0.18143394115483835
766,22980,train,11.112254473949406,0,True,nominal,1.1671021112402966,1.144108475364117
767,23010,train,10.442863218809725,0,True,nominal,0.44246795805635164,0.43731386597001254
768,23040,train,9.691204220335445,0,True,nominal,-0.3712232541612996,-0.35634533430342624
769,23070,train,10.023466265413898,0,True,nominal,-0.011540596489965482,-0.005517592583514467
770,23100,train,9.618237108716217,0,True,nominal,-0.45021212760788254,-0.4333896051383755
771,23130,train,9.541758464932972,0,True,nominal,-0.533002329674332,-0.5141416208612133
772,23160,train,9.98411209408507,0,True,nominal,-0.054142552216396966,-0.04707074395622459
773,23190,train,9.667311728127292,0,True,nominal,-0.3970875237133368,-0.38157285941381874
774,23220,train,9.763542741464372,0,True,nominal,-0.29291484693554243,-0.27996477750216037
775,23250,train,11.492076059228708,0,True,nominal,1.578269258550009,1.545153226017329
776,23280,train,10.936417035682151,0,True,nominal,0.9767533246397928,0.9584458265877586
777,23310,train,10.77523642650784,0,True,nominal,0.8022709522724883,0.7882589817066
778,23340,train,11.282882767631175,0,True,nominal,1.3518118578226745,1.3242709099020817
779,23370,train,10.650678539237372,0,True,nominal,0.6674336676925118,0.6567412144750655
780,23400,train,12.40260334253379,0,True,nominal,2.563939689441696,2.506557741844177
781,23430,train,11.511789009945803,0,True,nominal,1.599609061303569,1.5659676707760775
782,23460,train,11.324886900238486,0,True,nominal,1.3972824683638492,1.3686220935651057
783,23490,train,11.216504988779953,0,True,nominal,1.2799561154615795,1.2541841618076381
784,23520,train,10.279078471677627,0,True,nominal,0.26516653585933053,0.26437737257380356
785,23550,train,9.811606183341864,0,True,nominal,-0.2408848700922768,-0.22921571054452666
786,23580,train,9.937442033027798,0,True,nominal,-0.10466415660488321,-0.09634857261338314
787,23610,train,10.764251861765759,0,True,nominal,0.7903798636022139,0.7766606360654944
788,23640,train,10.088708170056242,0,True,nominal,0.059085531293474415,0.06336981243373571
789,23670,train,10.280543430950729,0,True,nominal,0.26675239392688455,0.26592418889275066
790,23700,train,11.260745199209616,0,True,nominal,1.3278473407729845,1.3008963678755558
791,23730,train,10.008664351634877,0,True,nominal,-0.02756406882308445,-0.021146588013915037
792,23760,train,11.355878619827203,0,True,nominal,1.4308318437216114,1.4013455272415563
793,23790,train,10.19437973441,0,True,nominal,0.1734778600894779,0.17494595191570878
794,23820,train,11.164878570678002,0,True,nominal,1.2240691204105005,1.199673031378887
795,23850,train,10.543430676909631,0,True,nominal,0.5513349536714659,0.5435006987374185
796,23880,train,11.00465730737442,0,True,nominal,1.0506252659164241,1.0304991374210763
797,23910,train,11.626542879282345,0,True,nominal,1.7238332310888687,1.6871336041990637
798,23940,train,11.139157662018269,0,True,nominal,1.1962255405569235,1.1725149239942536
799,23970,train,10.480917712502265,0,True,nominal,0.48366297756102583,0.47749471804806476
800,24000,train,9.939785302835753,0,True,nominal,-0.10212750360869959,-0.09387436869168242
801,24030,train,10.074774400432897,0,True,nominal,0.044001848508336425,0.04865747016349783
802,24060,train,8.168767639075337,0,True,nominal,-2.0193020636274808,-1.963850601988012
803,24090,train,10.346744631738419,0,True,nominal,0.3384169857544815,0.33582449232947886
804,24120,train,9.571640367281981,0,True,nominal,-0.5006543615197715,-0.4825900173161182
805,24150,train,10.334451932141613,0,True,nominal,0.3251098056945669,0.322844917614075
806,24180,train,10.38441186166612,0,True,nominal,0.37919278175102283,0.3755964416331067
807,24210,train,9.669142561115512,0,True,nominal,-0.39510559744547175,-0.3796397255749173
808,24240,train,11.435653729466045,0,True,nominal,1.5171905593075146,1.4855782043547212
809,24270,train,9.622787542972763,0,True,nominal,-0.44528615935121185,-0.4285849077685877
810,24300,train,9.566191375328282,0,True,nominal,-0.5065530428063248,-0.48834348079496614
811,24330,train,11.35254453941647,0,True,nominal,1.4272226114280486,1.3978251495200087
812,24360,train,10.551918931056942,0,True,nominal,0.5605237185512272,0.5524632482604693
813,24390,train,9.596055413772596,0,True,nominal,-0.47422441281214783,-0.4568107393300734
814,24420,train,10.184095994651512,0,True,nominal,0.1623454334343073,0.16408759102452333
815,24450,train,9.02947699031586,0,True,nominal,-1.0875608926981826,-1.0550476783750407
816,24480,train,9.885470268824754,0,True,nominal,-0.16092499815843747,-0.15122434593334957
817,24510,train,9.04256354157668,0,True,nominal,-1.0733943467235068,-1.0412298942081757
818,24540,train,10.518696936369205,0,True,nominal,0.5245600100283143,0.5173849191393146
819,24570,train,9.426697776879395,0,True,nominal,-0.6575586390259792,-0.6356315170094304
820,24600,train,9.602998488888456,0,True,nominal,-0.46670834605979117,-0.44947970829728207
821,24630,train,9.497520096478993,0,True,nominal,-0.5808915609971984,-0.5608518820299787
822,24660,train,10.01934038122464,0,True,nominal,-0.01600697780681352,-0.009874017442011848
823,24690,train,9.915784201665126,0,True,nominal,-0.1281093453025095,-0.11921657147170275
824,24720,train,10.160532772399286,0,True,nominal,0.136837607522443,0.13920773437872094
825,24750,train,10.192303605006613,0,True,nominal,0.1712303938123613,0.17275381531480277
826,24780,train,10.429527883365862,0,True,nominal,0.4280320964692881,0.42323339638841123
827,24810,train,11.193433544525934,0,True,nominal,1.2549806525445257,1.229823562076956
828,24840,train,10.021849353196108,0,True,nominal,-0.013290947733299611,-0.007224852471692535
829,24870,train,8.895330343497392,0,True,nominal,-1.2327782690433255,-1.1966899931074066
830,24900,train,9.35577158627564,0,True,nominal,-0.7343381602284043,-0.7105208269588593
831,24930,train,9.968125533176359,0,True,nominal,-0.07144843713416493,-0.06395058065303037
832,24960,train,10.488800643246366,0,True,nominal,0.492196463471545,0.48581812071186997
833,24990,train,9.370512426542971,0,True,nominal,-0.718380801624865,-0.6949563176246061
834,25020,train,8.964838355003163,0,True,nominal,-1.157533965102614,-1.1232981053813995
835,25050,train,8.54274803429442,0,True,nominal,-1.6144581626708907,-1.5689734276443361
836,25080,train,8.892440796880155,0,True,nominal,-1.2359062814725135,-1.1997409979673814
837,25110,train,10.086480331003226,0,True,nominal,0.05667383521406446,0.06101748915317518
838,25140,train,9.374128903675818,0,True,nominal,-0.714465867235526,-0.6911377637924987
839,25170,train,9.176966969279455,0,True,nominal,-0.9278989981203984,-0.8993164505307718
840,25200,train,9.538156434780007,0,True,nominal,-0.5369016248168902,-0.5179449204643126
841,25230,train,9.430953880796816,0,True,nominal,-0.6529512913285266,-0.6311375961779937
842,25260,train,9.73976073465467,0,True,nominal,-0.318659513053069,-0.3050756436579539
843,25290,train,9.864630215415492,0,True,nominal,-0.1834849200853798,-0.17322887212943558
844,25320,train,9.82033420298176,0,True,nominal,-0.2314365525766716,-0.2199999982315873
845,25350,train,10.022969188128087,0,True,nominal,-0.012078696107050178,-0.006042444892781693
846,25380,train,11.220740003482955,0,True,nominal,1.2845406335135694,1.2586558150295832
847,25410,train,10.949088055772915,0,True,nominal,0.9904700468750295,0.9718248610865099
848,25440,train,10.448856833249994,0,True,nominal,0.4489562079267947,0.44364238362637953
849,25470,train,11.419335454015346,0,True,nominal,1.4995255844189914,1.4683481180119362
850,25500,train,11.403655294268113,0,True,nominal,1.4825513870523783,1.451791803153191
851,25530,train,8.927596002797848,0,True,nominal,-1.1978498194638203,-1.1626214362103633
852,25560,train,9.355212391478306,0,True,nominal,-0.7349435037331487,-0.7111112676993422
853,25590,train,10.827772679240093,0,True,nominal,0.8591428679388348,0.8437307852950324
854,25620,train,10.446613487166612,0,True,nominal,0.4465277250672582,0.44127368683423335
855,25650,train,9.396426670651213,0,True,nominal,-0.6903279309149554,-0.6675940718504123
856,25680,train,9.523135195643304,0,True,nominal,-0.5531625227865336,-0.5338054964230254
857,25710,train,9.52774679784357,0,True,nominal,-0.5481703385750545,-0.5289362132485128
858,25740,train,9.648928538875218,0,True,nominal,-0.4169878236862082,-0.4009832400650061
859,25770,train,9.799250199216136,0,True,nominal,-0.25426055736777425,-0.24226210591759034
860,25800,train,9.341366226246093,0,True,nominal,-0.749932352393557,-0.725731110536796
861,25830,train,9.371076247571224,0,True,nominal,-0.7177704500999258,-0.6943609921548266
862,25860,train,9.15082611410681,0,True,nominal,-0.9561971814415734,-0.9269179696410302
863,25890,train,8.799101824927552,0,True,nominal,-1.3369482451680519,-1.2982954408525385
864,25920,train,9.477659311040366,0,True,nominal,-0.602391398838499,-0.5818224220222074
865,25950,train,9.506768894700997,0,True,nominal,-0.5708794865697064,-0.5510862917619646
866,25980,train,9.245486255898825,0,True,nominal,-0.853725015632631,-0.8269685343453492
867,26010,train,9.924714794955507,0,True,nominal,-0.11844173632686564,-0.1097869663672624
868,26040,train,8.275451297522427,0,True,nominal,-1.9038141155794588,-1.8512058159650602
869,26070,train,9.381874999774233,0,True,nominal,-0.7060805085328858,-0.6829588416387185
870,26100,train,11.258399195011966,0,True,nominal,1.3253077277259406,1.2984192767755705
871,26130,train,10.41521206878714,0,True,nominal,0.4125348396785248,0.408117661762904
872,26160,train,10.009635139613188,0,True,nominal,-0.02651316455867549,-0.020121555636114622
873,26190,train,10.749282794431977,0,True,nominal,0.7741754430214506,0.7608551470963165
874,26220,train,10.624267585889916,0,True,nominal,0.6388430957859201,0.6288545050034186
875,26250,train,10.818935420914572,0,True,nominal,0.8495762965891012,0.8343997304024825
876,26280,train,10.685710871925666,0,True,nominal,0.7053571161043721,0.6937310372557952
877,26310,train,10.077882254415238,0,True,nominal,0.04736618456952825,0.05193898067717211
878,26340,train,11.042402742956991,0,True,nominal,1.0914857216512823,1.0703536622511436
879,26370,train,11.203912486301535,0,True,nominal,1.2663243906670707,1.240888032223946
880,26400,train,10.220926515553144,0,True,nominal,0.20221546926157263,0.20297607878795837
881,26430,train,9.83985232536659,0,True,nominal,-0.21030765676652255,-0.19939126816353026
882,26460,train,8.585875622871136,0,True,nominal,-1.5677713806324352,-1.5234360130334608
883,26490,train,9.58547895897405,0,True,nominal,-0.4856737114215736,-0.46797817120301105
884,26520,train,10.204277738777774,0,True,nominal,0.18419271774287993,0.1853970238070543
885,26550,train,11.207394589316753,0,True,nominal,1.2700938614367554,1.2445647035601994
886,26580,train,9.725074223474547,0,True,nominal,-0.3345580589490928,-0.320582788176523
887,26610,train,9.185885653947041,0,True,nominal,-0.9182442805512806,-0.8898994194633127
888,26640,train,9.259928290995388,0,True,nominal,-0.8380911217146908,-0.811719526419781
889,26670,train,9.841174423592193,0,True,nominal,-0.20887644964993657,-0.19799529549168646
890,26700,train,11.490211114102305,0,True,nominal,1.576250404969193,1.5431840739675573
891,26730,train,11.273126130568667,0,True,nominal,1.3412500341038407,1.3139691044502657
892,26760,train,10.623737484294265,0,True,nominal,0.6382692464595117,0.6282947830958493
893,26790,train,10.643428710956906,0,True,nominal,0.659585532336085,0.6490862899323221
894,26820,train,11.126329365133351,0,True,nominal,1.1823385619347504,1.1589698245978255
895,26850,train,9.79687386896335,0,True,nominal,-0.2568329991903866,-0.24477121759168613
896,26880,train,9.838025292258882,0,True,nominal,-0.21228546956087438,-0.20132038979724892
897,26910,train,10.61515992615252,0,True,nominal,0.6289838075884399,0.619237939568539
898,26940,train,9.713885135327581,0,True,nominal,-0.3466705497413197,-0.33239708530931156
899,26970,train,10.336337209877268,0,True,nominal,0.3271506698752732,0.3248355383915953
900,27000,train,10.20075456271569,0,True,nominal,0.18037878428817247,0.18167698439884997
901,27030,train,10.203129673686659,0,True,nominal,0.1829499062052138,0.1841848086617212
902,27060,train,9.546920089975318,0,True,nominal,-0.5274147308479431,-0.5086915813997887
903,27090,train,8.660164097913807,0,True,nominal,-1.487352095512495,-1.4449965453871259
904,27120,train,8.47705754588247,0,True,nominal,-1.6855698945274706,-1.6383344817984467
905,27150,train,9.589940199456287,0,True,nominal,-0.48084429783994503,-0.46326765145862453
906,27180,train,9.495461991353588,0,True,nominal,-0.583119515505508,-0.563024987216271
907,27210,train,9.026037423591436,0,True,nominal,-1.0912843167816846,-1.0586794366342174
908,27240,train,10.432227825101217,0,True,nominal,0.43095485648149684,0.4260842018770913
909,27270,train,9.783059843646603,0,True,nominal,-0.27178705552232113,-0.25935712464222516
910,27300,train,9.817059222970268,0,True,nominal,-0.2349818070882897,-0.22345797322038932
911,27330,train,11.012706239153351,0,True,nominal,1.0593384524405662,1.038997816704753
912,27360,train,11.651533280786074,0,True,nominal,1.750886017172252,1.713520386120414
913,27390,train,11.52477248792151,0,True,nominal,1.6136640276570595,1.5796766222658933
914,27420,train,10.734161729264342,0,True,nominal,0.7578064806711696,0.7448891671604843
915,27450,train,8.600011788341012,0,True,nominal,-1.5524685988648506,-1.5085099657107675
916,27480,train,8.53372810155865,0,True,nominal,-1.6242224840144626,-1.5784973641848712
917,27510,train,9.358855013194864,0,True,nominal,-0.7310002671242436,-0.7072651084112467
918,27540,train,10.21604140553589,0,True,nominal,0.1969272054347253,0.19781800509042907
919,27570,train,9.74982074653785,0,True,nominal,-0.30776927787892205,-0.29445351181073026
920,27600,train,10.01830464862558,0,True,nominal,-0.017128186381145053,-0.010967623329702891
921,27630,train,9.815550121446716,0,True,nominal,-0.23661545033682602,-0.2250513983117477
922,27660,train,9.617803989734112,0,True,nominal,-0.45068099062994305,-0.4338469253669081
923,27690,train,8.6952961518984,0,True,nominal,-1.449320696098073,-1.4079014292161327
924,27720,train,8.361572307647524,0,True,nominal,-1.8105857909424365,-1.7602726505784099
925,27750,train,7.336043120938035,0,True,nominal,-2.9207488952118252,-2.8431049932138635
926,27780,train,9.024450725356996,0,True,nominal,-1.0930019605701926,-1.06035479428227
927,27810,train,10.726236567046245,0,True,nominal,0.7492272780469021,0.7365211732685475
928,27840,train,11.405537006929396,0,True,nominal,1.4845883919435767,1.4537786596518563
929,27870,train,11.149638774119085,0,True,nominal,1.207571628115262,1.183581685737005
930,27900,train,9.84936737193914,0,True,nominal,-0.20000736129258886,-0.18934455247375132
931,27930,train,10.12245096641649,0,True,nominal,0.09561302172426163,0.0989980438905844
932,27960,train,9.87203778018356,0,True,nominal,-0.175466030711416,-0.16540739730942863
933,27990,train,10.087638292442376,0,True,nominal,0.05792735981635824,0.06224015362151585
934,28020,train,10.28168285468846,0,True,nominal,0.267985850965603,0.26712727983464857
935,28050,train,8.856096596770282,0,True,nominal,-1.2752498618786698,-1.2381159909526704
936,28080,train,9.203498614133691,0,True,nominal,-0.8991777743907655,-0.8713023057128508
937,28110,train,10.013724938612414,0,True,nominal,-0.02208584643681189,-0.015803232287902674
938,28140,train,10.33479553614758,0,True,nominal,0.3254817663319103,0.32320772106768814
939,28170,train,9.078782675493361,0,True,nominal,-1.0341861538568498,-1.0029869556984818
940,28200,train,10.318664831514111,0,True,nominal,0.3080198419303215,0.30617568637478654
941,28230,train,9.977921692551345,0,True,nominal,-0.06084382944226056,-0.05360704451352601
942,28260,train,10.702281154672058,0,True,nominal,0.7232948957119715,0.7112272122227683
943,28290,train,10.024817991959516,0,True,nominal,-0.010077315914966394,-0.0040903360597967335
944,28320,train,9.736363802746475,0,True,nominal,-0.322336783793938,-0.3086623848093458
945,28350,train,9.575841758643376,0,True,nominal,-0.4961062416452095,-0.47815386619614386
946,28380,train,9.001026754459419,0,True,nominal,-1.1183590431213069,-1.0850876186714336
947,28410,train,9.02383078002102,0,True,nominal,-1.0936730681774485,-1.0610093800991922
948,28440,train,7.967212628317066,0,True,nominal,-2.2374908185886193,-2.1766678355662883
949,28470,train,8.332585587461681,0,True,nominal,-1.841964700174027,-1.790879052162031
950,28500,train,10.165427464430206,0,True,nominal,0.1421362441384557,0.14437592550093173
951,28530,train,9.883068091175662,0,True,nominal,-0.16352542048720525,-0.15376074927018563
952,28560,train,9.478390557054052,0,True,nominal,-0.601599805234866,-0.5810503164163368
953,28590,train,9.986528195528205,0,True,nominal,-0.051527057003679724,-0.04451963881010078
954,28620,train,10.594987492008029,0,True,nominal,0.6071466015871421,0.5979383369785574
955,28650,train,10.860583352516187,0,True,nominal,0.8946613098997418,0.8783748097337671
956,28680,train,9.992934041370388,0,True,nominal,-0.04459255548213158,-0.03775585563381805
957,28710,train,9.667347546430495,0,True,nominal,-0.39704874943056717,-0.3815350397031078
958,28740,train,9.723035220466336,0,True,nominal,-0.3367653348984713,-0.3227357238829221
959,28770,train,9.823320014068345,0,True,nominal,-0.22820433125366754,-0.21684734996427876
960,28800,train,10.724529002860475,0,True,nominal,0.7473787935944061,0.7347181960822909
961,28830,train,10.139405891675924,0,True,nominal,0.11396718726396989,0.11690035391336329
962,28860,train,11.430069624653857,0,True,nominal,1.5111456146943287,1.4796820783607798
963,28890,train,9.667178993586182,0,True,nominal,-0.39723121244702825,-0.3817130107190775
964,28920,train,9.687902330772985,0,True,nominal,-0.3747976389902448,-0.3598317224592951
965,28950,train,9.53773967193637,0,True,nominal,-0.5373527818763205,-0.5183849706278253
966,28980,train,11.086901373033479,0,True,nominal,1.1396566932254373,1.1173387275952091
967,29010,train,11.380934909323393,0,True,nominal,1.4579559553403307,1.4278018787569786
968,29040,train,10.786663949907165,0,True,nominal,0.8146415556795074,0.8003250370596574
969,29070,train,9.53932999541464,0,True,nominal,-0.5356312136632366,-0.5167057851693901
970,29100,train,10.34092920298218,0,True,nominal,0.3321216267102408,0.3296841167798044
971,29130,train,9.414419362780755,0,True,nominal,-0.6708503546474407,-0.6485960080006019
972,29160,train,9.043662226051538,0,True,nominal,-1.0722049910396043,-1.0400698189034983
973,29190,train,8.36583708701977,0,True,nominal,-1.8059690518303027,-1.7557695695366213
974,29220,train,8.93038628266226,0,True,nominal,-1.1948292659815787,-1.1596752447988015
975,29250,train,8.894223249605375,0,True,nominal,-1.233976728148934,-1.1978589477194705
976,29280,train,9.945758149704105,0,True,nominal,-0.09566173519700741,-0.08756777902999607
977,29310,train,10.610037694525246,0,True,nominal,0.6234388532001919,0.6138294946950401
978,29340,train,10.373192576867476,0,True,nominal,0.3670476022659721,0.3637502605602989
979,29370,train,9.882941486948402,0,True,nominal,-0.16366247299021555,-0.15389442772007103
980,29400,train,11.126062898972508,0,True,nominal,1.1820501051027674,1.1586884691952506
981,29430,train,10.893483752077865,0,True,nominal,0.9302768829935596,0.9131135740641342
982,29460,train,11.067210734699492,0,True,nominal,1.1183410442305564,1.0965478419612356
983,29490,train,10.719559806639255,0,True,nominal,0.7419995041756684,0.7294713377237263
984,29520,train,11.38615330433766,0,True,nominal,1.4636050091980075,1.4333118603073092
985,29550,train,10.758141203855478,0,True,nominal,0.7837649110072791,0.7702085349397687
986,29580,train,10.460059371045908,0,True,nominal,0.4610832583280716,0.45547088192971213
987,29610,train,9.677673723109221,0,True,nominal,-0.3858703836605289,-0.37063187065789577
988,29640,train,9.26796890273818,0,True,nominal,-0.8293869418548813,-0.803229632068157
989,29670,train,8.964918655949791,0,True,nominal,-1.1574470371542536,-1.123213317485277
990,29700,train,10.538915922152466,0,True,nominal,0.5464476094386687,0.5387336745186226
991,29730,train,9.697541367487812,0,True,nominal,-0.3643631208310557,-0.3496540884709788
992,29760,train,10.48248100483497,0,True,nominal,0.48535528382733945,0.47914536195053437
993,29790,train,10.487008093373973,0,True,nominal,0.49025597971283436,0.48392540912182525
994,29820,train,9.878792482782588,0,True,nominal,-0.1681538823075126,-0.15827526442242582
995,29850,train,10.38035197762725,0,True,nominal,0.3747978473835012,0.37130970479361813
996,29880,train,9.907759643891863,0,True,nominal,-0.13679614630574438,-0.12768951481143953
997,29910,train,9.67696595414788,0,True,nominal,-0.38663656271950725,-0.37137918739191544
998,29940,train,9.993413635212178,0,True,nominal,-0.04407338216645175,-0.03724946368520309
999,29970,train,10.44694140397589,0,True,nominal,0.4468827038895558,0.44161992654284576
1000,30000,train,11.13084476481928,0,True,nominal,1.1872266043203907,1.1637375297818557
1001,30030,train,10.231799074548489,0,True,nominal,0.2139853086791646,0.21445616017418107
1002,30060,train,10.334098532214027,0,True,nominal,0.32472724070690717,0.32247177087536183
1003,30090,train,9.805205685981669,0,True,nominal,-0.24781358173729698,-0.23597384638345845
1004,30120,train,9.998197371827356,0,True,nominal,-0.03889485779138975,-0.032198427797883164
1005,30150,train,10.409758887702962,0,True,nominal,0.40663162354483406,0.4023597750789158
1006,30180,train,10.923009161166293,0,True,nominal,0.962238937543762,0.944288764692375
1007,30210,train,10.329651059818852,0,True,nominal,0.3199127314522058,0.31777578853289395
1008,30240,train,9.432866580582315,0,True,nominal,-0.650880742036586,-0.6291180210977989
1009,30270,train,9.928099626657914,0,True,nominal,-0.11477756438629846,-0.10621300154086454
1010,30300,train,11.007688729554992,0,True,nominal,1.0539068624832995,1.0336999453784192
1011,30330,train,11.347742777614164,0,True,nominal,1.422024574300002,1.3927550812581266
1012,30360,train,11.052628851378358,0,True,nominal,1.1025557608240206,1.0811511715580047
1013,30390,train,10.182527700818145,0,True,nominal,0.1606477129081428,0.16243166615418922
1014,30420,train,10.119959632385845,0,True,nominal,0.09291608519912183,0.09636750241048526
1015,30450,train,10.445588115662652,0,True,nominal,0.44541773265883305,0.440191020985134
1016,30480,train,10.116509267892685,0,True,nominal,0.08918097223868247,0.09272434303921223
1017,30510,train,9.477844472497381,0,True,nominal,-0.6021909565492158,-0.5816269143595648
1018,30540,train,10.77232071226839,0,True,nominal,0.7991146126839334,0.7851803470648215
1019,30570,train,10.049353263997993,0,True,nominal,0.01648278020255722,0.021815885277371817
1020,30600,train,9.655238457090912,0,True,nominal,-0.4101571664169629,-0.39432074463154054
1021,30630,train,11.012661954311836,0,True,nominal,1.0592905129008972,1.0389510573737637
1022,30660,train,11.034298972911875,0,True,nominal,1.0827131712196,1.0617970805215808
1023,30690,train,9.877199917293012,0,True,nominal,-0.16987787755852288,-0.15995681716829233
1024,30720,train,9.855417104047088,0,True,nominal,-0.19345836252785573,-0.18295678148130812
1025,30750,train,10.24964968716868,0,True,nominal,0.2333090800319116,0.23330420558478537
1026,30780,train,8.959831595419926,0,True,nominal,-1.1629539178775237,-1.1285846260175643
1027,30810,train,9.813658262125397,0,True,nominal,-0.23866343926216807,-0.2270489684320221
1028,30840,train,9.461974620698975,0,True,nominal,-0.6193705006959245,-0.5983835206296249
1029,30870,train,9.787590334305982,0,True,nominal,-0.2668826767494289,-0.2545734852514011
1030,30900,train,8.952670376441107,0,True,nominal,-1.1707061312663862,-1.1361459900659545
1031,30930,train,9.425793790651538,0,True,nominal,-0.6585372285872917,-0.6365860149774133
1032,30960,train,9.740311646960746,0,True,nominal,-0.31806313556930715,-0.30449394820675996
1033,30990,train,9.799360956287277,0,True,nominal,-0.25414065984022327,-0.24214516011013648
1034,31020,train,10.666911819283927,0,True,nominal,0.6850066327553408,0.6738815561535588
1035,31050,train,10.337136273843555,0,True,nominal,0.32801567824833516,0.32567925139142373
1036,31080,train,10.102808994881402,0,True,nominal,0.07435005585653123,0.07825854439417057
1037,31110,train,10.227205954232051,0,True,nominal,0.20901313160720814,0.2096063915896196
1038,31140,train,10.668730720622058,0,True,nominal,0.686975642689011,0.6758020916414965
1039,31170,train,10.065561463578243,0,True,nominal,0.03402859498171792,0.0389297450766217
1040,31200,train,10.805526923030323,0,True,nominal,0.8350612346799128,0.8202420103069575
1041,31230,train,11.236588406120624,0,True,nominal,1.3016969583631808,1.2753897736312299
1042,31260,train,11.255742744400147,0,True,nominal,1.3224320480322025,1.295614392549582
1043,31290,train,11.818197853883373,0,True,nominal,1.9313049289295074,1.8894976205668956
1044,31320,train,11.15254665963735,0,True,nominal,1.2107194929012224,1.1866520542147292
1045,31350,train,9.746045437019651,0,True,nominal,-0.31185615262477806,-0.29843977305296937
1046,31380,train,10.054968767510802,0,True,nominal,0.022561714759084486,0.027745164426766743
1047,31410,train,9.75669190936061,0,True,nominal,-0.3003310581304123,-0.28719841129050827
1048,31440,train,9.083966076291386,0,True,nominal,-1.028574982185499,-0.997513923724665
1049,31470,train,8.967016816538475,0,True,nominal,-1.1551757215226988,-1.1209979186698034
1050,31500,train,9.522691689086049,0,True,nominal,-0.5536426306398716,-0.5342737846498169
1051,31530,train,10.521938610401866,0,True,nominal,0.5280692099163021,0.5208077271220991
1052,31560,train,9.706126326879357,0,True,nominal,-0.35506966990673416,-0.3405894301366762
1053,31590,train,10.26603985718091,0,True,nominal,0.2510518827293781,0.2506102037177897
1054,31620,train,9.18083455318947,0,True,nominal,-0.9237122338476611,-0.8952327589109768
1055,31650,train,8.886080037646902,0,True,nominal,-1.242791975519463,-1.2064571752451663
1056,31680,train,8.80131452243663,0,True,nominal,-1.3345529402198142,-1.2959591051749686
1057,31710,train,9.640694340538719,0,True,nominal,-0.42590156627382625,-0.4096775379845465
1058,31740,train,9.496562879010378,0,True,nominal,-0.581927774817527,-0.5618625856231918
1059,31770,train,10.033143057944404,0,True,nominal,-0.0010652066383059194,0.004699906889733836
1060,31800,train,10.691647109516323,0,True,nominal,0.7117832539819974,0.6999989720352587
1061,31830,train,9.609595990991876,0,True,nominal,-0.4595663714475846,-0.4425135597461031
1062,31860,train,10.068799617478803,0,True,nominal,0.03753398423141998,0.042348836234044056
1063,31890,train,9.560062704121915,0,True,nominal,-0.5131874952818686,-0.4948146017397795
1064,31920,train,10.332989784769161,0,True,nominal,0.32352699158558085,0.3213010703154227
1065,31950,train,10.042865953466496,0,True,nominal,0.009460090949689842,0.014966085436214468
1066,31980,train,9.457923862814027,0,True,nominal,-0.6237555557547919,-0.6026606213760992
1067,32010,train,9.180738094143734,0,True,nominal,-0.923816653375683,-0.8953346077669782
1068,32040,train,9.808924245997101,0,True,nominal,-0.24378813986431608,-0.2320475056172236
1069,32070,train,9.371531731136274,0,True,nominal,-0.7172773768114493,-0.6938800576849288
1070,32100,train,10.061334663567179,0,True,nominal,0.029452969556111583,0.0344667655562454
1071,32130,train,10.236716332239395,0,True,nominal,0.21930837323293328,0.21964817785031382
1072,32160,train,9.812681446422937,0,True,nominal,-0.23972086870113063,-0.2280803653431247
1073,32190,train,9.670579228284776,0,True,nominal,-0.39355036634615087,-0.37812278222835793
1074,32220,train,9.24226499017246,0,True,nominal,-0.8572121229766283,-0.8303697936736413
1075,32250,train,8.660056593923748,0,True,nominal,-1.4874684714917177,-1.4451100563421588
1076,32280,train,9.136332269273593,0,True,nominal,-0.9718871608018591,-0.9422216822588092
1077,32310,train,8.995485168619712,0,True,nominal,-1.1243579597958517,-1.0909388498743002
1078,32340,train,8.635767069573362,0,True,nominal,-1.5137625390848333,-1.4707567984287697
1079,32370,train,10.064564491671819,0,True,nominal,0.03294934590636316,0.03787706569999744
1080,32400,train,9.781877374695425,0,True,nominal,-0.27306711016977037,-0.26060566602075624
1081,32430,train,10.752332365243328,0,True,nominal,0.777476685972401,0.7640751177694898
1082,32460,train,10.97820836015387,0,True,nominal,1.0219935646137677,1.0025723111052283
1083,32490,train,10.994721162212192,0,True,nominal,1.0398691198206096,1.0200077935546947
1084,32520,train,10.5869094307229,0,True,nominal,0.5984018815840458,0.5894089005288787
1085,32550,train,11.952983777330449,0,True,nominal,2.0772143395294522,2.0318149325770753
1086,32580,train,11.695492264802427,0,True,nominal,1.7984728072788385,1.7599356517795335
1087,32610,train,11.341134381641622,0,True,nominal,1.4148708067795885,1.3857774301246955
1088,32640,train,11.441966767943967,0,True,nominal,1.524024594345083,1.4922439944002779
1089,32670,train,10.789685297358684,0,True,nominal,0.817912246079472,0.8035152073456352
1090,32700,train,8.477597730900165,0,True,nominal,-1.6849851296237552,-1.6377641130407876
1091,32730,train,8.978039587076626,0,True,nominal,-1.1432432740440006,-1.1093592324199693
1092,32760,train,9.767240445930302,0,True,nominal,-0.28891198175942884,-0.2760604576240849
1093,32790,train,10.522214102751917,0,True,nominal,0.5283674378424289,0.521098613067277
1094,32820,train,9.867835752547435,0,True,nominal,-0.18001483937059512,-0.1698442202570449
1095,32850,train,9.265836182447703,0,True,nominal,-0.831695669299111,-0.8054815216664764
1096,32880,train,8.975500743117806,0,True,nominal,-1.1459916413524176,-1.1120399385248207
1097,32910,train,9.886818487859472,0,True,nominal,-0.15946551455893154,-0.1498007929085613
1098,32940,train,10.602191520244405,0,True,nominal,0.614945157156098,0.6055449023232621
1099,32970,train,11.828480974311734,0,True,nominal,1.9424366851430535,1.9003553275218512
1100,33000,train,10.397224759268829,0,True,nominal,0.39306309023336794,0.38912528128671636
1101,33030,train,8.90623898656581,0,True,nominal,-1.2209693676398854,-1.1851718113902676
1102,33060,train,9.855121241435192,0,True,nominal,-0.19377864181382481,-0.18326917591073005
1103,33090,train,9.4727835273578,0,True,nominal,-0.6076695666555959,-0.5869706482605235
1104,33120,train,9.340045387015454,0,True,nominal,-0.751362196614014,-0.7271257538652284
1105,33150,train,8.54807519262584,0,True,nominal,-1.6086913695783218,-1.563348605444872
1106,33180,train,8.862670978587726,0,True,nominal,-1.268132915601866,-1.2311742545720563
1107,33210,train,7.995252857111788,0,True,nominal,-2.2071365119081308,-2.1470608121608943
1108,33240,train,9.023433680188479,0,True,nominal,-1.094102939495118,-1.061428668548028
1109,33270,train,9.538071308323717,0,True,nominal,-0.5369937765100788,-0.5180348035035071
1110,33300,train,10.014082283646312,0,True,nominal,-0.021699010764782006,-0.01542592000347511
1111,33330,train,9.200149652350502,0,True,nominal,-0.9028031161728302,-0.8748383963283921
1112,33360,train,9.501590451701135,0,True,nominal,-0.5764852912903448,-0.5565540889123666
1113,33390,train,8.249576181375266,0,True,nominal,-1.9318246292123584,-1.8785267474380045
1114,33420,train,8.17047061557107,0,True,nominal,-2.017458545473633,-1.9620524688366352
1115,33450,train,9.040780559071699,0,True,nominal,-1.0753244735480183,-1.0431125038381768
1116,33480,train,9.424500503140372,0,True,nominal,-0.6599372473256322,-0.6379515670880361
1117,33510,train,9.25907376053554,0,True,nominal,-0.8390161740684345,-0.812621805196127
1118,33540,train,10.763425011615686,0,True,nominal,0.7894847759330702,0.7757875842824586
1119,33570,train,9.994163598107438,0,True,nominal,-0.04326152703187536,-0.03645759536074412
1120,33600,train,10.779458967871088,0,True,nominal,0.8068419675965575,0.7927174646201011
1121,33630,train,10.127024987267601,0,True,nominal,0.10056452310800594,0.10382764579529831
1122,33660,train,9.435759135448569,0,True,nominal,-0.647749473096408,-0.6260638398978696
1123,33690,train,8.57379944602537,0,True,nominal,-1.580844168953377,-1.5361869664275196
1124,33720,train,9.344096324196087,0,True,nominal,-0.7469769474627134,-0.7228484638046224
1125,33750,train,10.217871362071756,0,True,nominal,0.19890818291919252,0.1997502135037373
1126,33780,train,9.909391574876414,0,True,nominal,-0.13502953684085336,-0.12596639695782574
1127,33810,train,11.052146406753112,0,True,nominal,1.1020335014580824,1.0806417695336468
1128,33840,train,12.61129425710381,0,True,nominal,2.7898532534380953,2.7269096097765355
1129,33870,train,11.596468135238945,0,True,nominal,1.6912765065801723,1.6553783836078608
1130,33900,train,9.870111845863638,0,True,nominal,-0.17755090674510815,-0.16744094642575696
1131,33930,train,9.728792734441145,0,True,nominal,-0.33053267017280274,-0.31665649919980804
1132,33960,train,10.483012163889134,0,True,nominal,0.4859302778812129,0.4797062004038777
1133,33990,train,9.974665696682768,0,True,nominal,-0.06436853310529819,-0.05704497458872392
1134,34020,train,9.892816126429311,0,True,nominal,-0.15297290845930134,-0.14346802626766433
1135,34050,train,9.773767332528513,0,True,nominal,-0.28184645034307465,-0.2691688703373949
1136,34080,train,9.94363749250763,0,True,nominal,-0.09795740401544785,-0.08980693148878993
1137,34110,train,10.002196389115552,0,True,nominal,-0.03456581332905176,-0.027975958740409423
1138,34140,train,10.047344130942525,0,True,nominal,0.014307839285560599,0.019694488557206926
1139,34170,train,11.033242493598914,0,True,nominal,1.0815695037658863,1.0606815686627031
1140,34200,train,10.937538108827471,0,True,nominal,0.9779669166655013,0.9596295415672493
1141,34230,train,10.656948181784072,0,True,nominal,0.6742207254598648,0.6633611837692726
1142,34260,train,10.301710502879297,0,True,nominal,0.2896663222529141,0.28827400631402456
1143,34290,train,9.911254410867686,0,True,nominal,-0.1330129664559084,-0.12399947189463308
1144,34320,train,8.975973076770416,0,True,nominal,-1.145480327388049,-1.1115412124405812
1145,34350,train,8.158607120632057,0,True,nominal,-2.0303010998735096,-1.974578856367226
1146,34380,train,9.21423333427072,0,True,nominal,-0.8875571492684086,-0.8599677651613421
1147,34410,train,9.90069221013143,0,True,nominal,-0.14444683465706798,-0.13515185323574663
1148,34440,train,10.183252978016494,0,True,nominal,0.1614328451076058,0.16319746942719798
1149,34470,train,9.967640031628061,0,True,nominal,-0.07197400570205215,-0.06446321041111931
1150,34500,train,9.327508883760927,0,True,nominal,-0.7649333007328394,-0.7403627551748769
1151,34530,train,8.614309280220413,0,True,nominal,-1.5369911768920737,-1.4934135775960058
1152,34560,train,9.333878648221129,0,True,nominal,-0.7580378582839596,-0.7336370694880495
1153,34590,train,10.137183049004006,0,True,nominal,0.11156089990234287,0.11455330619503776
1154,34620,train,10.445421488572658,0,True,nominal,0.44523735432354944,0.4400150833282216
1155,34650,train,10.432017762894448,0,True,nominal,0.43072745845657645,0.4258624020937187
1156,34680,train,10.315225033750533,0,True,nominal,0.3042961677406814,0.30254368416675714
1157,34710,train,10.816346634713028,0,True,nominal,0.8467738654510686,0.8316662914486924
1158,34740,train,11.01840990903454,0,True,nominal,1.0655128294774068,1.045020188665598
1159,34770,train,10.0538666049776,0,True,nominal,0.021368593982877857,0.026581416721426544
1160,34800,train,10.238013701056747,0,True,nominal,0.22071281009569674,0.2210180393169229
1161,34830,train,11.210540837537602,0,True,nominal,1.2734997603004115,1.2478867536545768
1162,34860,train,10.151873287672604,0,True,nominal,0.12746348090553808,0.13006438648172455
1163,34890,train,9.241622268442367,0,True,nominal,-0.8579078866470427,-0.8310484285537395
1164,34920,train,9.763758596883056,0,True,nominal,-0.2926811776019092,-0.27973686080148186
1165,34950,train,10.325718425808944,0,True,nominal,0.3156555486855177,0.3136234120302413
1166,34980,train,10.482916629161016,0,True,nominal,0.48582685895203254,0.4796053275132848
1167,35010,train,11.364564578043279,0,True,nominal,1.4402346286073855,1.4105168278783764
1168,35040,train,10.689559434559165,0,True,nominal,0.7095232893304007,0.6977946447534832
1169,35070,train,10.204019476965323,0,True,nominal,0.18391314234011133,0.18512433118453883
1170,35100,train,9.72804273860342,0,True,nominal,-0.33134456096848897,-0.317448402307447
1171,35130,train,10.778423678299056,0,True,nominal,0.8057212386109763,0.7916243265143135
1172,35160,train,9.733557762437426,0,True,nominal,-0.325374398384112,-0.3116252173067079
1173,35190,train,8.990153929766823,0,True,nominal,-1.1301291701633651,-1.0965679806011848
1174,35220,train,9.376535322239743,0,True,nominal,-0.7118608540016552,-0.6885968825726306
1175,35250,train,10.433539236513587,0,True,nominal,0.43237449483348034,0.42746889059216536
1176,35280,train,10.608782662342733,0,True,nominal,0.6220802468906365,0.612504335493444
1177,35310,train,11.675112639063142,0,True,nominal,1.7764113107677872,1.738417280418393
1178,35340,train,10.433416125188845,0,True,nominal,0.4322412234919942,0.4273389002165596
1179,35370,train,10.21727976422561,0,True,nominal,0.19826776223700426,0.19912555913997834
1180,35400,train,10.17744340695701,0,True,nominal,0.15514382717866337,0.15706327888286817
1181,35430,train,10.3413724481244,0,True,nominal,0.33260145157472687,0.33015212898455887
1182,35460,train,9.421846406623018,0,True,nominal,-0.6628103786483888,-0.6407539656805991
1183,35490,train,9.029534326250793,0,True,nominal,-1.087498824996613,-1.0549871386989929
1184,35520,train,9.016643479130408,0,True,nominal,-1.1014535159418282,-1.0685982834297534
1185,35550,train,8.998200158692677,0,True,nominal,-1.1214189095508418,-1.088072155197015
1186,35580,train,10.324903391170261,0,True,nominal,0.31477325162728387,0.31276283597002674
1187,35610,train,9.747533966689463,0,True,nominal,-0.31024477896476743,-0.2968680693020339
1188,35640,train,10.417381375342982,0,True,nominal,0.4148831727453516,0.4104081819452639
1189,35670,train,11.147850135638933,0,True,nominal,1.2056353785445284,1.181693104094775
1190,35700,train,10.406116260168407,0,True,nominal,0.40268838063779,0.3985136096477333
1191,35730,train,9.933076622433807,0,True,nominal,-0.10938983173850388,-0.10095790781448424
1192,35760,train,8.957777078327007,0,True,nominal,-1.1651779882435438,-1.1307539426840632
1193,35790,train,9.656555613709799,0,True,nominal,-0.40873130872341024,-0.39292998968694115
1194,35820,train,9.939214561698408,0,True,nominal,-0.10274534633904858,-0.09447700094320584
1195,35850,train,9.633518287811581,0,True,nominal,-0.43366983759677263,-0.4172545646417148
1196,35880,train,10.496661328135856,0,True,nominal,0.5007058676422834,0.4941180344967877
1197,35910,train,10.38196101088376,0,True,nominal,0.37653966943797823,0.373008645470398
1198,35940,train,12.136251895047641,0,True,nominal,2.275607037772726,2.2253234624267617
1199,35970,train,11.890502386941254,0,True,nominal,2.0095765431483477,1.9658422901568868
1200,36000,train,12.135370363313358,0,True,nominal,2.2746527558085203,2.2243926736346804
1201,36030,train,10.146010385642839,0,True,nominal,0.12111673075767013,0.12387388501008664
1202,36060,train,9.87724946615108,0,True,nominal,-0.1698242395784461,-0.15990449968503476
1203,36090,train,9.115184484250792,0,True,nominal,-0.9947802105303264,-0.9645511350862479
1204,36120,train,8.914082067049783,0,True,nominal,-1.2124790207146465,-1.1768904856864246
1205,36150,train,8.716573634070386,0,True,nominal,-1.4262872456948914,-1.385435032194707
1206,36180,train,10.81229534521696,0,True,nominal,0.8423882349087723,0.8273886293864376
1207,36210,train,9.940111046109175,0,True,nominal,-0.10177487769780091,-0.09353042396887194
1208,36240,train,10.455163207529596,0,True,nominal,0.4557830287892908,0.4503011371004055
1209,36270,train,11.276145747413231,0,True,nominal,1.3445188510749329,1.317157447428736
1210,36300,train,10.697526744815589,0,True,nominal,0.7181481183470463,0.706207141775775
1211,36330,train,10.950064391197078,0,True,nominal,0.9915269563997349,0.9728557508829635
1212,36360,train,10.227608800836483,0,True,nominal,0.20944922396100618,0.21003174792082224
1213,36390,train,8.38547384867777,0,True,nominal,-1.784711725795546,-1.73503557102788
1214,36420,train,10.472156917894438,0,True,nominal,0.4741791802554626,0.46824439941112783
1215,36450,train,10.411240537401245,0,True,nominal,0.4082355494494328,0.4039242144284232
1216,36480,train,11.849989482536802,0,True,nominal,1.9657202275022525,1.9230656595628854
1217,36510,train,11.008660275901631,0,True,nominal,1.0549585877019514,1.0347257784996446
1218,36540,train,11.253013975770644,0,True,nominal,1.3194780821267742,1.2927331494159027
1219,36570,train,9.60203776398572,0,True,nominal,-0.46774835677249704,-0.450494115308355
1220,36600,train,10.184851541811472,0,True,nominal,0.16316333368658023,0.16488535564379853
1221,36630,train,9.801327289285851,0,True,nominal,-0.2520120511433529,-0.24006895497152017
1222,36660,train,10.216632408222047,0,True,nominal,0.19756698184011548,0.19844203103864091
1223,36690,train,10.110364783452873,0,True,nominal,0.08252940150989276,0.08623652527012789
1224,36720,train,10.25299659181633,0,True,nominal,0.23693219490907114,0.23683812411890381
1225,36750,train,10.51196517585243,0,True,nominal,0.5172726970494607,0.5102770102617242
1226,36780,train,10.597816752552559,0,True,nominal,0.6102093527107648,0.6009256871808364
1227,36810,train,10.579003741069359,0,True,nominal,0.5898437585380061,0.5810614672635618
1228,36840,train,11.100464878405184,0,True,nominal,1.1543395549356343,1.1316601164804114
1229,36870,train,10.45032617620095,0,True,nominal,0.4505468114442844,0.44519382856850004
1230,36900,train,10.937712052804654,0,True,nominal,0.9781552157292246,0.9598132049546411
1231,36930,train,12.826465648534745,0,True,nominal,3.022782109053981,2.9541040620367154
1232,36960,train,10.6594692313465,0,True,nominal,0.6769498298525178,0.6660231011861173
1233,36990,train,8.828415587950614,0,True,nominal,-1.305215303212575,-1.2673437223670125
1234,37020,train,9.093642226944898,0,True,nominal,-1.0181002871830604,-0.9872971019943598
1235,37050,train,11.221942305637791,0,True,nominal,1.2858421581408348,1.259925297825147
1236,37080,train,11.382115099880597,0,True,nominal,1.4592335435646293,1.4290480144324667
1237,37110,train,11.383882744545621,0,True,nominal,1.461147066762214,1.43091442919509
1238,37140,train,10.832521226552881,0,True,nominal,0.8642832989415347,0.8487446656189264
1239,37170,train,10.677301049635231,0,True,nominal,0.6962532558327208,0.6848513021006032
1240,37200,train,11.511632727264695,0,True,nominal,1.5994398810709143,1.5658026555391733
1241,37230,train,11.914846478230839,0,True,nominal,2.035929680930197,1.9915466482015496
1242,37260,train,10.731828345296295,0,True,nominal,0.7552805293642829,0.742425401466506
1243,37290,train,9.53476043816311,0,True,nominal,-0.5405778830796114,-0.5215306740634427
1244,37320,train,9.48317451079351,0,True,nominal,-0.5964210458168924,-0.5759990512725538
1245,37350,train,10.214676493950842,0,True,nominal,0.19544965169764242,0.19637682679118432
1246,37380,train,10.392641086316736,0,True,nominal,0.388101140189042,0.38428548795375966
1247,37410,train,10.937694046033354,0,True,nominal,0.9781357229118732,0.9597941920249229
1248,37440,train,10.564146715248269,0,True,nominal,0.5737606259275401,0.5653742803137047
1249,37470,train,10.2963820861336,0,True,nominal,0.28389816689282615,0.2826478553842836
1250,37500,train,11.259367841169368,0,True,nominal,1.3263563134112395,1.2994420476546416
1251,37530,train,11.005930939863845,0,True,nominal,1.0520040075616968,1.031843936252796
1252,37560,train,11.022245814755511,0,True,nominal,1.0696653012530188,1.0490704320246338
1253,37590,train,10.939870453298653,0,True,nominal,0.9804917426888934,0.9620922096807387
1254,37620,train,10.392008889037369,0,True,nominal,0.38741676952142096,0.3836179655956474
1255,37650,train,9.571254432965823,0,True,nominal,-0.5010721458637208,-0.48299751635669647
1256,37680,train,10.676034081849709,0,True,nominal,0.6948817289098278,0.6835135403742475
1257,37710,train,9.223516206351135,0,True,nominal,-0.8775081889668533,-0.8501661971011741
1258,37740,train,9.120826184267038,0,True,nominal,-0.9886729175497249,-0.958594195660038
1259,37770,train,9.435077286746917,0,True,nominal,-0.6484875927726466,-0.6267837880344029
1260,37800,train,9.702299015085774,0,True,nominal,-0.3592128385233226,-0.344630599368279
1261,37830,train,9.515191468666501,0,True,nominal,-0.561761822264623,-0.5421930924105641
1262,37860,train,9.08701262097602,0,True,nominal,-1.0252770150986321,-0.9942971482680918
1263,37890,train,9.824446448693662,0,True,nominal,-0.22698493528073557,-0.2156579739231437
1264,37920,train,9.189984927375917,0,True,nominal,-0.9138067061028614,-0.8855710922858723
1265,37950,train,9.498800338020146,0,True,nominal,-0.579505664874533,-0.5595001048547296
1266,37980,train,10.495443004172412,0,True,nominal,0.49938699897351074,0.492831634647303
1267,38010,train,11.528122271127618,0,True,nominal,1.6172902586516686,1.5832135802027312
1268,38040,train,9.815538329646298,0,True,nominal,-0.23662821527996608,-0.22506384899870607
1269,38070,train,10.229467162768138,0,True,nominal,0.21146095105530913,0.21199394892884518
1270,38100,train,10.801397515074083,0,True,nominal,0.830591038789922,0.8158818647851122
1271,38130,train,11.848634528419003,0,True,nominal,1.9642534529930014,1.921634995121001
1272,38160,train,11.333319101478892,0,True,nominal,1.4064105544546117,1.3775254581314713
1273,38190,train,12.346465930870206,0,True,nominal,2.5031694217537925,2.4472835585552426
1274,38220,train,11.962639035806902,0,True,nominal,2.0876664181847024,2.042009694745039
1275,38250,train,11.573126351135693,0,True,nominal,1.6660083934585974,1.6307323383374055
1276,38280,train,11.175379183050278,0,True,nominal,1.2354363175405396,1.2107603830033313
1277,38310,train,11.201354416295253,0,True,nominal,1.263555210641854,1.2381870257841239
1278,38340,train,11.044247449898737,0,True,nominal,1.0934826668493876,1.0723014452738933
1279,38370,train,10.43019433085813,0,True,nominal,0.4287535439194798,0.42393708274726716
1280,38400,train,9.574986147273728,0,True,nominal,-0.4970324641130694,-0.4790572862799291
1281,38430,train,8.536153948219917,0,True,nominal,-1.621596439339327,-1.575935969290277
1282,38460,train,9.645803182989557,0,True,nominal,-0.4203711060314967,-0.4042832304300767
1283,38490,train,10.590914610958245,0,True,nominal,0.6027375976034961,0.5936378768984664
1284,38520,train,9.504836468245871,0,True,nominal,-0.5729713905154906,-0.5531266957723937
1285,38550,train,9.801866541465605,0,True,nominal,-0.25142829606195843,-0.239499571175679
1286,38580,train,11.862996177158806,0,True,nominal,1.979800326503801,1.9367991249678809
1287,38610,train,10.302216430046343,0,True,nominal,0.2902140021059897,0.2888082030064199
1288,38640,train,9.869164925990823,0,True,nominal,-0.1785759731392415,-0.16844077702780785
1289,38670,train,10.137710213798188,0,True,nominal,0.11213157006166637,0.11510992720245188
1290,38700,train,10.562925240357481,0,True,nominal,0.5724383462946273,0.5640845534735497
1291,38730,train,10.178195501637896,0,True,nominal,0.15595799002888466,0.15785739811003532
1292,38760,train,10.160765374969822,0,True,nominal,0.13708940610127818,0.13945333400632864
1293,38790,train,10.386182722006025,0,True,nominal,0.38110978600370926,0.37746625175181414
1294,38820,train,9.11601360592317,0,True,nominal,-0.9938826638768001,-0.9636756848558045
1295,38850,train,9.009952722416502,0,True,nominal,-1.1086964411941602,-1.075662897348514
1296,38880,train,9.91918984525165,0,True,nominal,-0.12442264393403728,-0.11562063186240783
1297,38910,train,9.26223820468741,0,True,nominal,-0.8355905776169089,-0.8092805424426955
1298,38940,train,9.4053642236092,0,True,nominal,-0.6806527879107407,-0.6581571181953171
1299,38970,train,9.609978829477296,0,True,nominal,-0.4591519384242094,-0.4421093295209758
1300,39000,train,9.813988043138634,0,True,nominal,-0.2383064423886232,-0.22670076035394107
1301,39030,train,10.603947693986798,0,True,nominal,0.6168462627694323,0.6073992052062956
1302,39060,train,10.311519633707189,0,True,nominal,0.30028497189370806,0.2986312387080277
1303,39090,train,10.236458373824018,0,True,nominal,0.21902912626571044,0.21937580557769112
1304,39120,train,10.58045458688969,0,True,nominal,0.5914143384109039,0.5825933815169951
1305,39150,train,9.58270594480306,0,True,nominal,-0.48867557432332875,-0.4709061321716988
1306,39180,train,9.789859514016614,0,True,nominal,-0.2644262282891139,-0.25217751133494076
1307,39210,train,10.351400916586062,0,True,nominal,0.34345754014124436,0.34074095486891076
1308,39240,train,10.65130806966496,0,True,nominal,0.6681151514208936,0.6574059209666016
1309,39270,train,10.063087150193109,0,True,nominal,0.03135008376606983,0.03631717529902642
1310,39300,train,9.56780077550677,0,True,nominal,-0.5048108235488753,-0.4866441526938308
1311,39330,train,8.939948350230033,0,True,nominal,-1.184478069007524,-1.1495788807371683
1312,39360,train,7.976241650469715,0,True,nominal,-2.2277166577052374,-2.167134301722526
1313,39390,train,7.4400564871104855,0,True,nominal,-2.808151610832217,-2.733279706505744
1314,39420,train,8.586116433740367,0,True,nominal,-1.5675106963480754,-1.5231817464547606
1315,39450,train,9.63174242705689,0,True,nominal,-0.4355922549338195,-0.4191296545817353
1316,39480,train,9.58674458884994,0,True,nominal,-0.4843036328220726,-0.46664182214422234
1317,39510,train,10.421529560299936,0,True,nominal,0.419373695246882,0.41478815366409477
1318,39540,train,10.357720214424381,0,True,nominal,0.3502983511058749,0.34741335402707957
1319,39570,train,9.623983784343444,0,True,nominal,-0.4439911956868497,-0.4273218244136136
1320,39600,train,10.196193378445763,0,True,nominal,0.17544117885102714,0.17686093634072947
1321,39630,train,9.223837538065435,0,True,nominal,-0.8771603386881185,-0.8498269104407183
1322,39660,train,9.92101144210726,0,True,nominal,-0.12245071602973269,-0.11369725024045092
1323,39690,train,9.940243987980207,0,True,nominal,-0.10163096452385664,-0.09339005374878545
1324,39720,train,9.320341046865687,0,True,nominal,-0.7726926781953656,-0.7479311069268202
1325,39750,train,9.530651944929204,0,True,nominal,-0.5450254382165425,-0.5258687362179159
1326,39780,train,8.43866935994946,0,True,nominal,-1.7271261449150417,-1.678867671728167
1327,39810,train,8.278612527497092,0,True,nominal,-1.9003919985617612,-1.847867946986353
1328,39840,train,9.525527368399185,0,True,nominal,-0.5505729310254851,-0.5312796570195164
1329,39870,train,10.15461358617852,0,True,nominal,0.13042992821428198,0.13295780374291677
1330,39900,train,8.324766595606327,0,True,nominal,-1.85042897050674,-1.7991349432449033
1331,39930,train,9.412290783309889,0,True,nominal,-0.6731545995423556,-0.6508435254040995
1332,39960,train,9.063453747642946,0,True,nominal,-1.0507801331877953,-1.019172412991622
1333,39990,train,9.640823437631907,0,True,nominal,-0.4257618151759705,-0.4095412273756864
1334,40020,train,8.633055224826553,0,True,nominal,-1.5166981844291398,-1.4736201720295474
1335,40050,train,8.371096666551576,0,True,nominal,-1.8002754146175806,-1.7502161022150553
1336,40080,train,8.662464452478016,0,True,nominal,-1.484861899429323,-1.4425676546700836
1337,40110,train,9.239773049812504,0,True,nominal,-0.859909715869659,-0.8330009753627134
1338,40140,train,10.720333501671517,0,True,nominal,0.7428370499909458,0.7302882642579749
1339,40170,train,10.935371301117614,0,True,nominal,0.9756212886670939,0.9573416598580671
1340,40200,train,10.981172356610363,0,True,nominal,1.0252021710092056,1.0057019258135587
1341,40230,train,9.952071427877751,0,True,nominal,-0.08882744068232887,-0.08090173589531607
1342,40260,train,10.582328147368493,0,True,nominal,0.5934425183438982,0.5845716303163693
1343,40290,train,12.260278501181524,0,True,nominal,2.4098691961413046,2.356280262300973
1344,40320,train,10.924589296728696,0,True,nominal,0.9639494770621467,0.9459571929681301
1345,40350,train,10.194785980601319,0,True,nominal,0.17391763258810386,0.1753748977913936
1346,40380,train,9.342317477717167,0,True,nominal,-0.7489025969270583,-0.7247267063012
1347,40410,train,9.220894504935497,0,True,nominal,-0.8803462517151119,-0.8529343904616135
1348,40440,train,9.484036973039677,0,True,nominal,-0.5954874070897573,-0.5750883975080837
1349,40470,train,10.193592053057014,0,True,nominal,0.17262517370342662,0.17411425755170906
1350,40500,train,10.158218073620615,0,True,nominal,0.13433188343883826,0.13676369794027937
1351,40530,train,10.702470499560956,0,True,nominal,0.7234998666795083,0.7114271370735372
1352,40560,train,10.773305018165821,0,True,nominal,0.8001801504617011,0.7862196526980476
1353,40590,train,11.855261575411998,0,True,nominal,1.971427410747912,1.9286323394317995
1354,40620,train,11.714679819405296,0,True,nominal,1.819243854517003,1.7801953430387703
1355,40650,train,12.028943314112192,0,True,nominal,2.159442594215268,2.1120188353278015
1356,40680,train,11.415497180521415,0,True,nominal,1.4953705494650569,1.4642953745766714
1357,40710,train,11.469077381482917,0,True,nominal,1.5533725673477998,1.52086945874504
1358,40740,train,9.581565702957112,0,True,nominal,-0.48990991698633596,-0.4721100869349753
1359,40770,train,9.350177242948897,0,True,nominal,-0.7403941883107387,-0.7164277635614551
1360,40800,train,9.34303613311128,0,True,nominal,-0.7481246330099234,-0.7239678948367968
1361,40830,train,10.722205091139122,0,True,nominal,0.7448630962509658,0.7322644319126089
1362,40860,train,10.272484942410847,0,True,nominal,0.25802886195032515,0.2574154188481456
1363,40890,train,10.614927598420826,0,True,nominal,0.62873230653009,0.618992630136852
1364,40920,train,9.53729562278568,0,True,nominal,-0.5378334771017392,-0.5188538317663662
1365,40950,train,9.69344455484774,0,True,nominal,-0.36879803140898354,-0.3539798173589306
1366,40980,train,10.623693889154149,0,True,nominal,0.6382220535402754,0.6282487520044755
1367,41010,train,10.054803407855385,0,True,nominal,0.022382708456038018,0.027570565024454697
1368,41040,train,10.452997445731105,0,True,nominal,0.4534385330182488,0.44801435974463394
1369,41070,train,9.61769405490709,0,True,nominal,-0.45079999805597726,-0.43396300298597873
1370,41100,train,10.357092645253134,0,True,nominal,0.34961899049057105,0.3467507183803582
1371,41130,train,10.479150521406911,0,True,nominal,0.4817499453648871,0.475628782199075
1372,41160,train,10.076956085621093,0,True,nominal,0.04636358177975868,0.05096106065496645
1373,41190,train,10.2266025673422,0,True,nominal,0.20835994896609536,0.20896928944965035
1374,41220,train,9.723763647148083,0,True,nominal,-0.3359767932979782,-0.3219665951438713
1375,41250,train,9.833181042355392,0,True,nominal,-0.21752950120854586,-0.2064353202539223
1376,41280,train,11.008475293677598,0,True,nominal,1.054758339437223,1.0345304600849266
1377,41310,train,9.853491114905765,0,True,nominal,-0.19554329790720001,-0.1849903884822764
1378,41340,train,9.535751189248089,0,True,nominal,-0.5395053682118605,-0.5204845631070509
1379,41370,train,8.193044087671588,0,True,nominal,-1.9930221508921602,-1.938217666285136
1380,41400,train,8.068171089368125,0,True,nominal,-2.1282005516949734,-2.0700681519048647
1381,41430,train,8.867790828132577,0,True,nominal,-1.2625905398823203,-1.2257683248838138
1382,41460,train,8.97038276732984,0,True,nominal,-1.1515319886794153,-1.1174438897568835
1383,41490,train,10.86171471375862,0,True,nominal,0.8958860390690586,0.879569387674977
1384,41520,train,11.408074977625901,0,True,nominal,1.4873358139218988,1.4564584436994017
1385,41550,train,11.409959133469519,0,True,nominal,1.489375463624107,1.4584478798972937
1386,41580,train,11.53810719409062,0,True,nominal,1.6280992080371692,1.5937564274109637
1387,41610,train,11.143918046327586,0,True,nominal,1.2013787854287776,1.177541302726626
1388,41640,train,11.049257072814955,0,True,nominal,1.098905719259755,1.0775909892365505
1389,41670,train,12.029256318050383,0,True,nominal,2.1597814294509425,2.1123493288837505
1390,41700,train,11.900892162312498,0,True,nominal,2.020823756224566,1.9768126115777707
1391,41730,train,10.846180658487883,0,True,nominal,0.8790700037531004,0.863167341124346
1392,41760,train,10.493585816425815,0,True,nominal,0.4973765429663172,0.4908706734338896
1393,41790,train,10.551388622877472,0,True,nominal,0.5599496455922414,0.5519033082258639
1394,41820,train,9.393722579385956,0,True,nominal,-0.6932551829056051,-0.6704492587309072
1395,41850,train,8.055601240581662,0,True,nominal,-2.141807753254737,-2.0833403619837325
1396,41880,train,8.128719379357259,0,True,nominal,-2.0626553888232886,-2.0061366250978394
1397,41910,train,8.474613830987469,0,True,nominal,-1.6882152820492913,-1.640914743344174
1398,41940,train,9.230871440184055,0,True,nominal,-0.8695459492467131,-0.8423999772947083
1399,41970,train,9.651336891222998,0,True,nominal,-0.41438071707896973,-0.3984403170078808
1400,42000,train,10.422193494800869,0,True,nominal,0.42009242231593036,0.4154891866140281
1401,42030,train,9.396093722481668,0,True,nominal,-0.6906883563209341,-0.6679456240549491
1402,42060,train,9.765970706160356,0,True,nominal,-0.29028650943049383,-0.2774011462241227
1403,42090,train,9.865400288799165,0,True,nominal,-0.18265129480273207,-0.17241576960943814
1404,42120,train,10.15046576291983,0,True,nominal,0.1259397972609113,0.1285782139328428
1405,42150,train,10.242465250967612,0,True,nominal,0.22553173337150573,0.2257183270130798
1406,42180,train,9.55556093141497,0,True,nominal,-0.5180607860938958,-0.49956791851461885
1407,42210,train,8.739293468990866,0,True,nominal,-1.4016924093989713,-1.3614456885562571
1408,42240,train,10.353137645016824,0,True,nominal,0.3453375956783804,0.3425747259010525
1409,42270,train,10.128944026809867,0,True,nominal,0.10264193535825392,0.10585391487675551
1410,42300,train,10.558823627007186,0,True,nominal,0.5679982388179334,0.559753755627673
1411,42330,train,10.147496662745281,0,True,nominal,0.12272566595252886,0.12544321032768857
1412,42360,train,10.090141202180522,0,True,nominal,0.060636827358205296,0.06488291762110292
1413,42390,train,9.945456018676772,0,True,nominal,-0.09598880021236385,-0.08788679213303519
1414,42420,train,9.718981570246523,0,True,nominal,-0.34115352098812246,-0.32701587857830305
1415,42450,train,10.494425968612177,0,True,nominal,0.4982860304498109,0.4917577705267058
1416,42480,train,9.735719518906539,0,True,nominal,-0.3230342384905408,-0.3093426690847826
1417,42510,train,9.809722744323876,0,True,nominal,-0.24292374381133705,-0.2312043898629596
1418,42540,train,10.088841514632257,0,True,nominal,0.05922988040646457,0.06351060786061971
1419,42570,train,10.459809325450594,0,True,nominal,0.46081257720275626,0.4552068646191879
1420,42600,train,9.285384443195806,0,True,nominal,-0.8105341478949146,-0.7848409692037672
1421,42630,train,8.831876585820043,0,True,nominal,-1.3014686793344945,-1.2636893354618146
1422,42660,train,9.111208427963858,0,True,nominal,-0.9990843990872756,-0.9687493601581695
1423,42690,train,9.020709631848366,0,True,nominal,-1.0970517955595105,-1.0643049276382652
1424,42720,train,9.777145347033082,0,True,nominal,-0.2781896582036985,-0.26560210363114817
1425,42750,train,9.924918662286021,0,True,nominal,-0.1182210444231776,-0.10957170760920047
1426,42780,train,10.804045673134995,0,True,nominal,0.8334577415728351,0.8186779931000631
1427,42810,train,10.510103540884858,0,True,nominal,0.5152574268051812,0.5083113533314365
1428,42840,train,11.0232793919794,0,True,nominal,1.070784176575385,1.050161762101967
1429,42870,train,10.866798730240228,0,True,nominal,0.9013896245276933,0.8849374820677283
1430,42900,train,10.265320126383966,0,True,nominal,0.2502727546595683,0.24985025676062575
1431,42930,train,9.37633347360435,0,True,nominal,-0.7120793606132322,-0.6888100098376111
1432,42960,train,9.519095671971366,0,True,nominal,-0.5575354165057244,-0.5380707352260782
1433,42990,train,9.616282477969134,0,True,nominal,-0.4523280683007497,-0.43545345414265574
1434,43020,train,8.261884233921638,0,True,nominal,-1.9185008291689556,-1.8655309619013385
1435,43050,train,8.780539459150326,0,True,nominal,-1.357042508579462,-1.3178950098164437
1436,43080,train,9.652000168048938,0,True,nominal,-0.41366270196090427,-0.3977399784816296
1437,43110,train,9.740837613191792,0,True,nominal,-0.31749376288702263,-0.30393859273419943
1438,43140,train,9.367507166725328,0,True,nominal,-0.7216340767256891,-0.6981295013532991
1439,43170,train,9.85597112264109,0,True,nominal,-0.19285862240333157,-0.18237180617316331
1440,43200,train,8.518507892907627,0,True,nominal,-1.6406987718691874,-1.5945680274117933
1441,43230,train,8.884126401389233,0,True,nominal,-1.2449068396506207,-1.2085199741912764
1442,43260,train,9.810177184625518,0,True,nominal,-0.24243179988373953,-0.23072455695055502
1443,43290,train,8.670271962214162,0,True,nominal,-1.476410058801457,-1.4343238872890043
1444,43320,train,8.32456091264144,0,True,nominal,-1.8506516278837841,-1.7993521190889414
1445,43350,train,7.718054563411617,0,True,nominal,-2.507211168212899,-2.4397480234386113
1446,43380,train,7.6214375632446645,0,True,nominal,-2.6118016861821602,-2.5417636598388538
1447,43410,train,9.930513938204394,0,True,nominal,-0.11216400678516113,-0.10366378630486124
1448,43440,train,10.343360025969185,0,True,nominal,0.3347530583926894,0.3322507660606469
1449,43470,train,10.035601464282093,0,True,nominal,0.0015960847679016368,0.007295680787044025
1450,43500,train,11.769613676468223,0,True,nominal,1.8787112417711374,1.8381987211038173
1451,43530,train,10.769794297839987,0,True,nominal,0.7963797006786424,0.7825127650111557
1452,43560,train,9.302352477005947,0,True,nominal,-0.7921657919942355,-0.7669248181681194
1453,43590,train,9.862064126886994,0,True,nominal,-0.1862627803779456,-0.17593834513979345
1454,43620,train,10.421085296726476,0,True,nominal,0.4188927679030114,0.4143190661215543
1455,43650,train,9.237209716222516,0,True,nominal,-0.8626845938667151,-0.8357075394977712
1456,43680,train,8.75329328527798,0,True,nominal,-1.3865372293125104,-1.3466636091546142
1457,43710,train,9.353519762325135,0,True,nominal,-0.7367758206085856,-0.7128984753331119
1458,43740,train,11.060606650159075,0,True,nominal,1.111191943952123,1.0895747431683998
1459,43770,train,10.050750394925737,0,True,nominal,0.017995212250241602,0.023291083228891573
1460,43800,train,9.100612450398822,0,True,nominal,-1.0105548316198807,-0.9799374056647772
1461,43830,train,9.628304585869872,0,True,nominal,-0.4393138110763722,-0.4227595908862225
1462,43860,train,9.700079820325307,0,True,nominal,-0.3616151769220608,-0.34697379534201006
1463,43890,train,8.528841095012538,0,True,nominal,-1.6295128008851345,-1.583657440382975
1464,43920,train,9.533234708610436,0,True,nominal,-0.5422295266197686,-0.5231416563028175
1465,43950,train,8.414681297903469,0,True,nominal,-1.7530938714034812,-1.7041961068006861
1466,43980,train,8.807383511902454,0,True,nominal,-1.3279830948439109,-1.289551000787619
1467,44010,train,9.260151095127084,0,True,nominal,-0.837849930211131,-0.8114842727351474
1468,44040,train,9.226006937401655,0,True,nominal,-0.8748119051840221,-0.8475362922937227
1469,44070,train,8.369463521992603,0,True,nominal,-1.8020433378096326,-1.751940501453588
1470,44100,train,8.895779433087132,0,True,nominal,-1.2322921174061983,-1.1962158098868674
1471,44130,train,9.685345131154454,0,True,nominal,-0.37756587679716064,-0.362531809876997
1472,44160,train,9.695549696472087,0,True,nominal,-0.3665191586173572,-0.3517570474307686
1473,44190,train,9.215249809009068,0,True,nominal,-0.8864567878495818,-0.858894493199491
1474,44220,train,8.442079969403736,0,True,nominal,-1.7234340678603082,-1.675266488774966
1475,44250,train,9.119653037325106,0,True,nominal,-0.9899428808698311,-0.9598328941464885
1476,44280,train,9.75747900459237,0,True,nominal,-0.29947900623645385,-0.2863673357982371
1477,44310,train,9.397540317623964,0,True,nominal,-0.6891223779220694,-0.6664181979932848
1478,44340,train,11.019734743247607,0,True,nominal,1.066946998374481,1.0464190502027737
1479,44370,train,10.777659606212302,0,True,nominal,0.8048941098946901,0.7908175606237224
1480,44400,train,9.946290133244764,0,True,nominal,-0.09508584861418533,-0.08700607002059789
1481,44430,train,9.552550920431248,0,True,nominal,-0.5213192044606083,-0.5027461188887302
1482,44460,train,10.267445840062868,0,True,nominal,0.25257389725710844,0.25209474824124695
1483,44490,train,9.835038864906686,0,True,nominal,-0.21551835800808378,-0.2044736887650386
1484,44520,train,10.019007967241201,0,True,nominal,-0.01636682494187372,-0.010225005611902729
1485,44550,train,8.728772624307927,0,True,nominal,-1.4130815085529633,-1.3725544030055097
1486,44580,train,9.777124905980829,0,True,nominal,-0.27821178619607395,-0.26562368686133264
1487,44610,train,10.340790069070481,0,True,nominal,0.3319710104846647,0.3295372085284382
1488,44640,train,9.421052251010837,0,True,nominal,-0.6636700735952693,-0.6415924960638396
1489,44670,train,10.433503845274613,0,True,nominal,0.43233618285929903,0.42743152180861077
1490,44700,train,8.791206049446878,0,True,nominal,-1.3454956358536014,-1.3066324059740242
1491,44730,train,9.722731894269415,0,True,nominal,-0.33709369371725856,-0.3230559989376461
1492,44760,train,9.086084353015478,0,True,nominal,-1.026281890292849,-0.9952772847511236
1493,44790,train,8.8522766949954,0,True,nominal,-1.2793850089494365,-1.2421493361184037
1494,44820,train,8.341212113956395,0,True,nominal,-1.8326262517353606,-1.781770504093253
1495,44850,train,10.729535182244621,0,True,nominal,0.752798118288095,0.7400041040997721
1496,44880,train,11.165527141421771,0,True,nominal,1.224771215796543,1.2003578420960674
1497,44910,train,11.05635994335794,0,True,nominal,1.1065947688874158,1.0850907445328135
1498,44940,train,10.451050237016045,0,True,nominal,0.45133062687594944,0.4459583474908095
1499,44970,train,10.536467538509514,0,True,nominal,0.5437971678708156,0.5361484833508569
1500,45000,train,9.764005402908353,0,True,nominal,-0.2924140033988276,-0.27947626407735904
1501,45030,train,9.2194668109531,0,True,nominal,-0.8818917690967571,-0.8544418592295042
1502,45060,train,9.002987704084067,0,True,nominal,-1.1162362620724322,-1.0830170977117517
1503,45090,train,9.01113006136623,0,True,nominal,-1.1074219399121419,-1.0744197726188305
1504,45120,train,10.366517803857484,0,True,nominal,0.35982197980578395,0.35670252346160114
1505,45150,train,11.711918168716336,0,True,nominal,1.8162542928921401,1.7772793805056488
1506,45180,train,11.601234690767136,0,True,nominal,1.6964364319635026,1.6604112783862663
1507,45210,train,11.157507721859153,0,True,nominal,1.216089977045415,1.1918903240730756
1508,45240,train,10.568199305055217,0,True,nominal,0.5781476640915608,0.5696533153438809
1509,45270,train,10.385916263784527,0,True,nominal,0.3808213377662823,0.37718490473220867
1510,45300,train,11.355151648786872,0,True,nominal,1.4300448778923527,1.4005779354803158
1511,45330,train,10.346832946994194,0,True,nominal,0.33851258940942985,0.3359177423476556
1512,45360,train,9.90434658718465,0,True,nominal,-0.14049087257802617,-0.13129328176192254
1513,45390,train,9.575141058094763,0,True,nominal,-0.4968647689560776,-0.4788937195580702
1514,45420,train,9.814993055836808,0,True,nominal,-0.23721848893854622,-0.22563959089290003
1515,45450,train,10.544244318484434,0,True,nominal,0.552215742700342,0.544359803893983
1516,45480,train,10.483931362972859,0,True,nominal,0.486925335770793,0.48067676127145487
1517,45510,train,11.991704162997106,0,True,nominal,2.1191302051208827,2.0726988844553285
1518,45540,train,10.217804817025367,0,True,nominal,0.1988361461051943,0.1996799501417523
1519,45570,train,9.248092781909595,0,True,nominal,-0.8509033806709201,-0.8242163643408683
1520,45600,train,9.29761701299597,0,True,nominal,-0.7972920599674956,-0.771924884137809
1521,45630,train,10.035133923508484,0,True,nominal,0.0010899592247874698,0.006802015391922979
1522,45660,train,8.628729949678682,0,True,nominal,-1.5213804118559242,-1.4781871291494506
1523,45690,train,8.016426587668276,0,True,nominal,-2.184215375437138,-2.124703964049745
1524,45720,train,9.39127525042721,0,True,nominal,-0.6959044827492574,-0.673033336282227
1525,45750,train,8.241409495626698,0,True,nominal,-1.940665287596069,-1.8871497603910183
1526,45780,train,8.11302652899078,0,True,nominal,-2.079643324128752,-2.0227063396853735
1527,45810,train,10.271144430582453,0,True,nominal,0.25657772161028813,0.2560000036827054
1528,45840,train,10.573731657798767,0,True,nominal,0.5841365856895896,0.5754947975359245
1529,45870,train,9.509782803297497,0,True,nominal,-0.5676168489316585,-0.5479039759894518
1530,45900,train,9.086391795228383,0,True,nominal,-1.0259490757753433,-0.9949526636911479
1531,45930,train,9.470836219649044,0,True,nominal,-0.6097775799612498,-0.589026765039481
1532,45960,train,9.797793018618625,0,True,nominal,-0.2558379948084423,-0.24380070891445682
1533,45990,train,9.807876838222068,0,True,nominal,-0.24492198713266888,-0.23315343905084215
1534,46020,train,11.57142904576788,0,True,nominal,1.6641710144542317,1.6289401931976912
1535,46050,train,11.071761646369108,0,True,nominal,1.1232675292997991,1.101353043420347
1536,46080,train,10.411382088846135,0,True,nominal,0.4083887827201289,0.4040736752966861
1537,46110,train,11.412707518372299,0,True,nominal,1.4923506646763438,1.461349835396279
1538,46140,train,11.170756325590492,0,True,nominal,1.2304319492059648,1.205879215662876
1539,46170,train,10.501556556367143,0,True,nominal,0.5060050847097083,0.49928679178045715
1540,46200,train,9.049547502165993,0,True,nominal,-1.0658340203394239,-1.033855693157824
1541,46230,train,11.078561931425462,0,True,nominal,1.1306290219476112,1.1085333057606
1542,46260,train,11.017372174025258,0,True,nominal,1.0643894532398077,1.0439244684796702
1543,46290,train,10.408797388037755,0,True,nominal,0.4055907741307815,0.4013445500142249
1544,46320,train,10.575935846521112,0,True,nominal,0.5865226796458677,0.5778221489840932
1545,46350,train,10.382878013567115,0,True,nominal,0.3775323496647043,0.37397688721006656
1546,46380,train,9.53135343728926,0,True,nominal,-0.544266053748354,-0.5251280468007598
1547,46410,train,8.884917097876402,0,True,nominal,-1.2440508893002005,-1.2076850962174357
1548,46440,train,8.467330746590754,0,True,nominal,-1.6960994180517541,-1.6486047822441983
1549,46470,train,9.282566058549904,0,True,nominal,-0.8135851255638772,-0.7878168357984199
1550,46500,train,10.303464848477486,0,True,nominal,0.2915654488506614,0.29012637890224285
1551,46530,train,10.669912211202016,0,True,nominal,0.6882546382231309,0.6770495999806814
1552,46560,train,10.52556598973791,0,True,nominal,0.5319959462357096,0.5246377923362135
1553,46590,train,10.32364008190145,0,True,nominal,0.31340568514776146,0.3114289371861129
1554,46620,train,9.09763801259913,0,True,nominal,-1.0137747410519633,-0.9830780451437937
1555,46650,train,8.757551079110417,0,True,nominal,-1.3819280522363087,-1.342167903981337
1556,46680,train,9.509843997266774,0,True,nominal,-0.5675506048034804,-0.5478393627049488
1557,46710,train,9.90060576034589,0,True,nominal,-0.14454041888999106,-0.13524313354742348
1558,46740,train,9.22501686197204,0,True,nominal,-0.8758836886365517,-0.8485816898413782
1559,46770,train,9.453173956361168,0,True,nominal,-0.6288974580634092,-0.607675936784286
1560,46800,train,9.598072913351006,0,True,nominal,-0.47204041490759724,-0.4546805085935261
1561,46830,train,9.082140414271135,0,True,nominal,-1.0305513107405653,-0.9994415976591253
1562,46860,train,9.552378473001921,0,True,nominal,-0.5215058834707677,-0.5029282021061551
1563,46890,train,8.304883850025414,0,True,nominal,-1.8719525807964958,-1.8201286704390411
1564,46920,train,10.660458249038216,0,True,nominal,0.6780204682751403,0.6670673818930022
1565,46950,train,8.990933973432819,0,True,nominal,-1.1292847517802216,-1.09574435069269
1566,46980,train,9.444179049127323,0,True,nominal,-0.6386346886237416,-0.617173449481184
1567,47010,train,8.31846247824312,0,True,nominal,-1.8572533481961477,-1.8057913136935624
1568,47040,train,9.055570749085295,0,True,nominal,-1.0593136925083182,-1.027495887258173
1569,47070,train,9.610747623653715,0,True,nominal,-0.4583196979180404,-0.44129757768607386
1570,47100,train,9.536409179573466,0,True,nominal,-0.5387930758737514,-0.5197898064734088
1571,47130,train,10.132834186724553,0,True,nominal,0.10685313876714887,0.1099614439731842
1572,47160,train,9.542531385982077,0,True,nominal,-0.5321656217167724,-0.5133255115577229
1573,47190,train,11.64661611121057,0,True,nominal,1.7455630480057904,1.7083284614832777
1574,47220,train,11.330226447176386,0,True,nominal,1.4030626724582753,1.3742599966051259
1575,47250,train,11.007744567131477,0,True,nominal,1.0539673081712895,1.0337589029727376
1576,47280,train,10.983059011141993,0,True,nominal,1.027244525608823,1.0076940003178283
1577,47310,train,11.410585292870717,0,True,nominal,1.490053298125173,1.459109027000711
1578,47340,train,10.836884109804744,0,True,nominal,0.8690062381588906,0.853351332258438
1579,47370,train,10.87692244684502,0,True,nominal,0.9123488217873836,0.8956268782442696
1580,47400,train,10.958709489457323,0,True,nominal,1.0008855092773012,0.9819839084456866
1581,47430,train,10.417643478639,0,True,nominal,0.4151669066580649,0.4106849307006557
1582,47460,train,10.230828590772074,0,True,nominal,0.21293473372154204,0.21343144899606528
1583,47490,train,10.014630560750284,0,True,nominal,-0.021105485958629617,-0.014847007000704038
1584,47520,train,10.714984558451802,0,True,nominal,0.7370466741671107,0.7246404399032019
1585,47550,train,10.522744831009037,0,True,nominal,0.5289419655468408,0.5216589966520718
1586,47580,train,10.968210506364372,0,True,nominal,1.011170617258565,0.9920158105389741
1587,47610,train,10.549853552561345,0,True,nominal,0.5582878904228042,0.5502824632922788
1588,47640,train,9.729033053113831,0,True,nominal,-0.33027251870452584,-0.3164027523199568
1589,47670,train,10.375132700563647,0,True,nominal,0.3691478386835416,0.36579879190797127
1590,47700,train,9.968290012905396,0,True,nominal,-0.07127038337524391,-0.06377691034445497
1591,47730,train,10.383708826448673,0,True,nominal,0.3784317270979463,0.37485412314882705
1592,47760,train,9.197248204568854,0,True,nominal,-0.9059440119346415,-0.8779019673502144
1593,47790,train,9.560225181405864,0,True,nominal,-0.5130116092239586,-0.4946430457662554
1594,47820,train,9.827165707561587,0,True,nominal,-0.22404126394963078,-0.21278677192485104
1595,47850,train,8.82170198577664,0,True,nominal,-1.3124829592938254,-1.2744324582740738
1596,47880,train,10.303696603267957,0,True,nominal,0.2918163296846282,0.29037108337865886
1597,47910,train,10.657191107861179,0,True,nominal,0.6744836995140056,0.6636176837466204
1598,47940,train,8.87558173724835,0,True,nominal,-1.2541566698753643,-1.2175420857104942
1599,47970,train,8.207513873041371,0,True,nominal,-1.9773582165522972,-1.9229393574934883
1600,48000,train,9.941325166869909,0,True,nominal,-0.10046055910973709,-0.09224846218306831
1601,48030,train,10.408243116200147,0,True,nominal,0.40499075986319927,0.4007593073120651
1602,48060,train,9.855179691445727,0,True,nominal,-0.19371536809526005,-0.18320745990824605
1603,48090,train,11.219954359267872,0,True,nominal,1.2836901523844393,1.2578262716319677
1604,48120,train,11.184200769488596,0,True,nominal,1.2449859236481595,1.2200748903158087
1605,48150,train,11.196536927482427,0,True,nominal,1.2583401485992125,1.2331003517387462
1606,48180,train,11.972154043324384,0,True,nominal,2.097966671380467,2.0520563691974822
1607,48210,train,10.773497128443328,0,True,nominal,0.8003881150372613,0.7864224974581311
1608,48240,train,13.09591368423624,0,True,nominal,3.3144669012864214,3.238607956707266
1609,48270,train,11.984013599011666,0,True,nominal,2.110804961433716,2.0645785973640742
1610,48300,train,12.547701928668262,0,True,nominal,2.7210128365502584,2.659763953791405
1611,48330,train,11.020278565119549,0,True,nominal,1.0675357002713637,1.0469932590299844
1612,48360,train,11.398926942161113,0,True,nominal,1.477432817906601,1.4467992464759345
1613,48390,train,11.462910472993741,0,True,nominal,1.5466967219785854,1.5143579639453857
1614,48420,train,12.874981893869787,0,True,nominal,3.0753022578968077,3.005331233601265
1615,48450,train,12.508062320801432,0,True,nominal,2.6781018880450675,2.617909416637457
1616,48480,train,11.74895523435181,0,True,nominal,1.85634791898467,1.8163859540348564
1617,48510,train,11.226161015648538,0,True,nominal,1.2904090259221122,1.2643797353029276
1618,48540,train,10.881633862507758,0,True,nominal,0.9174490567738021,0.9006015521251579
1619,48570,train,11.67923335512188,0,True,nominal,1.7808720974434544,1.742768248368448
1620,48600,train,10.976784039422597,0,True,nominal,1.0204516988677732,1.001068404074501
1621,48630,train,11.612625271850446,0,True,nominal,1.708767044313458,1.672438327209708
1622,48660,train,10.285698185127067,0,True,nominal,0.2723325548548353,0.2713669735670552
1623,48690,train,9.346000150692657,0,True,nominal,-0.7449160037462276,-0.7208382578231951
1624,48720,train,10.522069324837448,0,True,nominal,0.5282107118310778,0.5209457454450597
1625,48750,train,9.72053954948556,0,True,nominal,-0.3394669662895227,-0.32537084464748306
1626,48780,train,10.066706189807977,0,True,nominal,0.03526779211156057,0.04013843479611812
1627,48810,train,10.77989958929675,0,True,nominal,0.8073189522168494,0.7931827065037536
1628,48840,train,9.246636379168809,0,True,nominal,-0.852479976060628,-0.8257541460169665
1629,48870,train,10.383178164559673,0,True,nominal,0.3778572712388207,0.3742938096405817
1630,48900,train,9.473045203712207,0,True,nominal,-0.6073862949187332,-0.5866943503028181
1631,48930,train,8.549718614465394,0,True,nominal,-1.6069123209518479,-1.5616133546655417
1632,48960,train,9.181956227293618,0,True,nominal,-0.9224979912677547,-0.8940484093930803
1633,48990,train,9.999381552591347,0,True,nominal,-0.03761295006023469,-0.030948078956140088
1634,49020,train,10.293175287195773,0,True,nominal,0.2804267202390179,0.27926187120049917
1635,49050,train,11.613380805113412,0,True,nominal,1.7095849295218588,1.6732360771554717
1636,49080,train,11.012621987837036,0,True,nominal,1.059247248110089,1.0389088577054408
1637,49110,train,10.70997537908574,0,True,nominal,0.7316241019117941,0.7193513642748068
1638,49140,train,10.285993448579804,0,True,nominal,0.2726521855347957,0.27167873535829884
1639,49170,train,10.222462390263935,0,True,nominal,0.20387809521000802,0.2045977730631033
1640,49200,train,9.699282897711104,0,True,nominal,-0.36247786722352826,-0.3478152473381307
1641,49230,train,9.315041685308703,0,True,nominal,-0.7784293805271874,-0.7535265791606564
1642,49260,train,8.665393206905566,0,True,nominal,-1.4816914434841688,-1.4394752511979172
1643,49290,train,8.11433020279357,0,True,nominal,-2.078232061948586,-2.021329820931737
1644,49320,train,9.423655231750683,0,True,nominal,-0.6608522764852981,-0.6388440694282151
1645,49350,train,9.330645092678406,0,True,nominal,-0.7615382696868322,-0.7370513053467118
1646,49380,train,9.275070696294407,0,True,nominal,-0.82169905809454,-0.7957310139370871
1647,49410,train,9.700931023005062,0,True,nominal,-0.36069372698034735,-0.3460750302910282
1648,49440,train,8.238760547058844,0,True,nominal,-1.9435328461241443,-1.8899467233838063
1649,49470,train,7.915992418437778,0,True,nominal,-2.292938082243172,-2.2307500602095742
1650,49500,train,8.371977581633171,0,True,nominal,-1.7993218001966014,-1.7492859645321612
1651,49530,train,10.193283308670265,0,True,nominal,0.17229094954748825,0.17378826155675273
1652,49560,train,10.092513028929709,0,True,nominal,0.06320439401626866,0.06738727415081587
1653,49590,train,9.787891247070368,0,True,nominal,-0.2665569305366887,-0.2542557584837852
1654,49620,train,10.385924072538673,0,True,nominal,0.380829790954018,0.3771931498135335
1655,49650,train,10.044371930196858,0,True,nominal,0.011090351525013682,0.016556211131344555
1656,49680,train,8.213510154414077,0,True,nominal,-1.9708670796553014,-1.916608023885381
1657,49710,train,9.237376434037438,0,True,nominal,-0.8625041173192411,-0.8355315060465238
1658,49740,train,9.829197797709575,0,True,nominal,-0.2218414713585642,-0.2106411353462833
1659,49770,train,10.954421805914578,0,True,nominal,0.9962439757806171,0.977456643424622
1660,49800,train,10.581388666181141,0,True,nominal,0.5924255045281335,0.5835796540487542
1661,49830,train,10.029014036430251,0,True,nominal,-0.005534984194276787,0.00034016940307273836
1662,49860,train,9.511606893520302,0,True,nominal,-0.5656422218898739,-0.5459779616792446
1663,49890,train,10.811193630002034,0,True,nominal,0.8411955983667084,0.8262253539940297
1664,49920,train,10.809004445441298,0,True,nominal,0.8388257468215141,0.8239138450900568
1665,49950,train,10.966985548714513,0,True,nominal,1.009844567444684,0.9907224063347685
1666,49980,train,10.760057036861529,0,True,nominal,0.7858388520952776,0.7722314183144448
1667,50010,train,10.007996768178858,0,True,nominal,-0.028286745984786144,-0.021851473810394092
1668,50040,train,10.033388600121441,0,True,nominal,-0.0007994005851762152,0.004959169145964682
1669,50070,train,10.389095209970268,0,True,nominal,0.3842626330620229,0.3805414798448715
1670,50100,train,9.654948630546176,0,True,nominal,-0.4104709114968425,-0.39462676571846894
1671,50130,train,9.519327217797276,0,True,nominal,-0.5572847618815515,-0.5378262513904672
1672,50160,train,11.51057541357718,0,True,nominal,1.5982953103841608,1.5646862626836706
1673,50190,train,10.063090522718777,0,True,nominal,0.031353734616395595,0.03632073627019873
1674,50220,train,9.623984035225915,0,True,nominal,-0.44399092409978447,-0.4273215595126662
1675,50250,train,9.139351196733683,0,True,nominal,-0.9686190901081217,-0.9390340671853225
1676,50280,train,9.966909325069542,0,True,nominal,-0.07276501533086481,-0.06523474641886486
1677,50310,train,10.289379104135163,0,True,nominal,0.27631724931848406,0.27525357007180834
1678,50340,train,9.879248175052963,0,True,nominal,-0.16766058308987242,-0.15779410958544438
1679,50370,train,9.25192825009216,0,True,nominal,-0.8467513825424755,-0.8201665829684271
1680,50400,train,8.890500683969982,0,True,nominal,-1.2380065062139485,-1.2017895179263702
1681,50430,train,9.605205825355354,0,True,nominal,-0.4643188445848303,-0.4471490332190777
1682,50460,train,9.295110136710424,0,True,nominal,-0.800005821404272,-0.7745718363222559
1683,50490,train,9.113100262989748,0,True,nominal,-0.9970364364623919,-0.9667518156908705
1684,50520,train,9.754922896328353,0,True,nominal,-0.3022460626225665,-0.2890662708801686
1685,50550,train,10.24917052109552,0,True,nominal,0.23279036978735218,0.23279826530708636
1686,50580,train,10.512462587948825,0,True,nominal,0.5178111591080661,0.5108022160896766
1687,50610,train,9.67798474963615,0,True,nominal,-0.38553368902606944,-0.3703034650043639
1688,50640,train,10.620810351309508,0,True,nominal,0.6351005457700716,0.6252040916673001
1689,50670,train,9.811300468164685,0,True,nominal,-0.2412158150468598,-0.22953850806777015
1690,50700,train,7.9802624059923915,0,True,nominal,-2.223364081015651,-2.1628888797704184
1691,50730,train,7.8246264495244136,0,True,nominal,-2.3918442167422715,-2.3272212552157896
1692,50760,train,8.503470352813077,0,True,nominal,-1.6569773160669452,-1.610445815171596
1693,50790,train,8.4057672663256,0,True,nominal,-1.7627435518770265,-1.7136082247792686
1694,50820,train,8.094092012087875,0,True,nominal,-2.1001404512073245,-2.042698854340591
1695,50850,train,8.216476751069687,0,True,nominal,-1.9676556584739369,-1.9134756636874672
1696,50880,train,8.541136403132633,0,True,nominal,-1.6162027970281505,-1.5706751113886874
1697,50910,train,10.28439660284363,0,True,nominal,0.2709235568009827,0.2699926631999077
1698,50940,train,9.63252943791926,0,True,nominal,-0.4347402943720092,-0.4182986681731343
1699,50970,train,10.326034993383344,0,True,nominal,0.31599824165385165,0.3139576683465237
1700,51000,train,10.331810685097075,0,True,nominal,0.3222505842739506,0.3200560864800797
1701,51030,train,8.58623104274265,0,True,nominal,-1.5673866290007967,-1.5230607334830795
1702,51060,train,9.00329927838828,0,True,nominal,-1.1158989744542362,-1.0826881136729665
1703,51090,train,9.68387586777083,0,True,nominal,-0.3791563941808613,-0.3640831708058296
1704,51120,train,9.682461470919067,0,True,nominal,-0.3806875170586604,-0.3655765994437062
1705,51150,train,8.754264885904654,0,True,nominal,-1.3854854453342516,-1.3456377187203665
1706,51180,train,9.787919962685528,0,True,nominal,-0.26652584510598565,-0.254225438335673
1707,51210,train,8.754933345919321,0,True,nominal,-1.3847618192740863,-1.3449319073860613
1708,51240,train,8.69828899714347,0,True,nominal,-1.4460808601081048,-1.4047413537449878
1709,51270,train,8.963487169331975,0,True,nominal,-1.1589966601664023,-1.1247247908084255
1710,51300,train,10.626910227587638,0,True,nominal,0.6417038269563594,0.6316448087191737
1711,51330,train,10.639357585295574,0,True,nominal,0.6551784286079537,0.6447876833259438
1712,51360,train,10.55615523768546,0,True,nominal,0.5651096351475566,0.5569362655964241
1713,51390,train,8.676883264763443,0,True,nominal,-1.4692531448330464,-1.4273431671690047
1714,51420,train,10.060159923483205,0,True,nominal,0.028181281616621392,0.03322638490828138
1715,51450,train,10.044216944698933,0,True,nominal,0.010922575528266575,0.01639256555989924
1716,51480,train,9.15635320474407,0,True,nominal,-0.9502139562160418,-0.9210820435842535
1717,51510,train,9.301846335128282,0,True,nominal,-0.7927137042773682,-0.7674592415684482
1718,51540,train,10.1583927775722,0,True,nominal,0.13452100519542273,0.13694816376691166
1719,51570,train,10.803165353832549,0,True,nominal,0.8325047720989114,0.8177484844864724
1720,51600,train,10.234948122270568,0,True,nominal,0.21739423807868083,0.21778116619659463
1721,51630,train,11.10148061529353,0,True,nominal,1.155439117611862,1.1327326093636598
1722,51660,train,10.09667401639632,0,True,nominal,0.06770877558104886,0.07178076374091068
1723,51690,train,10.296084572758671,0,True,nominal,0.283576100611191,0.2823337179526884
1724,51720,train,10.315807504593066,0,True,nominal,0.3049267081944029,0.303158701540334
1725,51750,train,10.426311847784453,0,True,nominal,0.4245506508987777,0.4198376594481582
1726,51780,train,11.295350749629144,0,True,nominal,1.3653087858264996,1.337435561215532
1727,51810,train,8.766616757102401,0,True,nominal,-1.3721142104146242,-1.3325956660920026
1728,51840,train,9.516205644474104,0,True,nominal,-0.5606639495005569,-0.5411222478360529
1729,51870,train,10.636452079470333,0,True,nominal,0.6520331399041066,0.6417198275105653
1730,51900,train,11.00466607184915,0,True,nominal,1.0506347536975615,1.0305083916254685
1731,51930,train,11.415293373083255,0,True,nominal,1.4951499223964635,1.4640801790575488
1732,51960,train,11.8545702376503,0,True,nominal,1.9706790189073176,1.9279023720181432
1733,51990,train,11.978685301959931,0,True,nominal,2.1050369356455834,2.058952572816396
1734,52020,train,11.12753340863921,0,True,nominal,1.1836419716216338,1.1602411460453081
1735,52050,train,11.637292941494415,0,True,nominal,1.735470464422747,1.698484344089678
1736,52080,train,10.20983010952031,0,True,nominal,0.19020330936666902,0.1912596425372056
1737,52110,train,9.406122098925024,0,True,nominal,-0.6798323673667235,-0.6573568953305795
1738,52140,train,10.541688761070361,0,True,nominal,0.5494492826242039,0.5416614504416554
1739,52170,train,10.7607175767513,0,True,nominal,0.7865539044058567,0.7729288669736495
1740,52200,train,10.360394356803761,0,True,nominal,0.3531931826168887,0.3502369185776858
1741,52230,train,10.338549433683944,0,True,nominal,0.32954546202783846,0.3271713738978508
1742,52260,train,9.809898763845027,0,True,nominal,-0.24273319791508655,-0.23101853495711466
1743,52290,train,10.743574170047038,0,True,nominal,0.7679957026001897,0.7548275437905511
1744,52320,train,10.7111994518147,0,True,nominal,0.732949193774848,0.7206438341116802
1745,52350,train,10.699169897664447,0,True,nominal,0.7199268757838101,0.7079421085341044
1746,52380,train,10.564966197932865,0,True,nominal,0.574647738115878,0.5662395529618267
1747,52410,train,8.403697532593236,0,True,nominal,-1.7649840946671398,-1.7157936083403535
1748,52440,train,8.219510613999418,0,True,nominal,-1.9643714197300302,-1.9102722786000308
1749,52470,train,7.957427701061485,0,True,nominal,-2.24808326720723,-2.1869995119729584
1750,52500,train,8.470916670443435,0,True,nominal,-1.6922175584152293,-1.6448184889078092
1751,52530,train,7.871254291892285,0,True,nominal,-2.341368315227863,-2.2779880042878062
1752,52560,train,9.674164668231892,0,True,nominal,-0.3896690305504983,-0.3743369998365649
1753,52590,train,8.884986498179895,0,True,nominal,-1.2439757615930986,-1.207611818056087
1754,52620,train,8.732217835786956,0,True,nominal,-1.4093519738698055,-1.3689166845816376
1755,52650,train,9.093066290990935,0,True,nominal,-1.0187237534430147,-0.9879052193315548
1756,52680,train,9.130375869898849,0,True,nominal,-0.9783351243565107,-0.9485109053957161
1757,52710,train,10.503092594152067,0,True,nominal,0.5076678871903058,0.5009086582417736
1758,52740,train,11.68985271610195,0,True,nominal,1.7923678431557901,1.753980983877454
1759,52770,train,10.147519314476765,0,True,nominal,0.12275018706501165,0.1254671277624976
1760,52800,train,12.400434032363837,0,True,nominal,2.5615913524624956,2.504267217845761
1761,52830,train,11.343238265881531,0,True,nominal,1.4171483184185267,1.3879988724099657
1762,52860,train,10.915261303942712,0,True,nominal,0.9538516723754588,0.9361079830076193
1763,52890,train,9.256969996284615,0,True,nominal,-0.8412935558160476,-0.8148431207878265
1764,52920,train,9.528158568080805,0,True,nominal,-0.5477245861471964,-0.5285014346616216
1765,52950,train,10.086345166733775,0,True,nominal,0.05652751623367332,0.060874772354445654
1766,52980,train,9.870425841513756,0,True,nominal,-0.17721099795442835,-0.16710940574432134
1767,53010,train,9.963531376733703,0,True,nominal,-0.0764217358407986,-0.06880144325909231
1768,53040,train,9.466684208735568,0,True,nominal,-0.614272244164279,-0.5934107764965442
1769,53070,train,7.372322583056805,0,True,nominal,-2.8814753954334056,-2.8047983555630416
1770,53100,train,8.36452066327045,0,True,nominal,-1.8073941161727105,-1.757159550661342
1771,53130,train,8.466355964657328,0,True,nominal,-1.6971546458806859,-1.6496340317460256
1772,53160,train,11.064261303384312,0,True,nominal,1.1151482049948485,1.0934336062458132
1773,53190,train,10.993659059905047,0,True,nominal,1.038719365323485,1.0188863445074428
1774,53220,train,10.45311393900853,0,True,nominal,0.45356464014437264,0.44813736227847656
1775,53250,train,11.332297896932506,0,True,nominal,1.4053050728905538,1.376447192075659
1776,53280,train,10.52910311230106,0,True,nominal,0.5358249771553344,0.5283725575295224
1777,53310,train,10.54437767367975,0,True,nominal,0.552360103309011,0.5445006105335373
1778,53340,train,10.377254039295908,0,True,nominal,0.3714442452829187,0.36803866398450136
1779,53370,train,9.76967525076193,0,True,nominal,-0.28627623962239296,-0.27348960400640154
1780,53400,train,10.025697262767864,0,True,nominal,-0.00912548146428572,-0.0031619345266634697
1781,53430,train,10.610932803589414,0,True,nominal,0.624407832991517,0.6147746194729867
1782,53460,train,10.117626902376205,0,True,nominal,0.09039084181991291,0.09390442721593265
1783,53490,train,9.592620900871907,0,True,nominal,-0.477942365994657,-0.46043716137467455
1784,53520,train,9.801052403420343,0,True,nominal,-0.2523096225335456,-0.24035920054381896
1785,53550,train,10.297176278962269,0,True,nominal,0.28475790212756197,0.2834864250635452
1786,53580,train,10.940163462869652,0,True,nominal,0.9808089334808638,0.9624015916508392
1787,53610,train,10.262473040592813,0,True,nominal,0.24719070722397157,0.24684408529630103
1788,53640,train,11.964307948592436,0,True,nominal,2.089473061450204,2.0437718608195254
1789,53670,train,11.18812909521178,0,True,nominal,1.2492384425778487,1.2242227177990213
1790,53700,train,11.063627683885983,0,True,nominal,1.1144622947367042,1.0927645821998802
1791,53730,train,11.442689011303521,0,True,nominal,1.5248064423319292,1.493006594313683
1792,53760,train,11.27969912478143,0,True,nominal,1.348365478261018,1.320909375691471
1793,53790,train,9.841907951476914,0,True,nominal,-0.20808238585914085,-0.1972207805114258
1794,53820,train,9.617297206525306,0,True,nominal,-0.4512295971713958,-0.4343820259338265
1795,53850,train,9.865116662219616,0,True,nominal,-0.18295832825247269,-0.17271524429777133
1796,53880,train,9.216985787936695,0,True,nominal,-0.8845775436698775,-0.8570615135502238
1797,53910,train,8.779339773571376,0,True,nominal,-1.358341200692504,-1.3191617298305747
1798,53940,train,9.499083992338758,0,True,nominal,-0.5791986013965063,-0.5592006008773673
1799,53970,train,9.297448709708318,0,True,nominal,-0.7974742528321154,-0.7721025916527219
1800,54000,train,10.25224757863857,0,True,nominal,0.23612136786939528,0.23604725857899544
1801,54030,train,10.503634416344337,0,True,nominal,0.5082544243798152,0.5014807556538716
1802,54060,train,10.55931139597452,0,True,nominal,0.5685262619283036,0.5602687795006237
1803,54090,train,12.289851902273583,0,True,nominal,2.441883203334513,2.3875061265661923
1804,54120,train,11.916160641589233,0,True,nominal,2.037352298338243,1.9929342426322274
1805,54150,train,10.287952070790034,0,True,nominal,0.2747724470945635,0.2737467988553957
1806,54180,train,9.329839150296458,0,True,nominal,-0.7624107241310365,-0.7379022811051633
1807,54210,train,10.2207854846318,0,True,nominal,0.2020627994717069,0.2028271675283658
1808,54240,train,10.415212775875544,0,True,nominal,0.41253560512086185,0.40811840836105323
1809,54270,train,9.929787302684408,0,True,nominal,-0.11295060940456353,-0.10443102379799629
1810,54300,train,8.841619015796773,0,True,nominal,-1.2909222351705816,-1.25340253094042
1811,54330,train,8.580251198991041,0,True,nominal,-1.5738599717280113,-1.5293747109905602
1812,54360,train,9.073094573073092,0,True,nominal,-1.0403436786958544,-1.0089928903405303
1813,54390,train,9.579113754799845,0,True,nominal,-0.4925642172374222,-0.47469904179024686
1814,54420,train,10.981171419884662,0,True,nominal,1.025201156978278,1.0057009367467442
1815,54450,train,10.29530251506877,0,True,nominal,0.2827295019926525,0.2815079614833386
1816,54480,train,10.816502297762467,0,True,nominal,0.8469423749156695,0.8318306524309736
1817,54510,train,10.139406033511253,0,True,nominal,0.11396734080455309,0.11690050367397843
1818,54540,train,11.202942551128924,0,True,nominal,1.265274409587916,1.2398639003037881
1819,54570,train,11.349976602666992,0,True,nominal,1.4244427503862425,1.3951137250162364
1820,54600,train,11.077264057685545,0,True,nominal,1.1292240384925043,1.1071629111580352
1821,54630,train,11.189758812505703,0,True,nominal,1.2510026556627132,1.2259434982683461
1822,54660,train,10.261898412711496,0,True,nominal,0.2465686569880641,0.24623734912249537
1823,54690,train,10.578307873459694,0,True,nominal,0.5890904630143707,0.5803267168891187
1824,54720,train,9.72430028830589,0,True,nominal,-0.33539586471851723,-0.32139996826518796
1825,54750,train,9.656811917872947,0,True,nominal,-0.4084538525290031,-0.39265936410065283
1826,54780,train,9.393454880519787,0,True,nominal,-0.6935449741744714,-0.670731915718277
1827,54810,train,9.523643282613932,0,True,nominal,-0.5526125048876174,-0.5332690192444159
1828,54840,train,9.645476911943929,0,True,nominal,-0.4207243032700948,-0.40462773241524697
1829,54870,train,9.920591041742526,0,True,nominal,-0.12290581080421294,-0.11414114117762625
1830,54900,train,10.912433839695233,0,True,nominal,0.9507908657920165,0.9331225294734884
1831,54930,train,9.760530546168264,0,True,nominal,-0.2961756298795391,-0.2831452842407602
1832,54960,train,11.04164029260443,0,True,nominal,1.0906603485061594,1.0695486087118529
1833,54990,train,10.621533820775824,0,True,nominal,0.6358837210506756,0.6259679861982292
1834,55020,train,10.66944498587252,0,True,nominal,0.6877488541568082,0.6765562676556405
1835,55050,train,10.121696269586716,0,True,nominal,0.09479604197743116,0.09820117711511328
1836,55080,train,9.80297454131413,0,True,nominal,-0.25022885623390695,-0.23832965998527425
1837,55110,train,10.533781282151736,0,True,nominal,0.5408892226502772,0.5333121279330792
1838,55140,train,9.17116018079093,0,True,nominal,-0.9341850038409588,-0.9054477030233449
1839,55170,train,9.638271529824081,0,True,nominal,-0.42852432445455596,-0.4122357272939227
1840,55200,train,10.080047711474629,0,True,nominal,0.04971035045224589,0.05422543626603781
1841,55230,train,10.237959487182172,0,True,nominal,0.2206541221089743,0.22096079615156927
1842,55260,train,9.829395810237907,0,True,nominal,-0.22162711743672023,-0.21043205853725336
1843,55290,train,9.549236615138792,0,True,nominal,-0.524907029653351,-0.5062456165242428
1844,55320,train,10.588814973383911,0,True,nominal,0.600464683094995,0.5914209185683027
1845,55350,train,11.375697997456328,0,True,nominal,1.452286856488273,1.4222723456937756
1846,55380,train,10.846656117689864,0,True,nominal,0.8795847012092678,0.8636693674032476
1847,55410,train,11.200068222087754,0,True,nominal,1.2621628705967392,1.2368289633273561
1848,55440,train,10.413207321981266,0,True,nominal,0.41036464699544406,0.40600089638135484
1849,55470,train,10.058839065851403,0,True,nominal,0.02675141747640714,0.03183172215048996
1850,55500,train,9.96485839492403,0,True,nominal,-0.07498520272922266,-0.0674002757112797
1851,55530,train,9.959653640005081,0,True,nominal,-0.08061949081450095,-0.07289585500318928
1852,55560,train,9.501379936932384,0,True,nominal,-0.5767131792258615,-0.5567763665453783
1853,55590,train,9.470466182341696,0,True,nominal,-0.6101781553628526,-0.5894174787993345
1854,55620,train,8.441550497859046,0,True,nominal,-1.724007235139497,-1.6758255454264248
1855,55650,train,8.936595373880834,0,True,nominal,-1.1881077566659626,-1.153119210239299
1856,55680,train,9.324009549004748,0,True,nominal,-0.7687214253285549,-0.7440576211043956
1857,55710,train,8.848109055577215,0,True,nominal,-1.2838965914318552,-1.246549849348976
1858,55740,train,9.818984030383639,0,True,nominal,-0.2328981509614421,-0.2214256139783967
1859,55770,train,9.059163189240287,0,True,nominal,-1.0554247787981534,-1.0237027135101981
1860,55800,train,10.223043065747321,0,True,nominal,0.2045066921388553,0.20521089475884288
1861,55830,train,11.936849495616793,0,True,nominal,2.0597485428417337,2.014779120928657
1862,55860,train,10.826958749932595,0,True,nominal,0.8582617674315284,0.8428713763282285
1863,55890,train,10.804770234898188,0,True,nominal,0.8342420992943754,0.8194430409617812
1864,55920,train,10.494072468007355,0,True,nominal,0.49790335647631867,0.4913845174852485
1865,55950,train,7.51707850723333,0,True,nominal,-2.7247731891697056,-2.6519539523829017
1866,55980,train,7.7348701012075765,0,True,nominal,-2.489007893375428,-2.421992889386604
1867,56010,train,9.85073919606137,0,True,nominal,-0.19852232454689295,-0.18789607538776498
1868,56040,train,9.608027911428218,0,True,nominal,-0.46126386002098857,-0.44416925837404986
1869,56070,train,9.499041695472327,0,True,nominal,-0.579244388899335,-0.5592452611518449
1870,56100,train,9.585756474237956,0,True,nominal,-0.4853732936364422,-0.46768514931028904
1871,56130,train,10.135989788038776,0,True,nominal,0.11026916260755724,0.1132933697806468
1872,56160,train,10.742835844267532,0,True,nominal,0.7671964449584163,0.7540479628251214
1873,56190,train,11.366943477640579,0,True,nominal,1.442809851814984,1.4130286524634026
1874,56220,train,11.422574891012507,0,True,nominal,1.5030323626554962,1.4717685639611253
1875,56250,train,9.945028687913934,0,True,nominal,-0.09645139733038828,-0.08833800071588253
1876,56280,train,10.857006997362735,0,True,nominal,0.8907898086391434,0.8745986197636556
1877,56310,train,10.750368198870804,0,True,nominal,0.7753504227068775,0.7620012003207723
1878,56340,train,9.855166458330679,0,True,nominal,-0.19372969330050183,-0.18322143244569666
1879,56370,train,9.173538393624796,0,True,nominal,-0.9316105240733672,-0.902936603575806
1880,56400,train,9.144342261748806,0,True,nominal,-0.9632161271280262,-0.9337641180774752
1881,56430,train,10.02677627511486,0,True,nominal,-0.007957421391289906,-0.00202263056284332
1882,56460,train,9.148997465671314,0,True,nominal,-0.9581767428719803,-0.9288487968616745
1883,56490,train,10.094958510093557,0,True,nominal,0.06585169357192629,0.06996940065861139
1884,56520,train,10.034865515772518,0,True,nominal,0.0007994005851781382,0.006518609925472892
1885,56550,train,9.38767788163873,0,True,nominal,-0.6997987318385833,-0.6768317140593157
1886,56580,train,8.909240910138404,0,True,nominal,-1.2177197041146346,-1.1820021503248872
1887,56610,train,9.349487901879222,0,True,nominal,-0.741140418678171,-0.7171556227145877
1888,56640,train,10.652422531982472,0,True,nominal,0.6693215870465532,0.6585826557272397
1889,56670,train,10.42043834700531,0,True,nominal,0.41819242731781586,0.41363596700432226
1890,56700,train,10.154508934873956,0,True,nominal,0.130316640344325,0.1328473048719437
1891,56730,train,10.040453689767238,0,True,nominal,0.006848750198602254,0.012419032474316133
1892,56760,train,7.82242846309429,0,True,nominal,-2.394223596549332,-2.3295420578083004
1893,56790,train,8.221730570432825,0,True,nominal,-1.961968256799717,-1.9079282783936125
1894,56820,train,8.218684000643437,0,True,nominal,-1.9652662510631596,-1.9111450803577095
1895,56850,train,8.824412005155747,0,True,nominal,-1.309549289959467,-1.2715710120364674
1896,56880,train,7.866214846812081,0,True,nominal,-2.3468236509379903,-2.283309036777665
1897,56910,train,8.720201415523462,0,True,nominal,-1.4223600740729112,-1.3816045423945988
1898,56940,train,8.438343819058227,0,True,nominal,-1.7274785517417424,-1.6792114027603455
1899,56970,train,8.997444839927132,0,True,nominal,-1.1222365625599786,-1.0888696786599563
1900,57000,train,9.514246801060562,0,True,nominal,-0.5627844505188973,-0.5431905448965659
1901,57030,train,10.719707015240973,0,True,nominal,0.7421588614717606,0.7296267718519008
1902,57060,train,11.863826863350432,0,True,nominal,1.980699566791763,1.9376762271376984
1903,57090,train,12.671688249532803,0,True,nominal,2.855231385024307,2.7906782173895732
1904,57120,train,11.076918368723053,0,True,nominal,1.128849820833285,1.1067979062474687
1905,57150,train,10.344021430825126,0,True,nominal,0.3354690470525607,0.3329491280174507
1906,57180,train,10.129077322307475,0,True,nominal,0.10278623134253988,0.10599465848289444
1907,57210,train,10.72738494064292,0,True,nominal,0.7504704235501884,0.7377337141577046
1908,57240,train,10.73639629660597,0,True,nominal,0.760225460305128,0.7472485946840196
1909,57270,train,10.55206088915383,0,True,nominal,0.560677392033718,0.5526131385030891
1910,57300,train,11.04813631635443,0,True,nominal,1.0976924700539101,1.0764076086371472
1911,57330,train,11.83760532372214,0,True,nominal,1.9523140403633341,1.9099895151930923
1912,57360,train,11.418469880066302,0,True,nominal,1.498588577189262,1.4674341786729936
1913,57390,train,10.274319363935858,0,True,nominal,0.2600146729064025,0.2593523417393234
1914,57420,train,10.329531882107874,0,True,nominal,0.3197837183540962,0.3176499515682899
1915,57450,train,9.92190888757309,0,True,nominal,-0.12147920702036287,-0.11274965851049545
1916,57480,train,10.84260192163347,0,True,nominal,0.8751959242367423,0.8593886363717549
1917,57510,train,11.202627385437795,0,True,nominal,1.2649332341961699,1.2395311242033453
1918,57540,train,11.162641133962207,0,True,nominal,1.2216470346013357,1.1973105741501107
1919,57570,train,9.813765017428526,0,True,nominal,-0.23854787375681244,-0.2269362479980509
1920,57600,train,8.969279129482377,0,True,nominal,-1.1527267065232432,-1.1186091952121318
1921,57630,train,11.027304365258143,0,True,nominal,1.075141319100082,1.0544116374843049
1922,57660,train,11.117398242250365,0,True,nominal,1.172670379660777,1.1495396603089094
1923,57690,train,10.570784081835303,0,True,nominal,0.5809457549223358,0.5723825208430934
1924,57720,train,10.331183736639142,0,True,nominal,0.32157189559761057,0.3193941062300649
1925,57750,train,10.326528955113766,0,True,nominal,0.3165329685978942,0.3144792310135419
1926,57780,train,10.35065670798812,0,True,nominal,0.3426519141892753,0.33995516237274176
1927,57810,train,10.55494548004044,0,True,nominal,0.5638000397503569,0.5556589107227113
1928,57840,train,10.157432705784483,0,True,nominal,0.13348170149740474,0.13593444636475102
1929,57870,train,9.872939104551264,0,True,nominal,-0.17449032268577166,-0.1644557099374798
1930,57900,train,9.91219173954924,0,True,nominal,-0.13199828278593603,-0.12300976840767275
1931,57930,train,9.586870972335756,0,True,nominal,-0.4841668192776514,-0.46650837677007845
1932,57960,train,11.161615309115572,0,True,nominal,1.220536551437193,1.1962274296270567
1933,57990,train,11.367135387473233,0,True,nominal,1.443017599403566,1.4132312855784435
1934,58020,train,11.27160870022975,0,True,nominal,1.339607374687224,1.3123668851570762
1935,58050,train,11.290153522497816,0,True,nominal,1.3596826467750887,1.3319479303389488
1936,58080,train,10.565484612064028,0,True,nominal,0.575208935445615,0.5667869343483121
1937,58110,train,10.415128150376695,0,True,nominal,0.41244399572766316,0.4080290542711333
1938,58140,train,10.368947384676039,0,True,nominal,0.3624520668072617,0.3592678611657572
1939,58170,train,10.138577278656893,0,True,nominal,0.11307019124146031,0.11602544075812206
1940,58200,train,9.444874467713058,0,True,nominal,-0.6378818791806641,-0.616439173220632
1941,58230,train,10.54344782097253,0,True,nominal,0.5513535125836193,0.5435188007534615
1942,58260,train,10.174477896845618,0,True,nominal,0.15193358221082445,0.1539320659416433
1943,58290,train,9.726662328637824,0,True,nominal,-0.33283889212203555,-0.3189059449851357
1944,58320,train,10.175826729608328,0,True,nominal,0.15339373018749544,0.15535626698750096
1945,58350,train,9.26927971691681,0,True,nominal,-0.8279679500245892,-0.8018455739582572
1946,58380,train,9.947042060688124,0,True,nominal,-0.0942718668031119,-0.08621212737563191
1947,58410,train,8.649357219324814,0,True,nominal,-1.4990508341123325,-1.4564072763646057
1948,58440,train,8.35134965293439,0,True,nominal,-1.8216520913825252,-1.7710665131953225
1949,58470,train,9.573479537866145,0,True,nominal,-0.4986634095786105,-0.4806480800041763
1950,58500,train,11.14929867102106,0,True,nominal,1.2072034573055308,1.1832225788104118
1951,58530,train,11.05304958148041,0,True,nominal,1.1030112125480735,1.0815954106571215
1952,58560,train,9.682619462846406,0,True,nominal,-0.3805164865206938,-0.36540977945358377
1953,58590,train,9.24504258783306,0,True,nominal,-0.8542052983233025,-0.827436993105208
1954,58620,train,9.681397265789782,0,True,nominal,-0.38183954791767255,-0.36670026881179735
1955,58650,train,10.40915363802506,0,True,nominal,0.405976424385234,0.4017207060645034
1956,58680,train,11.07164083106855,0,True,nominal,1.1231367434666415,1.1012254773631098
1957,58710,train,9.557520852466212,0,True,nominal,-0.5159391185035752,-0.49749848360159976
1958,58740,train,10.088770312061893,0,True,nominal,0.05915280169669025,0.06343542672772919
1959,58770,train,11.48650624725162,0,True,nominal,1.5722397863177067,1.539272191494518
1960,58800,train,11.054882708242195,0,True,nominal,1.104995621887911,1.0835309664380155
1961,58830,train,10.140771748543335,0,True,nominal,0.11544576429479778,0.11834253031420126
1962,58860,train,9.923489684967363,0,True,nominal,-0.11976795105106476,-0.11108053142191016
1963,58890,train,11.032215957328022,0,True,nominal,1.080458250465729,1.0595976729633747
1964,58920,train,11.33150692567243,0,True,nominal,1.4044488250910245,1.3756120239755165
1965,58950,train,12.114314304425292,0,True,nominal,2.2518590021038043,2.202160072292937
1966,58980,train,11.447167911537582,0,True,nominal,1.5296549730729327,1.4977357605780186
1967,59010,train,10.679164606291396,0,True,nominal,0.69827060635692,0.6868189880970433
1968,59040,train,10.661447308773788,0,True,nominal,0.6790911522113755,0.6681117069930141
1969,59070,train,10.648849542600017,0,True,nominal,0.6654537293241658,0.6548100195962004
1970,59100,train,9.438055175311238,0,True,nominal,-0.645263947794446,-0.6236395049735214
1971,59130,train,10.436212713258962,0,True,nominal,0.4352686057776662,0.43029175231535516
1972,59160,train,9.748822384635279,0,True,nominal,-0.3088500316627308,-0.2955076588518571
1973,59190,train,8.643521689188796,0,True,nominal,-1.5053679534442999,-1.4625688764922227
1974,59220,train,9.002087121050701,0,True,nominal,-1.117211167583587,-1.0839680023260667
1975,59250,train,9.574513123908963,0,True,nominal,-0.4975445247095163,-0.47955674061514303
1976,59280,train,9.304640028652726,0,True,nominal,-0.789689455415739,-0.7645094457528994
1977,59310,train,9.322268111897689,0,True,nominal,-0.7706065781352397,-0.7458963639179856
1978,59340,train,9.733887134481584,0,True,nominal,-0.3250178442306654,-0.31127744104953614
1979,59370,train,8.061963098516935,0,True,nominal,-2.13492086983311,-2.0766230246121173
1980,59400,train,10.615764112628527,0,True,nominal,0.6296378558032096,0.6198758859728755
1981,59430,train,9.549757595193682,0,True,nominal,-0.5243430546417227,-0.5056955258387564
1982,59460,train,8.516674058135152,0,True,nominal,-1.6426839476497617,-1.596504330764657
1983,59490,train,8.611179895762433,0,True,nominal,-1.5403788202759447,-1.4967178216366006
1984,59520,train,9.282096519588157,0,True,nominal,-0.8140934141997385,-0.7883126110337777
1985,59550,train,9.259557687198084,0,True,nominal,-0.8384923103570044,-0.8121108383231621
1986,59580,train,10.595218622914881,0,True,nominal,0.607396807050204,0.5981823827108157
1987,59610,train,10.024494737970713,0,True,nominal,-0.010427247107884117,-0.0044316524050536646
1988,59640,train,10.21721201611011,0,True,nominal,0.19819442306812796,0.19905402548538662
1989,59670,train,10.563793720848738,0,True,nominal,0.5733784999349776,0.5650015617626044
1990,59700,train,10.683014135259741,0,True,nominal,0.7024378256665775,0.6908836159251514
1991,59730,train,9.483648280638459,0,True,nominal,-0.5959081771354416,-0.5754988087463305
1992,59760,train,10.007390258280683,0,True,nominal,-0.02894330936694413,-0.02249187346199184
1993,59790,train,9.883626379176526,0,True,nominal,-0.16292105861418624,-0.15317126599494077
1994,59820,train,8.423843566178476,0,True,nominal,-1.7431754679858584,-1.6945218814849603
1995,59850,train,9.852385357995619,0,True,nominal,-0.19674030969374293,-0.18615793140637452
1996,59880,train,9.435167798652635,0,True,nominal,-0.6483896111846749,-0.6266882186247995
1997,59910,train,8.613769184328328,0,True,nominal,-1.5375758453149038,-1.4939838522480127
1998,59940,train,8.255890214460456,0,True,nominal,-1.9249895174855,-1.8718599072098383
1999,59970,train,8.626425949665826,0,True,nominal,-1.5238745542359338,-1.4806198690106709
2000,60000,train,8.296667192307906,0,True,nominal,-1.8808473351892556,-1.828804447628212
2001,60030,train,7.979867004974495,0,True,nominal,-2.2237921133204823,-2.1633063744805034
2002,60060,train,9.449723080704008,0,True,nominal,-0.6326331243727151,-0.6113196358817012
2003,60090,train,9.851714620202824,0,True,nominal,-0.19746640151038794,-0.1868661477934644
2004,60120,train,9.683660685622366,0,True,nominal,-0.3793893346812568,-0.36431037661619015
2005,60150,train,9.733171784614385,0,True,nominal,-0.3257922298254403,-0.31203276228518934
2006,60180,train,10.07936930537792,0,True,nominal,0.048975957489043986,0.05350912309574717
2007,60210,train,10.220025068197875,0,True,nominal,0.20123962809856194,0.2020242615563108
2008,60240,train,9.88791497529894,0,True,nominal,-0.1582785372253085,-0.1486430374022944
2009,60270,train,9.87840880739631,0,True,nominal,-0.16856922129872026,-0.1586803783116441
2010,60300,train,10.349423078602433,0,True,nominal,0.3413164769866276,0.338652601884986
2011,60330,train,11.518109582035466,0,True,nominal,1.6064512516797722,1.5726414153865125
2012,60360,train,11.767647120063778,0,True,nominal,1.8765823912313637,1.8361222800761534
2013,60390,train,10.671063915949587,0,True,nominal,0.6895013897874304,0.6782656581543524
2014,60420,train,8.803827348596974,0,True,nominal,-1.331832737882515,-1.2933058706565337
2015,60450,train,9.894682888578913,0,True,nominal,-0.1509520879016885,-0.14149695566548837
2016,60480,train,10.693765734750817,0,True,nominal,0.7140767231465921,0.7022359789928037
2017,60510,train,9.073151300591677,0,True,nominal,-1.0402822696214509,-1.0089329930771105
2018,60540,train,9.142820147105406,0,True,nominal,-0.9648638574310445,-0.9353712834184842
2019,60570,train,10.20406618130482,0,True,nominal,0.1839637010518379,0.185173645207
2020,60600,train,10.093414218119927,0,True,nominal,0.0641799557086243,0.0683388187920099
2021,60630,train,9.503008796195694,0,True,nominal,-0.574949894982362,-0.5550564920505604
2022,60660,train,9.673024744272775,0,True,nominal,-0.3909030290924075,-0.3755406189505542
2023,60690,train,10.142610990793495,0,True,nominal,0.11743679381633912,0.12028454329659616
2024,60720,train,10.665551200101634,0,True,nominal,0.6835337256604297,0.6724449101022413
2025,60750,train,9.492155022595037,0,True,nominal,-0.5866993987017088,-0.566516738376795
2026,60780,train,9.786151488697179,0,True,nominal,-0.26844026606851806,-0.2560927287614467
2027,60810,train,10.279184889895506,0,True,nominal,0.2652817364607782,0.2644897370873231
2028,60840,train,10.543689588786542,0,True,nominal,0.5516152327866078,0.5437740777478304
2029,60870,train,10.43931273704925,0,True,nominal,0.43862446544400724,0.43356499511191826
2030,60900,train,10.624190236169465,0,True,nominal,0.6387593626197821,0.6287728332381646
2031,60930,train,11.088155203239928,0,True,nominal,1.141013998363368,1.1186626176583219
2032,60960,train,11.12149034526613,0,True,nominal,1.1771001919429098,1.1538604164144315
2033,60990,train,9.843058535853785,0,True,nominal,-0.20683684712645029,-0.19600590531103793
2034,61020,train,10.23165427822009,0,True,nominal,0.213828562734236,0.21430327310912467
2035,61050,train,10.975921192399621,0,True,nominal,1.0195176436093265,1.0001573440331746
2036,61080,train,12.550703317163464,0,True,nominal,2.7242619208397487,2.66293304988105
2037,61110,train,10.899390449136233,0,True,nominal,0.9366710424453609,0.9193503176847351
2038,61140,train,10.305906460828574,0,True,nominal,0.29420856031178294,0.2927044204209046
2039,61170,train,11.272478404999081,0,True,nominal,1.3405488536417294,1.3132851861327874
2040,61200,train,11.914662321968603,0,True,nominal,2.0357303267914713,1.991352201900623
2041,61230,train,10.459665625093546,0,True,nominal,0.46065701767648154,0.455055134764712
2042,61260,train,12.235672325760167,0,True,nominal,2.3832323451925563,2.330299175735998
2043,61290,train,11.681355679848485,0,True,nominal,1.7831695714083982,1.7450091615334025
2044,61320,train,11.144575510486646,0,True,nominal,1.2020905081776054,1.1782355037935288
2045,61350,train,10.479126021997683,0,True,nominal,0.4817234240912322,0.4756029138444423
2046,61380,train,10.75579236506864,0,True,nominal,0.7812222294407097,0.7677284508631893
2047,61410,train,10.691021366359951,0,True,nominal,0.7111058700772237,0.6993382644350433
2048,61440,train,11.153893337168729,0,True,nominal,1.2121773077816373,1.188073979602105
2049,61470,train,10.331348905141484,0,True,nominal,0.3217506949722785,0.3195685037983041
2050,61500,train,10.239449654639948,0,True,nominal,0.2222672687187885,0.2225342292046062
2051,61530,train,9.122480782459654,0,True,nominal,-0.9868817702185342,-0.9568471440302554
2052,61560,train,7.987915485055515,0,True,nominal,-2.215079415771557,-2.1548081721341137
2053,61590,train,9.42213849927137,0,True,nominal,-0.6624941804500047,-0.6404455518677309
2054,61620,train,10.402878641525586,0,True,nominal,0.3991835708190786,0.3950950836564695
2055,61650,train,10.18410179652562,0,True,nominal,0.1623517141200782,0.16409371708803644
2056,61680,train,8.500658001456625,0,True,nominal,-1.660021762536765,-1.6134153113566747
2057,61710,train,8.549890067069036,0,True,nominal,-1.6067267188674212,-1.5614323218613484
2058,61740,train,9.40474987600583,0,True,nominal,-0.6813178358209272,-0.6588057934969757
2059,61770,train,9.646029765211408,0,True,nominal,-0.4201258246430759,-0.40404398754819104
2060,61800,train,10.764333907048249,0,True,nominal,0.7904686798413613,0.7767472657651576
2061,61830,train,8.576100352465424,0,True,nominal,-1.5783533754496646,-1.5337574929976483
2062,61860,train,9.299052179775101,0,True,nominal,-0.7957384530811062,-0.770409525018186
2063,61890,train,9.377460805938002,0,True,nominal,-0.7108589928467266,-0.6876196859271875
2064,61920,train,10.25879006929057,0,True,nominal,0.24320379109635487,0.2429553218220371
2065,61950,train,9.977401395616605,0,True,nominal,-0.06140706495783459,-0.05415641390838254
2066,61980,train,10.231122234228977,0,True,nominal,0.21325261071216167,0.21374150027150293
2067,62010,train,9.973824051278115,0,True,nominal,-0.06527963703801247,-0.05793364833589791
2068,62040,train,9.23558586577395,0,True,nominal,-0.8644424559326723,-0.8374221253019563
2069,62070,train,9.704665601341883,0,True,nominal,-0.35665094484086873,-0.34213177615294604
2070,62100,train,10.280639625544609,0,True,nominal,0.26685652717861397,0.26602575852020705
2071,62130,train,9.891571115150029,0,True,nominal,-0.15432066686985746,-0.144782604631327
2072,62160,train,8.934099486919138,0,True,nominal,-1.1908096218622064,-1.155754559053075
2073,62190,train,9.7593423183527,0,True,nominal,-0.297461918653569,-0.28439990626984046
2074,62220,train,9.766720599457614,0,True,nominal,-0.28947472963763854,-0.2766093513865704
2075,62250,train,10.455779374496744,0,True,nominal,0.4564500462100164,0.4509517334258331
2076,62280,train,10.794543624893002,0,True,nominal,0.823171517143577,0.8086450020442687
2077,62310,train,11.101535335245204,0,True,nominal,1.1554983534407421,1.132790386884015
2078,62340,train,11.561662965358432,0,True,nominal,1.6535989680567171,1.6186284167361547
2079,62370,train,11.1027500161028,0,True,nominal,1.1568132783488194,1.1340729400630274
2080,62400,train,11.414523392133765,0,True,nominal,1.494316397176321,1.4632671741366488
2081,62430,train,11.933861266596265,0,True,nominal,2.056513704039787,2.0116239196213095
2082,62460,train,11.553163352766106,0,True,nominal,1.64439790735277,1.6096538740960054
2083,62490,train,9.904869793322003,0,True,nominal,-0.13992448777187447,-0.1307408406078977
2084,62520,train,10.182029715672524,0,True,nominal,0.16010863050823881,0.16190585525692855
2085,62550,train,9.05295068483048,0,True,nominal,-1.0621499829856704,-1.0302623519786944
2086,62580,train,10.168584562129789,0,True,nominal,0.1455538878565219,0.14770943130678582
2087,62610,train,8.350935854534944,0,True,nominal,-1.822100039350876,-1.7715034332713748
2088,62640,train,8.668773135980828,0,True,nominal,-1.4780325787701938,-1.4359064629411435
2089,62670,train,9.305508030152922,0,True,nominal,-0.7887498202961769,-0.7635929432193301
2090,62700,train,9.36166336940791,0,True,nominal,-0.7279601455053031,-0.7042998306048829
2091,62730,train,8.342676604859237,0,True,nominal,-1.831040900691291,-1.7802241823155363
2092,62760,train,10.130596182330677,0,True,nominal,0.10443043843109556,0.10759838734636651
2093,62790,train,9.35560549505723,0,True,nominal,-0.7345179584681935,-0.7106961988014686
2094,62820,train,9.208365883459464,0,True,nominal,-0.8939088235953688,-0.8661630695852323
2095,62850,train,8.839556016746524,0,True,nominal,-1.2931554874850066,-1.2555808035077798
2096,62880,train,10.135611597166971,0,True,nominal,0.1098597607517246,0.11289404686230653
2097,62910,train,10.479674474197648,0,True,nominal,0.4823171384435364,0.4761820117269872
2098,62940,train,8.615912467783218,0,True,nominal,-1.5352556829592672,-1.491720809250829
2099,62970,train,8.479352268087506,0,True,nominal,-1.6830857956255634,-1.635911538158052
2100,63000,train,9.245219942305663,0,True,nominal,-0.8540133073059694,-0.8272497286552688
2101,63030,train,9.370931220082447,0,True,nominal,-0.7179274462822207,-0.6945141232967331
2102,63060,train,8.994080592270654,0,True,nominal,-1.125878451713646,-1.0924219092724836
2103,63090,train,9.578111325389683,0,True,nominal,-0.49364937420830024,-0.4757574836177442
2104,63120,train,9.939420780685465,0,True,nominal,-0.10252210870349732,-0.094259259125865
2105,63150,train,11.126904028638046,0,True,nominal,1.182960650733929,1.1595765983855248
2106,63180,train,10.879577724883498,0,True,nominal,0.9152232321387396,0.898430524377423
2107,63210,train,10.28711229774726,0,True,nominal,0.2738633700442663,0.27286010209144834
2108,63240,train,9.962045923675694,0,True,nominal,-0.0780297789852532,-0.07036989848740273
2109,63270,train,10.7263807811644,0,True,nominal,0.7493833937334815,0.7366734455913897
2110,63300,train,10.500022851119894,0,True,nominal,0.5043448072642817,0.4976673881912527
2111,63330,train,11.319035537063916,0,True,nominal,1.3909482093390715,1.3624437757014674
2112,63360,train,10.538743076223485,0,True,nominal,0.5462604990418464,0.5385511705347095
2113,63390,train,11.213680192530239,0,True,nominal,1.2768981970579378,1.2512015253501039
2114,63420,train,10.602232870289125,0,True,nominal,0.6149899196987957,0.6055885628707846
2115,63450,train,10.116920045412115,0,True,nominal,0.08962565002264533,0.09315807343853344
2116,63480,train,8.826907025799565,0,True,nominal,-1.3068483625757759,-1.2689365779475275
2117,63510,train,9.277281134371176,0,True,nominal,-0.8193061990429363,-0.7933970639413793
2118,63540,train,9.651630153010855,0,True,nominal,-0.4140632532554243,-0.3981306687278851
2119,63570,train,9.312540866579969,0,True,nominal,-0.7811365844947453,-0.7561671353121888
2120,63600,train,9.074146051367766,0,True,nominal,-1.0392054249798073,-1.0078826589401886
2121,63630,train,9.678739740620419,0,True,nominal,-0.3847163908490382,-0.3695062876380265
2122,63660,train,9.475655308642668,0,True,nominal,-0.604560785679579,-0.5839384014005305
2123,63690,train,10.256279538883947,0,True,nominal,0.24048607397460084,0.24030451133639577
2124,63720,train,10.400354924120142,0,True,nominal,0.39645157841414713,0.39243034932642606
2125,63750,train,8.824130648290271,0,True,nominal,-1.3098538663822847,-1.2718680901866626
2126,63780,train,10.828383539152053,0,True,nominal,0.8598041403286646,0.8443757780247005
2127,63810,train,10.843110640563676,0,True,nominal,0.875746626249008,0.8599257808217392
2128,63840,train,10.955281654674671,0,True,nominal,0.9971747853383347,0.9783645376701204
2129,63870,train,9.83733864113746,0,True,nominal,-0.21302878798650923,-0.2020454086967772
2130,63900,train,10.635755527221095,0,True,nominal,0.6512791032396008,0.6409843542411693
2131,63930,train,10.058273100945078,0,True,nominal,0.0261387451454228,0.03123413300987057
2132,63960,train,10.039882589845702,0,True,nominal,0.006230519074653961,0.01181602139093515
2133,63990,train,10.180602793676421,0,True,nominal,0.15856394882265293,0.1603992016113547
2134,64020,train,11.08597066386741,0,True,nominal,1.1386491753601586,1.1163560135002162
2135,64050,train,9.70044583166859,0,True,nominal,-0.3612189597355359,-0.3465873325036873
2136,64080,train,8.99802059958474,0,True,nominal,-1.121613287145601,-1.0882617474699698
2137,64110,train,8.854504239669886,0,True,nominal,-1.2769736315427522,-1.2397973236652637
2138,64140,train,9.593985194097442,0,True,nominal,-0.476465481648485,-0.4589966359868132
2139,64170,train,10.116754766624057,0,True,nominal,0.08944673126070397,0.09298355942217916
2140,64200,train,10.639522133995026,0,True,nominal,0.655356557029216,0.6449614264587715
2141,64230,train,9.924536327158442,0,True,nominal,-0.11863493254806498,-0.10997540635052708
2142,64260,train,10.336425843073144,0,True,nominal,0.327246617708987,0.32492912411530706
2143,64290,train,11.695901466735261,0,True,nominal,1.7989157794476618,1.7603677185537263
2144,64320,train,11.270704495087582,0,True,nominal,1.3386285481452442,1.31141215604258
2145,64350,train,10.656989021267812,0,True,nominal,0.6742649353064813,0.6634043052273675
2146,64380,train,10.433684684246693,0,True,nominal,0.432531945941636,0.42762246546025373
2147,64410,train,9.730639225155551,0,True,nominal,-0.32853379399250854,-0.31470683273312194
2148,64440,train,10.411631758538938,0,True,nominal,0.408659056920801,0.40433729570051885
2149,64470,train,9.1457301326555,0,True,nominal,-0.9617137193037848,-0.9322986975661461
2150,64500,train,8.79337172540443,0,True,nominal,-1.3431512330076985,-1.3043457192556964
2151,64530,train,7.7353001527124725,0,True,nominal,-2.4885423509804787,-2.421538808035692
2152,64560,train,8.279037044650993,0,True,nominal,-1.8999324472515715,-1.8474197092275406
2153,64590,train,8.886210493178764,0,True,nominal,-1.242650753874972,-1.2063194302926032
2154,64620,train,10.003629597595081,0,True,nominal,-0.03301432635499055,-0.026462667343649555
2155,64650,train,9.736370464714133,0,True,nominal,-0.3223295720336175,-0.3086553505931191
2156,64680,train,9.532499474337813,0,True,nominal,-0.5430254376216579,-0.5239179730182539
2157,64710,train,10.719039608468304,0,True,nominal,0.7414363755745685,0.7289220726112496
2158,64740,train,10.137168102010946,0,True,nominal,0.11154471937776084,0.11453752401377912
2159,64770,train,11.543574696196323,0,True,nominal,1.634017927064312,1.5995294353274716
2160,64800,train,11.5400880343423,0,True,nominal,1.6302435212282194,1.5958479504196816
2161,64830,train,11.017782593907082,0,True,nominal,1.0648337438713806,1.0443578212577862
2162,64860,train,11.289061547352288,0,True,nominal,1.3585005541217985,1.3307949392585825
2163,64890,train,10.419835936294167,0,True,nominal,0.41754030141657794,0.41299989558867617
2164,64920,train,9.660176512789704,0,True,nominal,-0.4048115874566838,-0.38910676682409817
2165,64950,train,10.572696534206084,0,True,nominal,0.5830160363811469,0.5744018346838596
2166,64980,train,11.093310492530096,0,True,nominal,1.1465947385665232,1.124105967346834
2167,65010,train,10.682781765314148,0,True,nominal,0.7021862789105403,0.6906382619207941
2168,65040,train,10.78984903153795,0,True,nominal,0.8180894927605846,0.8036880904456009
2169,65070,train,10.851668591530176,0,True,nominal,0.8850108398221378,0.8689619215901438
2170,65100,train,10.355075082974802,0,True,nominal,0.3474349247116561,0.3446204214404245
2171,65130,train,9.469713261811734,0,True,nominal,-0.6109932122170535,-0.5902124700212742
2172,65160,train,10.125547745687985,0,True,nominal,0.09896536911118539,0.10226786087544941
2173,65190,train,9.180572378029657,0,True,nominal,-0.9239960455548777,-0.895509583545673
2174,65220,train,9.510354277579994,0,True,nominal,-0.5669982125518376,-0.5473005696270671
2175,65250,train,10.285432493772326,0,True,nominal,0.27204493677143055,0.2710864362641672
2176,65280,train,10.64271214481711,0,True,nominal,0.6588098300933025,0.648329684462811
2177,65310,train,9.882481118403147,0,True,nominal,-0.16416083440199386,-0.15438052012660095
2178,65340,train,9.909679456013238,0,True,nominal,-0.13471789771769715,-0.12566242998172433
2179,65370,train,10.035541640716977,0,True,nominal,0.001531324139321552,0.007232514480321854
2180,65400,train,10.74397162209932,0,True,nominal,0.7684259552052615,0.7552472041399927
2181,65430,train,9.917931792387172,0,True,nominal,-0.12578452021358452,-0.11694898053161738
2182,65460,train,10.61916789055277,0,True,nominal,0.6333225375417622,0.6234698556728941
2183,65490,train,10.56414075537691,0,True,nominal,0.5737541742054684,0.5653679874245806
2184,65520,train,11.89294962695897,0,True,nominal,2.0122257467109272,1.9684262737974472
2185,65550,train,10.47277449357687,0,True,nominal,0.47484772264861413,0.4688964831661575
2186,65580,train,9.759802441991932,0,True,nominal,-0.2969638223591914,-0.283914072453868
2187,65610,train,9.36933409656725,0,True,nominal,-0.7196563757193452,-0.6962004887555139
2188,65640,train,10.363055607170226,0,True,nominal,0.356074058174953,0.3530468707526259
2189,65670,train,9.946505622219401,0,True,nominal,-0.09485257596615176,-0.0867785402396391
2190,65700,train,10.782746521849806,0,True,nominal,0.8104008337680573,0.7961887161675458
2191,65730,train,10.239842577726208,0,True,nominal,0.2226926185955489,0.2229491075244863
2192,65760,train,10.588972680643796,0,True,nominal,0.600635405472737,0.5915874379847017
2193,65790,train,9.693066467636294,0,True,nominal,-0.3692073210496722,-0.3543790308247167
2194,65820,train,9.628407472292063,0,True,nominal,-0.4392024337393575,-0.42265095551337295
2195,65850,train,10.843302795343726,0,True,nominal,0.8759546389997765,0.8601286725710205
2196,65880,train,10.750264029691309,0,True,nominal,0.7752376567503579,0.7618912105144114
2197,65910,train,10.386815340942096,0,True,nominal,0.38179461312612634,0.3781342193274031
2198,65940,train,11.424580143529687,0,True,nominal,1.505203102784754,1.473885863311444
2199,65970,train,10.157496879861858,0,True,nominal,0.13355117167326644,0.13600220627586893
2200,66000,train,10.044464000464949,0,True,nominal,0.011190020082436369,0.016653425979420534
2201,66030,train,10.410385004829337,0,True,nominal,0.40730941228225925,0.40302087754533317
2202,66060,train,10.893350000796863,0,True,nominal,0.930132093611413,0.9129723492069437
2203,66090,train,11.372050987185476,0,True,nominal,1.4483388691505532,1.4184215526335868
2204,66120,train,11.167410200430675,0,True,nominal,1.2268096781454836,1.2023461201717744
2205,66150,train,11.577808968606915,0,True,nominal,1.6710774536231718,1.6356766048797335
2206,66180,train,10.746618926972305,0,True,nominal,0.7712917343891484,0.7580424315937159
2207,66210,train,10.959018769363743,0,True,nominal,1.0012203131477795,0.9823104698833702
2208,66240,train,10.531881645356702,0,True,nominal,0.5388328143991123,0.5313063457597571
2209,66270,train,10.58507305936266,0,True,nominal,0.5964139598785544,0.5874699188521729
2210,66300,train,9.712655736800441,0,True,nominal,-0.34800140692506676,-0.33369517853223346
2211,66330,train,8.968205140303663,0,True,nominal,-1.1538893288806022,-1.1197431953297523
2212,66360,train,9.992129286454729,0,True,nominal,-0.04546372446193509,-0.03860557757431867
2213,66390,train,10.910202144629212,0,True,nominal,0.9483749954741508,0.9307661347187559
2214,66420,train,10.500299306137538,0,True,nominal,0.5046440773041365,0.4979592905946838
2215,66450,train,10.246062275050232,0,True,nominal,0.22942560930740716,0.2295163408232927
2216,66480,train,10.913625622675454,0,True,nominal,0.9520810031280228,0.9343809053179897
2217,66510,train,10.626267081122231,0,True,nominal,0.6410076034984712,0.6309657253709668
2218,66540,train,9.661714832072457,0,True,nominal,-0.4031463151929286,-0.3874824913824507
2219,66570,train,10.337320171683807,0,True,nominal,0.3282147526382678,0.3258734248306062
2220,66600,train,10.500131158422732,0,True,nominal,0.5044620528513329,0.4977817473455087
2221,66630,train,10.215094999434148,0,True,nominal,0.19590269521168627,0.1968187169672686
2222,66660,train,9.613061429035772,0,True,nominal,-0.4558149409604529,-0.4388544845642736
2223,66690,train,9.207806783507468,0,True,nominal,-0.8945140644274667,-0.8667534101807347
2224,66720,train,9.396385661401514,0,True,nominal,-0.6903723245378184,-0.6676373725604233
2225,66750,train,10.161838197299199,0,True,nominal,0.13825076531264485,0.14058610207495678
2226,66780,train,11.308165794461559,0,True,nominal,1.3791814187431242,1.3509666680788934
2227,66810,train,10.376490634826336,0,True,nominal,0.37061783928030445,0.3672326030153182
2228,66840,train,10.985701770950016,0,True,nominal,1.0301053846368593,1.0104844287434938
2229,66870,train,11.545958927930231,0,True,nominal,1.6365989224541218,1.6020468899911433
2230,66900,train,12.165869679565791,0,True,nominal,2.307669091226077,2.256596190116125
2231,66930,train,11.529631337366055,0,True,nominal,1.6189238637031127,1.5848069680373595
2232,66960,train,11.118905464422037,0,True,nominal,1.1743019884600303,1.1511311010364618
2233,66990,train,11.043572483403032,0,True,nominal,1.0927519973473778,1.0715887638980568
2234,67020,train,10.157649042141,0,True,nominal,0.13371589145925916,0.13616287087646584
2235,67050,train,9.867716916180306,0,True,nominal,-0.18014348295474827,-0.16996969680464216
2236,67080,train,9.250222797728611,0,True,nominal,-0.8485975808902531,-0.8219673303308693
2237,67110,train,9.36905223122131,0,True,nominal,-0.7199615025860301,-0.6964981037983693
2238,67140,train,9.291459410207588,0,True,nominal,-0.803957831663707,-0.7784265532650962
2239,67170,train,8.60859166577865,0,True,nominal,-1.5431806492931943,-1.4994506732930328
2240,67200,train,9.972339216936234,0,True,nominal,-0.06688701040550964,-0.05950145027628238
2241,67230,train,10.13900383554158,0,True,nominal,0.11353195061543858,0.11647583222108447
2242,67260,train,9.475066860335065,0,True,nominal,-0.605197796901041,-0.584559730240021
2243,67290,train,9.51415304862664,0,True,nominal,-0.5628859400663655,-0.5432895359042975
2244,67320,train,9.067385725115432,0,True,nominal,-1.0465236611406377,-1.015020729711516
2245,67350,train,9.18331431316385,0,True,nominal,-0.9210278265517232,-0.8926144382068663
2246,67380,train,8.438834569196997,0,True,nominal,-1.7269473014325967,-1.6786932311380263
2247,67410,train,8.9984443728645,0,True,nominal,-1.1211545410993047,-1.0878142951505083
2248,67440,train,8.877107743750061,0,True,nominal,-1.252504726530377,-1.2159308110470914
2249,67470,train,10.929714966367825,0,True,nominal,0.9694981531912907,0.9513692679581384
2250,67500,train,11.039077406911314,0,True,nominal,1.0878859553695908,1.0668425175006526
2251,67530,train,9.53324530204808,0,True,nominal,-0.5422180589367698,-0.5231304709391548
2252,67560,train,9.386075841000125,0,True,nominal,-0.7015329841948976,-0.6785232713939874
2253,67590,train,9.980460434748611,0,True,nominal,-0.05809557229348018,-0.05092644585632514
2254,67620,train,10.089274180215755,0,True,nominal,0.059698252612259556,0.0639674493561404
2255,67650,train,10.524868503441139,0,True,nominal,0.5312408984394662,0.5239013328278191
2256,67680,train,8.653184263688791,0,True,nominal,-1.494907954995531,-1.4523663895056842
2257,67710,train,9.545769291290732,0,True,nominal,-0.5286605015745358,-0.5099066828826927
2258,67740,train,10.015970639777436,0,True,nominal,-0.01965481413765236,-0.013432048819997948
2259,67770,train,9.796045438793348,0,True,nominal,-0.2577297972738735,-0.24564593768090418
2260,67800,train,9.788683317525038,0,True,nominal,-0.26569949282925676,-0.25341942976971427
2261,67830,train,10.624919019416957,0,True,nominal,0.6395482902123467,0.6295423384666677
2262,67860,train,11.035572746319428,0,True,nominal,1.0840920654125596,1.063142028145463
2263,67890,train,10.581917472818912,0,True,nominal,0.5929979520275847,0.5841380086405099
2264,67920,train,10.854282444530359,0,True,nominal,0.8878404064482203,0.8717218279918076
2265,67950,train,11.911672105953611,0,True,nominal,2.032493337014232,1.9881949025721775
2266,67980,train,11.453594195411494,0,True,nominal,1.536611599317057,1.5045211237951848
2267,68010,train,10.472971605965483,0,True,nominal,0.4750611021448484,0.46910460953866007
2268,68040,train,10.17104751976768,0,True,nominal,0.14822010616839415,0.15031001081579604
2269,68070,train,10.555709884554519,0,True,nominal,0.5646275283282204,0.5564660276155591
2270,68100,train,9.361624703540382,0,True,nominal,-0.728002002353534,-0.7043406569923306
2271,68130,train,10.3579413313505,0,True,nominal,0.3505377161637273,0.3476468262307068
2272,68160,train,9.344765081776215,0,True,nominal,-0.7462529992798828,-0.7221423382778899
2273,68190,train,10.688279931199993,0,True,nominal,0.7081381923097116,0.6964436470073663
2274,68220,train,11.079255069215677,0,True,nominal,1.1313793623677997,1.1092651737823729
2275,68250,train,11.388469227578897,0,True,nominal,1.4661120587954855,1.4357571896272083
2276,68280,train,11.230727431511992,0,True,nominal,1.2953522947008618,1.2692013072785995
2277,68310,train,10.346574971606847,0,True,nominal,0.33823332406958956,0.3356453521547252
2278,68340,train,9.691144801472973,0,True,nominal,-0.371287576688312,-0.3564080732940676
2279,68370,train,9.100317474465928,0,True,nominal,-1.0108741510518289,-0.9802488638705269
2280,68400,train,9.213401700586683,0,True,nominal,-0.8884574152425515,-0.8608458677662901
2281,68430,train,9.052363726620063,0,True,nominal,-1.0627853811365926,-1.030882107459329
2282,68460,train,6.797339015661238,0,True,nominal,-3.503910671148844,-3.4119100900008883
2283,68490,train,7.916826033808855,0,True,nominal,-2.2920356710391667,-2.229869865187513
2284,68520,train,8.126796495343251,0,True,nominal,-2.064736962818262,-2.008166953467317
2285,68550,train,9.974024286623678,0,True,nominal,-0.06506287685634671,-0.0577222245060115
2286,68580,train,9.820160407696116,0,True,nominal,-0.23162469067777894,-0.22018350461905198
2287,68610,train,10.409005335714332,0,True,nominal,0.4058158831195318,0.4015641171145
2288,68640,train,10.837289569164994,0,True,nominal,0.8694451588915851,0.8537794473375531
2289,68670,train,10.886571904796313,0,True,nominal,0.9227946212171354,0.9058155157730425
2290,68700,train,10.226059944969812,0,True,nominal,0.20777254555994876,0.20839634714603417
2291,68730,train,9.891152132521551,0,True,nominal,-0.15477422690646497,-0.14522499861386592
2292,68760,train,10.691979229890533,0,True,nominal,0.7121427832771191,0.7003496501900143
2293,68790,train,10.524359302655824,0,True,nominal,0.5306896748060023,0.5233636795982672
2294,68820,train,10.403922089090935,0,True,nominal,0.4003131310532514,0.39619683559707475
2295,68850,train,11.32201926836854,0,True,nominal,1.3941781792418062,1.3655942279755247
2296,68880,train,9.735692569287139,0,True,nominal,-0.3230634121830303,-0.3093711245591721
2297,68910,train,10.38401861762972,0,True,nominal,0.378767084437047,0.37518122442946034
2298,68940,train,9.66622819739033,0,True,nominal,-0.3982604750657756,-0.3827169342401882
2299,68970,train,9.32827048247673,0,True,nominal,-0.7641088495075591,-0.7395586008589699
2300,69000,train,9.0980390114226,0,True,nominal,-1.0133406489710746,-0.982654639841401
2301,69030,train,10.84038536779058,0,True,nominal,0.8727964447027673,0.8570482288812808
2302,69060,train,11.19788717957404,0,True,nominal,1.2598018330378404,1.23452605142088
2303,69090,train,9.806736553694481,0,True,nominal,-0.24615637599970625,-0.2343574388806661
2304,69120,train,11.416917771783275,0,True,nominal,1.496908377959461,1.4657953437476545
2305,69150,train,9.691457057876773,0,True,nominal,-0.3709495506788491,-0.35607836904224116
2306,69180,train,10.509928142606087,0,True,nominal,0.5150675534206234,0.5081261543809272
2307,69210,train,10.544336391205736,0,True,nominal,0.552315413913432,0.5444570213323472
2308,69240,train,10.25838508581095,0,True,nominal,0.2427653855173246,0.24252770921417782
2309,69270,train,9.246174350254007,0,True,nominal,-0.8529801348673846,-0.8262419915689643
2310,69300,train,9.084602489247311,0,True,nominal,-1.0278860479338914,-0.9968419501320268
2311,69330,train,8.511600180175675,0,True,nominal,-1.6481765578837526,-1.6018617201284209
2312,69360,train,10.156704886792408,0,True,nominal,0.13269381773742983,0.13516595927104647
2313,69390,train,9.0284772803651,0,True,nominal,-1.0886431057806454,-1.0561032487887998
2314,69420,train,8.558598078216509,0,True,nominal,-1.597300061086467,-1.552237736048761
2315,69450,train,9.243610001458034,0,True,nominal,-0.8557561118523997,-0.8289496276363368
2316,69480,train,9.710124028269453,0,True,nominal,-0.35074204993970876,-0.33636835050530617
2317,69510,train,10.441930824325631,0,True,nominal,0.4414586157886911,0.43632937238703484
2318,69540,train,10.13561820245784,0,True,nominal,0.10986691115788631,0.11290102123483349
2319,69570,train,9.937249714342249,0,True,nominal,-0.10487234678779105,-0.09655163742665682
2320,69600,train,10.618372146435805,0,True,nominal,0.6324611229954546,0.6226296480245124
2321,69630,train,10.420311277426295,0,True,nominal,0.41805487105893396,0.41350179720037505
2322,69660,train,10.326031651733489,0,True,nominal,0.3159946242274302,0.31395413997640303
2323,69690,train,9.68170665312642,0,True,nominal,-0.3815046277510738,-0.3663735939410515
2324,69720,train,10.963660288416104,0,True,nominal,1.0062448831614603,0.9872113415640504
2325,69750,train,10.305827304162653,0,True,nominal,0.29412287107826246,0.29262084074408523
2326,69780,train,10.340799335850798,0,True,nominal,0.3319810420251971,0.3295469931055811
2327,69810,train,9.780930951373449,0,True,nominal,-0.274091639034179,-0.26160497232636015
2328,69840,train,9.758442503630208,0,True,nominal,-0.298435992447407,-0.2853499996426296
2329,69870,train,9.498788588326397,0,True,nominal,-0.5795183842360648,-0.5595125110822391
2330,69900,train,8.397081283558046,0,True,nominal,-1.7721463633404413,-1.7227795513394226
2331,69930,train,8.631713114803727,0,True,nominal,-1.5181510548579102,-1.4750372746912024
2332,69960,train,8.790346794350006,0,True,nominal,-1.346425802754812,-1.3075396733843772
2333,69990,train,8.60839629887063,0,True,nominal,-1.543392139259438,-1.4996569566532985
2334,70020,train,9.267865440442947,0,True,nominal,-0.8294989425900535,-0.8033388754919181
2335,70050,train,9.914671248726155,0,True,nominal,-0.12931414698504232,-0.120391712514754
2336,70080,train,10.057268990705762,0,True,nominal,0.025051768631487763,0.030173916434083178
2337,70110,train,10.109030004308103,0,True,nominal,0.08108446695505434,0.08482716311158245
2338,70140,train,10.955257611056641,0,True,nominal,0.9971487574709899,0.9783391505747806
2339,70170,train,10.265815071290891,0,True,nominal,0.25080854591878937,0.2503728575407767
2340,70200,train,10.40987326622722,0,True,nominal,0.40675544139341285,0.40248054469422817
2341,70230,train,10.730840580536984,0,True,nominal,0.7542112472749039,0.7413824437017167
2342,70260,train,10.993193736867495,0,True,nominal,1.0382156405396836,1.0183950207680845
2343,70290,train,11.790892156992683,0,True,nominal,1.9017457729178961,1.8606661722623292
2344,70320,train,11.760187782401658,0,True,nominal,1.868507456298168,1.8282461394651794
2345,70350,train,11.91844063590167,0,True,nominal,2.039820453897747,1.995341635434428
2346,70380,train,10.953811035517376,0,True,nominal,0.9955828002929361,0.9768117452114987
2347,70410,train,9.03001564609245,0,True,nominal,-1.0869777832393581,-1.0544789243073873
2348,70440,train,9.622355753855889,0,True,nominal,-0.4457535827581619,-0.4290408238234484
2349,70470,train,10.260418522255693,0,True,nominal,0.2449666355110699,0.2446747673160791
2350,70500,train,9.31097275163111,0,True,nominal,-0.7828341113735867,-0.7578228713025432
2351,70530,train,9.309511205247789,0,True,nominal,-0.7844162748955711,-0.7593660840307938
2352,70560,train,8.940702078855331,0,True,nominal,-1.1836621373682474,-1.1487830362662157
2353,70590,train,8.331907186110664,0,True,nominal,-1.8426990879998888,-1.7915953603214563
2354,70620,train,9.638444640853345,0,True,nominal,-0.4283369270795014,-0.4120529433968055
2355,70650,train,10.994521826691578,0,True,nominal,1.039653333723808,1.0197973198289787
2356,70680,train,10.193323191921237,0,True,nominal,0.1723341242462499,0.17383037335097726
2357,70710,train,9.43835086044277,0,True,nominal,-0.6449438606357757,-0.6233272979414758
2358,70740,train,8.782474616305638,0,True,nominal,-1.3549476485768093,-1.3158517225233946
2359,70770,train,9.066631240990612,0,True,nominal,-1.0473404106285977,-1.0158173718967884
2360,70800,train,9.4602570851668,0,True,nominal,-0.621229779400814,-0.6001970263279184
2361,70830,train,11.227778974815832,0,True,nominal,1.2921605105166247,1.2660881006406626
2362,70860,train,10.516682124561232,0,True,nominal,0.5223789217080154,0.5152575263568655
2363,70890,train,10.129520180687916,0,True,nominal,0.10326563752693001,0.10646226231490859
2364,70920,train,11.300113418573163,0,True,nominal,1.3704645038772607,1.3424643522403854
2365,70950,train,10.479182393772458,0,True,nominal,0.48178444806333237,0.4756624354862731
2366,70980,train,9.796094465611155,0,True,nominal,-0.257676724416509,-0.24559417140777784
2367,71010,train,9.36121768411638,0,True,nominal,-0.7284426118974698,-0.7047704193063661
2368,71040,train,8.600889509319211,0,True,nominal,-1.5515184421472574,-1.5075832006071306
2369,71070,train,9.05159584108959,0,True,nominal,-1.0636166380089291,-1.0316928998761754
2370,71100,train,9.20194694463635,0,True,nominal,-0.9008574986231832,-0.8729406773346201
2371,71130,train,9.438799413317183,0,True,nominal,-0.6444582900075175,-0.622853681426128
2372,71160,train,10.37470667508805,0,True,nominal,0.3686866545742869,0.3653489615474683
2373,71190,train,10.310553811773744,0,True,nominal,0.29923944350729054,0.2976114498611434
2374,71220,train,9.015649470540314,0,True,nominal,-1.1025295571470428,-1.0696478339097988
2375,71250,train,9.215452861212668,0,True,nominal,-0.886236978342842,-0.8586800951149202
2376,71280,train,10.677424588452013,0,True,nominal,0.6963869899459119,0.6849817438550806
2377,71310,train,11.07640155517021,0,True,nominal,1.1282903561729054,1.1062522148742904
2378,71340,train,11.221397986474566,0,True,nominal,1.2852529179126768,1.2593505639196714
2379,71370,train,11.454722525770432,0,True,nominal,1.5378330474729494,1.5057125014972235
2380,71400,train,9.145027813173325,0,True,nominal,-0.9624739991540555,-0.9330402603222502
2381,71430,train,9.110664149983597,0,True,nominal,-0.9996735947337598,-0.9693240505795134
2382,71460,train,9.486480820291256,0,True,nominal,-0.5928418762883592,-0.5725079962101343
2383,71490,train,10.309875322105144,0,True,nominal,0.29850496007525473,0.2968950484492431
2384,71520,train,9.048790008088798,0,True,nominal,-1.0666540281823045,-1.0346555134815865
2385,71550,train,8.602774203995995,0,True,nominal,-1.549478209143561,-1.505593195467869
2386,71580,train,6.809983531855153,0,True,nominal,-3.49022264009937,-3.3985590403484833
2387,71610,train,7.843977829053703,0,True,nominal,-2.370895824586743,-2.3067885850387837
2388,71640,train,5.9992825968091585,0,True,nominal,-4.367828346839446,-4.254559243998742
2389,71670,train,7.820490185557939,0,True,nominal,-2.3963218344489237,-2.3315886398388903
2390,71700,train,8.76636182407583,0,True,nominal,-1.3723901823165723,-1.3328648439271684
2391,71730,train,9.884351928924003,0,True,nominal,-0.1621356313729145,-0.15240517494366618
2392,71760,train,11.304173515386733,0,True,nominal,1.3748596685791536,1.3467513137437148
2393,71790,train,11.03082650731246,0,True,nominal,1.078954133213393,1.058130585107832
2394,71820,train,10.389080528392684,0,True,nominal,0.38424673985687835,0.3805259779096221
2395,71850,train,9.792834466199153,0,True,nominal,-0.26120576202367535,-0.2490363287310762
2396,71880,train,11.130000687414244,0,True,nominal,1.1863128676814316,1.1628462881422166
2397,71910,train,11.328924869297422,0,True,nominal,1.4016536791723841,1.372885690888559
2398,71940,train,10.532209855349121,0,True,nominal,0.539188110600097,0.5316528950336089
2399,71970,train,10.438535599795225,0,True,nominal,0.4377831933304954,0.43274443401601753
2400,72000,train,9.95555690182335,0,True,nominal,-0.08505432078926034,-0.07722150527231708
2401,72030,train,9.719572531432028,0,True,nominal,-0.34051378950831124,-0.3263918964496612
2402,72060,train,10.108177214285583,0,True,nominal,0.08016129867182989,0.08392672202240704
2403,72090,train,10.26280766785229,0,True,nominal,0.24755295029025226,0.24719741041272372
2404,72120,train,10.511426659039582,0,True,nominal,0.5166897380226484,0.509708402922644
2405,72150,train,10.093053899281358,0,True,nominal,0.06378990081254132,0.06795836653660918
2406,72180,train,9.613126754478543,0,True,nominal,-0.4557442244003842,-0.43878550895329554
2407,72210,train,8.915883969004634,0,True,nominal,-1.2105284130735274,-1.174987899450697
2408,72240,train,10.003464198026931,0,True,nominal,-0.033193375864650515,-0.026637308888884867
2409,72270,train,8.944409123428512,0,True,nominal,-1.1796491612732107,-1.1448688543867986
2410,72300,train,11.045465583823196,0,True,nominal,1.0948013297958143,1.0735876444656467
2411,72330,train,10.599466096174286,0,True,nominal,0.6119948118267345,0.602667190631807
2412,72360,train,12.526357851150108,0,True,nominal,2.697907294882205,2.6372272402976296
2413,72390,train,12.351290224199936,0,True,nominal,2.508391849870171,2.4523774173312693
2414,72420,train,12.752155558033051,0,True,nominal,2.942339424614548,2.8756417711314874
2415,72450,train,11.730140000516801,0,True,nominal,1.8359799190559227,1.7965193875881549
2416,72480,train,11.452043667843556,0,True,nominal,1.5349331112541282,1.5028839579100304
2417,72510,train,10.025951502277495,0,True,nominal,-0.008850260313197638,-0.002893488959854921
2418,72540,train,10.685284917588088,0,True,nominal,0.7048960090039496,0.6932812820082679
2419,72570,train,10.66832147616001,0,True,nominal,0.6865326244811623,0.6753699799616991
2420,72600,train,11.16455226499915,0,True,nominal,1.2237158856804995,1.1993284928253032
2421,72630,train,11.075268858301893,0,True,nominal,1.127064181152414,1.1050562266768684
2422,72660,train,10.489620455888234,0,True,nominal,0.4930839328475616,0.4866837417541777
2423,72690,train,11.230127302411372,0,True,nominal,1.2947026387047758,1.2685676449622754
2424,72720,train,10.081498717323477,0,True,nominal,0.051281103560344786,0.05575751948984844
2425,72750,train,8.924741647432807,0,True,nominal,-1.2009397364099288,-1.1656352834481578
2426,72780,train,7.52129543183168,0,True,nominal,-2.7202082541456765,-2.647501400080417
2427,72810,train,8.38102028338931,0,True,nominal,-1.7895328307721545,-1.7397379867142202
2428,72840,train,9.799670145138563,0,True,nominal,-0.2538059545393914,-0.24181869481544377
2429,72870,train,8.843263052124607,0,True,nominal,-1.2891425213439125,-1.2516666313372522
2430,72900,train,7.733124654418685,0,True,nominal,-2.490897386771233,-2.423835865929695
2431,72930,train,9.576705824892343,0,True,nominal,-0.4951708665416245,-0.4772415188025378
2432,72960,train,10.943255006191777,0,True,nominal,0.9841556128108645,0.9656658801189191
2433,72990,train,10.625445025624177,0,True,nominal,0.6401177061699231,0.630097736149139
2434,73020,train,9.23049336653079,0,True,nominal,-0.8699552242103026,-0.8427991764447262
2435,73050,train,10.175470271611443,0,True,nominal,0.1530078547570427,0.15497989130476056
2436,73080,train,11.029314944595733,0,True,nominal,1.077317825656624,1.05653456130002
2437,73110,train,11.03879570431927,0,True,nominal,1.0875810046884034,1.0665450743058387
2438,73140,train,10.574231445479775,0,True,nominal,0.5846776193828418,0.5760225116882468
2439,73170,train,9.486344463813907,0,True,nominal,-0.5929894858660701,-0.5726519718333679
2440,73200,train,9.653262807503438,0,True,nominal,-0.41229586057350415,-0.3964067869390196
2441,73230,train,8.888356786257301,0,True,nominal,-1.2403273335202711,-1.204053209504025
2442,73260,train,10.409749772642165,0,True,nominal,0.4066217562447894,0.4023501506988749
2443,73290,train,11.355114408910172,0,True,nominal,1.4300045647177924,1.4005386147633145
2444,73320,train,9.728686606277037,0,True,nominal,-0.3306475567831917,-0.31676855745231747
2445,73350,train,9.668268134345539,0,True,nominal,-0.3960521880934912,-0.380563012400943
2446,73380,train,9.717380381406025,0,True,nominal,-0.34288685124992824,-0.32870653651922543
2447,73410,train,9.916062836493515,0,True,nominal,-0.12780771555851933,-0.11892236745696173
2448,73440,train,9.983787622502335,0,True,nominal,-0.05449380148770407,-0.047413345930507264
2449,73470,train,10.556285353048201,0,True,nominal,0.5652504885497678,0.55707365137235
2450,73500,train,10.994565506563074,0,True,nominal,1.0397006183670559,1.019843440386239
2451,73530,train,10.563583480666965,0,True,nominal,0.5731509092472982,0.5647795740595777
2452,73560,train,9.814867220160862,0,True,nominal,-0.23735470946395631,-0.2257724578473841
2453,73590,train,10.793504997639376,0,True,nominal,0.8220471750273236,0.8075483397583539
2454,73620,train,11.140028101777716,0,True,nominal,1.1971678151581255,1.1734340010288817
2455,73650,train,10.253580439268271,0,True,nominal,0.23756422557973944,0.23745459502223798
2456,73680,train,10.834708427050394,0,True,nominal,0.8666510026845841,0.8510540795968303
2457,73710,train,10.257931228096911,0,True,nominal,0.24227407225657724,0.2420484914424315
2458,73740,train,10.484366020429787,0,True,nominal,0.4873958642334939,0.48113570593966054
2459,73770,train,11.515120492167647,0,True,nominal,1.60321548098733,1.569485305130593
2460,73800,train,11.825049935457347,0,True,nominal,1.938722492709704,1.896732573641691
2461,73830,train,10.610932821457085,0,True,nominal,0.6244078523337554,0.6147746383390446
2462,73860,train,9.71478768290959,0,True,nominal,-0.3456935175530815,-0.33144410637391764
2463,73890,train,9.774508937257515,0,True,nominal,-0.2810436431497153,-0.26838582720569043
2464,73920,train,10.69794293745899,0,True,nominal,0.7185986581492871,0.7066465898781619
2465,73950,train,11.855535668366894,0,True,nominal,1.9717241237909044,1.9289217477882818
2466,73980,train,12.76872641983267,0,True,nominal,2.960277831062941,2.8931385575072555
2467,74010,train,12.244797675356264,0,True,nominal,2.3931107831409206,2.3399344194799756
2468,74040,train,12.42445238282552,0,True,nominal,2.587591866980787,2.5296276337497803
2469,74070,train,11.207165663222467,0,True,nominal,1.2698460427429785,1.2443229858380924
2470,74100,train,10.172109825600412,0,True,nominal,0.14937008098747648,0.15143167476096758
2471,74130,train,9.787065726652342,0,True,nominal,-0.2674505787348974,-0.2551274062337751
2472,74160,train,10.145951526560344,0,True,nominal,0.12105301420763531,0.1238117370780634
2473,74190,train,9.092544303730264,0,True,nominal,-1.0192888187821636,-0.9884563735021263
2474,74220,train,9.455593691952037,0,True,nominal,-0.6262780287873978,-0.6051209944263538
2475,74250,train,10.370096377529059,0,True,nominal,0.3636958826723028,0.3604810559132407
2476,74280,train,9.693162374389582,0,True,nominal,-0.36910349939317527,-0.3542777651214264
2477,74310,train,9.570178941770143,0,True,nominal,-0.5022363941951031,-0.48413310241898927
2478,74340,train,9.465719195005583,0,True,nominal,-0.6153168976485743,-0.5944297119802507
2479,74370,train,8.382361477721291,0,True,nominal,-1.7880809516035092,-1.7383218509091645
2480,74400,train,8.359852267403687,0,True,nominal,-1.8124477810655002,-1.7620888009433133
2481,74430,train,8.560740745675536,0,True,nominal,-1.5949805655630256,-1.5499753434672372
2482,74460,train,8.543634889306873,0,True,nominal,-1.6134981181139718,-1.5680370181270273
2483,74490,train,9.33702102866495,0,True,nominal,-0.7546361463936321,-0.7303191032892014
2484,74520,train,9.904717741252984,0,True,nominal,-0.14008908825242697,-0.1309013888401981
2485,74550,train,10.497055893588833,0,True,nominal,0.5011329954254718,0.49453464695336813
2486,74580,train,10.398867482239933,0,True,nominal,0.39484138231582605,0.39085979414715366
2487,74610,train,9.443630684782274,0,True,nominal,-0.6392283078707209,-0.6177524545997725
2488,74640,train,9.571008847639044,0,True,nominal,-0.5013379986276139,-0.4832568241737327
2489,74670,train,9.789224231403015,0,True,nominal,-0.2651139389145565,-0.2528482914254873
2490,74700,train,9.150391559615686,0,True,nominal,-0.9566675984410035,-0.9273768055900449
2491,74730,train,9.579830918074629,0,True,nominal,-0.4917878685798511,-0.4739418058198325
2492,74760,train,10.008990434015006,0,True,nominal,-0.02721107581999613,-0.020802285236243823
2493,74790,train,10.857122475327524,0,True,nominal,0.8909148166618559,0.8747205502525733
2494,74820,train,9.680486868960836,0,True,nominal,-0.3828250771281892,-0.36766153558390985
2495,74850,train,10.69097874588492,0,True,nominal,0.7110597322593244,0.6992932624697934
2496,74880,train,10.855938975668929,0,True,nominal,0.8896336462457286,0.8734709205741278
2497,74910,train,12.633648374523938,0,True,nominal,2.814052190640419,2.7505128008385595
2498,74940,train,12.919080548599048,0,True,nominal,3.1230402453308104,3.0518939743076245
2499,74970,train,11.799429208683094,0,True,nominal,1.9109873624589448,1.8696802459726916
2500,75000,train,10.476680159659777,0,True,nominal,0.4790757119043393,0.4730203848638521
2501,75030,train,10.208025823136797,0,True,nominal,0.18825012051698053,0.18935453863888288
2502,75060,train,9.47043372696103,0,True,nominal,-0.6102132891909454,-0.5894517476785949
2503,75090,train,9.231833005593957,0,True,nominal,-0.8685050286622485,-0.8413846828117278
2504,75120,train,9.947911283673726,0,True,nominal,-0.09333090939253473,-0.08529433510412059
2505,75150,train,8.942589336979562,0,True,nominal,-1.1816191293633005,-1.1467903244425999
2506,75180,train,9.85998003383164,0,True,nominal,-0.18851886752388178,-0.1781388903750195
2507,75210,train,9.830059342787045,0,True,nominal,-0.2209088254913697,-0.20973144999884227
2508,75240,train,10.296291646851236,0,True,nominal,0.28380026392160135,0.28255236265598577
2509,75270,train,10.60635506933408,0,True,nominal,0.6194523117471854,0.6099410966713882
2510,75300,train,11.589481027302822,0,True,nominal,1.6837127731079735,1.6480008593474402
2511,75330,train,11.87492712997546,0,True,nominal,1.992715905882216,1.9493967396976797
2512,75360,train,9.542848076620055,0,True,nominal,-0.5318227955287831,-0.5129911253014786
2513,75390,train,9.802207070758355,0,True,nominal,-0.2510596638849001,-0.2391400142400181
2514,75420,train,8.773349615541234,0,True,nominal,-1.3648257089054243,-1.3254865979441266
2515,75450,train,9.181169539838642,0,True,nominal,-0.9233496017323075,-0.8948790543233598
2516,75480,train,10.049099227049048,0,True,nominal,0.016207778328895254,0.021547653589666343
2517,75510,train,10.136583318947448,0,True,nominal,0.11091167588225527,0.11392006522002868
2518,75540,train,10.916789605677057,0,True,nominal,0.9555061003719004,0.9377216811536117
2519,75570,train,11.515530258450736,0,True,nominal,1.6036590640805812,1.569917967789054
2520,75600,train,10.604907197038242,0,True,nominal,0.6178849507950407,0.608412322093095
2521,75630,train,10.30664007170726,0,True,nominal,0.2950027139457928,0.2934790230325572
2522,75660,train,9.661794919845914,0,True,nominal,-0.4030596180102966,-0.3873979285709069
2523,75690,train,9.189146052571338,0,True,nominal,-0.9147148107859986,-0.8864568406210656
2524,75720,train,10.791287248016944,0,True,nominal,0.8196464010296272,0.8052066696721599
2525,75750,train,9.895083951018691,0,True,nominal,-0.1505179269544235,-0.14107348319211954
2526,75780,train,9.847434277038905,0,True,nominal,-0.20209998884829744,-0.19138566227977633
2527,75810,train,9.355577073610439,0,True,nominal,-0.7345487254536736,-0.7107262083440622
2528,75840,train,8.796195399941716,0,True,nominal,-1.3400945288881232,-1.301364267188145
2529,75870,train,8.665303050632925,0,True,nominal,-1.4817890400897087,-1.4395704451028517
2530,75900,train,10.443646835795974,0,True,nominal,0.44331624465539393,0.43814126886399696
2531,75930,train,10.473537176187836,0,True,nominal,0.47567334721974885,0.4697017819416808
2532,75960,train,11.379992321375182,0,True,nominal,1.4569355783718403,1.426806622133053
2533,75990,train,10.90008261853909,0,True,nominal,0.9374203345600217,0.9200811632088893
2534,76020,train,11.028786025786598,0,True,nominal,1.0767452567286353,1.0559760882691385
2535,76050,train,10.682878180471752,0,True,nominal,0.702290650928471,0.6907400644363406
2536,76080,train,10.663183002562713,0,True,nominal,0.6809700877207165,0.6699443855709782
2537,76110,train,11.067886229261946,0,True,nominal,1.1190722853791164,1.097261080910433
2538,76140,train,10.29195402939524,0,True,nominal,0.2791046756121826,0.2779723735808798
2539,76170,train,10.10336660986092,0,True,nominal,0.07495368916572616,0.0788473170418785
2540,76200,train,9.520842667310152,0,True,nominal,-0.5556442467627412,-0.5362261236052808
2541,76230,train,9.339993599908821,0,True,nominal,-0.7514182575587498,-0.7271804346629285
2542,76260,train,8.887783750280812,0,True,nominal,-1.2409476604761112,-1.2046582648226616
2543,76290,train,11.134433547191797,0,True,nominal,1.191111558382015,1.1675268413626512
2544,76320,train,10.745314191993238,0,True,nominal,0.7698793234569374,0.7566647923688052
2545,76350,train,10.115279385569634,0,True,nominal,0.0878495913327672,0.09142573898747595
2546,76380,train,8.977984724438645,0,True,nominal,-1.1433026643346706,-1.1094171605994674
2547,76410,train,9.38277992515869,0,True,nominal,-0.7051009023091325,-0.6820033520371925
2548,76440,train,9.563971392349773,0,True,nominal,-0.5089562344724293,-0.49068750902973857
2549,76470,train,9.887812136014734,0,True,nominal,-0.1583898635341793,-0.14875162300324615
2550,76500,train,10.306334534505492,0,True,nominal,0.2946719616544092,0.29315641342939736
2551,76530,train,9.45900812809875,0,True,nominal,-0.6225818092345183,-0.6015157709578856
2552,76560,train,10.617128644090071,0,True,nominal,0.6311149980463098,0.6213166629085805
2553,76590,train,10.663446919642302,0,True,nominal,0.6812557851032425,0.6702230494581274
2554,76620,train,8.96290433285094,0,True,nominal,-1.1596275964337002,-1.1253401942511667
2555,76650,train,9.273004752083978,0,True,nominal,-0.8239354986245812,-0.79791239623037
2556,76680,train,8.59091263945149,0,True,nominal,-1.5623186738391308,-1.5181175447399355
2557,76710,train,9.164679814101216,0,True,nominal,-0.9412001761971346,-0.9122901710239621
2558,76740,train,8.654615015621271,0,True,nominal,-1.493359127300146,-1.4508556919196425
2559,76770,train,9.023489951129333,0,True,nominal,-1.0940420246784666,-1.0613692533743817
2560,76800,train,9.103673994871865,0,True,nominal,-1.0072406268560379,-0.9767047922815686
2561,76830,train,9.24185258939547,0,True,nominal,-0.8576585579808377,-0.830805238032748
2562,76860,train,10.740676917734557,0,True,nominal,0.7648593485473169,0.7517684026667416
2563,76890,train,9.419467588277568,0,True,nominal,-0.6653855138986605,-0.6432657044736928
2564,76920,train,9.799390744078453,0,True,nominal,-0.25410841374996107,-0.24211370787638345
2565,76950,train,8.501006760096669,0,True,nominal,-1.6596442218685035,-1.6130470652451965
2566,76980,train,8.527038535842323,0,True,nominal,-1.631464119979676,-1.5855607205570736
2567,77010,train,9.282836194363977,0,True,nominal,-0.81329269623294,-0.7875316056946124
2568,77040,train,8.015255882255795,0,True,nominal,-2.185482695735524,-2.125940084582209
2569,77070,train,8.982262403743984,0,True,nominal,-1.13867196069578,-1.104900458819281
2570,77100,train,8.896745068226641,0,True,nominal,-1.2312467912292717,-1.195196218271341
2571,77130,train,8.744608381566096,0,True,nominal,-1.3959388726689543,-1.355833796365061
2572,77160,train,10.027418316659697,0,True,nominal,-0.007262394039828467,-0.0013447138744896764
2573,77190,train,9.927658204666585,0,True,nominal,-0.11525541564059513,-0.1066790887231276
2574,77220,train,10.898649692885261,0,True,nominal,0.9358691537524372,0.9185681704411884
2575,77250,train,9.533162689739127,0,True,nominal,-0.5423074889974121,-0.5232176993488317
2576,77280,train,10.492337421681691,0,True,nominal,0.49602512186348435,0.48955252254863696
2577,77310,train,9.917562540055274,0,True,nominal,-0.12618424585801452,-0.1173388654542067
2578,77340,train,10.69810643191154,0,True,nominal,0.7187756453197418,0.706819219856282
2579,77370,train,10.563347294563558,0,True,nominal,0.5728952313971285,0.564530190663215
2580,77400,train,10.881129497468656,0,True,nominal,0.9169030679665099,0.9000690048472136
2581,77430,train,10.031482125159702,0,True,nominal,-0.0028632113368987325,0.0029461667119532833
2582,77460,train,9.444490834815946,0,True,nominal,-0.6382971721761995,-0.6168442422465312
2583,77490,train,11.165499382706654,0,True,nominal,1.224741166236039,1.2003285323163868
2584,77520,train,9.6982149649566,0,True,nominal,-0.3636339333377409,-0.34894285261872426
2585,77550,train,10.431958071787273,0,True,nominal,0.43066284121730347,0.42579937564624665
2586,77580,train,10.711844038442376,0,True,nominal,0.7336469762473752,0.7213244380936273
2587,77610,train,9.835975217355415,0,True,nominal,-0.21450473113656907,-0.203485016059542
2588,77640,train,9.891730182914324,0,True,nominal,-0.1541484717092632,-0.14461464869006063
2589,77670,train,9.845993106397211,0,True,nominal,-0.20366009507842714,-0.192907360737809
2590,77700,train,9.824042779812217,0,True,nominal,-0.2274219177716578,-0.21608419847746033
2591,77730,train,9.651597391879486,0,True,nominal,-0.4140987180669294,-0.3981652604421796
2592,77760,train,10.149920404883074,0,True,nominal,0.12534943242403676,0.12800238310504458
2593,77790,train,9.868209088331342,0,True,nominal,-0.17961069327883253,-0.16945002371274678
2594,77820,train,10.310763549681777,0,True,nominal,0.2994664904700515,0.29783290722504724
2595,77850,train,9.79861163537658,0,True,nominal,-0.25495182000913225,-0.24293635057807259
2596,77880,train,9.733869291797808,0,True,nominal,-0.32503715941883043,-0.3112962807230659
2597,77910,train,10.143708039339028,0,True,nominal,0.1186243785624656,0.12144289126166617
2598,77940,train,9.076003955134837,0,True,nominal,-1.037194193861068,-1.0059209416974604
2599,77970,train,8.928737913904857,0,True,nominal,-1.196613669780529,-1.1614157189132754
2600,78000,train,8.535373568525648,0,True,nominal,-1.6224412214821724,-1.5767599540031865
2601,78030,train,9.663720817980264,0,True,nominal,-0.4009747811484636,-0.3853644176620778
2602,78060,train,8.732728352908902,0,True,nominal,-1.4087993252663074,-1.3683776414629474
2603,78090,train,8.453559689855282,0,True,nominal,-1.711006959731357,-1.6631453197722255
2604,78120,train,10.064714757380155,0,True,nominal,0.03311201260312255,0.03803572775572903
2605,78150,train,9.156344881070348,0,True,nominal,-0.950222966818156,-0.921090832357145
2606,78180,train,9.067912910700302,0,True,nominal,-1.0459529684748314,-1.0144640867516992
2607,78210,train,8.842094298126778,0,True,nominal,-1.2904077291831166,-1.252900691416512
2608,78240,train,8.794988363207102,0,True,nominal,-1.3414011788261577,-1.3026387491160396
2609,78270,train,8.704074557743295,0,True,nominal,-1.4398178341516719,-1.3986325152848462
2610,78300,train,10.629277797250449,0,True,nominal,0.6442667852031875,0.6341446702907002
2611,78330,train,9.947914480178985,0,True,nominal,-0.09332744908906625,-0.0852909599887915
2612,78360,train,9.57824619101939,0,True,nominal,-0.4935033785135158,-0.47561508214575315
2613,78390,train,11.190888572105433,0,True,nominal,1.25222565101045,1.2271363850723924
2614,78420,train,10.768160277651104,0,True,nominal,0.7946108295935108,0.7807874412154296
2615,78450,train,10.847335475448293,0,True,nominal,0.8803201243720419,0.8643866854109462
2616,78480,train,10.259076618108406,0,True,nominal,0.243513987948143,0.24325788203360252
2617,78510,train,10.12134887431203,0,True,nominal,0.09441997718907458,0.09783437054930974
2618,78540,train,9.733849299624476,0,True,nominal,-0.32505880148762273,-0.3113173899924694
2619,78570,train,10.312388099448247,0,True,nominal,0.3012251095665703,0.29954823142269305
2620,78600,train,10.559518449860246,0,True,nominal,0.5687504033642639,0.5604874028679913
2621,78630,train,10.272146615252954,0,True,nominal,0.2576626136438579,0.2570581870953041
2622,78660,train,9.255660186106965,0,True,nominal,-0.8427114607881036,-0.8162261187965166
2623,78690,train,10.364213119420683,0,True,nominal,0.35732709651832734,0.35426906093310484
2624,78720,train,10.747758142864193,0,True,nominal,0.7725249664291152,0.7592453030760364
2625,78750,train,10.462051132055892,0,True,nominal,0.4632393935355946,0.45757393591234063
2626,78780,train,9.490206568605762,0,True,nominal,-0.5888086528870532,-0.5685740654866102
2627,78810,train,9.530785634814684,0,True,nominal,-0.5448807152967099,-0.5257275761868243
2628,78840,train,9.56512624542928,0,True,nominal,-0.5077060747535876,-0.4894681266058264
2629,78870,train,9.711231627919076,0,True,nominal,-0.3495430433378011,-0.3351988618755849
2630,78900,train,9.462853891723315,0,True,nominal,-0.618418666011426,-0.5974551188684302
2631,78930,train,8.047742742288063,0,True,nominal,-2.150314790376235,-2.091637966993062
2632,78960,train,8.361181952595597,0,True,nominal,-1.8110083608525185,-1.7606848173707503
2633,78990,train,8.626235008167871,0,True,nominal,-1.5240812535759922,-1.4808214796836938
2634,79020,train,8.232425445473396,0,True,nominal,-1.9503907650728274,-1.8966358093498668
2635,79050,train,8.272390959496926,0,True,nominal,-1.9071270143311798,-1.854437155488455
2636,79080,train,10.21342672379591,0,True,nominal,0.19409674167537996,0.1950572236417484
2637,79110,train,11.645981484276417,0,True,nominal,1.7448760471710973,1.707658373709362
2638,79140,train,10.642310726557692,0,True,nominal,0.6583752839616452,0.6479058362877852
2639,79170,train,9.920798560398799,0,True,nominal,-0.12268116624155435,-0.11392202706988079
2640,79200,train,10.250657985920775,0,True,nominal,0.23440059072430552,0.23436884471349648
2641,79230,train,8.595000676127054,0,True,nominal,-1.557893263480336,-1.5138010821881644
2642,79260,train,8.41775833067728,0,True,nominal,-1.7497629001348098,-1.7009471396820388
2643,79290,train,9.478294930092309,0,True,nominal,-0.6017033240094423,-0.5811512866942626
2644,79320,train,9.58986663242618,0,True,nominal,-0.48092393614139345,-0.46334532916939447
2645,79350,train,8.916038468082025,0,True,nominal,-1.2103611636401752,-1.1748247674793455
2646,79380,train,9.479096292861426,0,True,nominal,-0.6008358271200915,-0.5803051464421572
2647,79410,train,10.437697748373928,0,True,nominal,0.4368761964874628,0.43185976624735634
2648,79440,train,10.24960603560128,0,True,nominal,0.23326182602861276,0.23325811491315868
2649,79470,train,9.519366682245037,0,True,nominal,-0.5572420405486019,-0.5377845818007823
2650,79500,train,10.635873944064095,0,True,nominal,0.6514072926775282,0.6411093878230261
2651,79530,train,8.874826732400038,0,True,nominal,-1.2549739830605986,-1.2183392777155524
2652,79560,train,9.400085981843699,0,True,nominal,-0.6863666274965977,-0.6637302905340507
2653,79590,train,10.342973572222641,0,True,nominal,0.33433471175128804,0.33184271856564357
2654,79620,train,9.703154769216669,0,True,nominal,-0.3582864615125491,-0.34372702854622433
2655,79650,train,8.658408384162211,0,True,nominal,-1.4892527031733398,-1.446850362576608
2656,79680,train,9.789271257777555,0,True,nominal,-0.2650630315911777,-0.2527986373737363
2657,79710,train,8.65699861361778,0,True,nominal,-1.4907788179482244,-1.448338906404505
2658,79740,train,8.554955797811587,0,True,nominal,-1.6012429282162863,-1.556083534953862
2659,79770,train,8.580631395526666,0,True,nominal,-1.573448398686803,-1.5289732703385848
2660,79800,train,9.341076842877035,0,True,nominal,-0.7502456177237696,-0.7260366636848659
2661,79830,train,9.367967086691861,0,True,nominal,-0.7211362009125205,-0.6976438825905771
2662,79860,train,9.94845450886262,0,True,nominal,-0.09274285342120292,-0.08472075630061941
2663,79890,train,10.195512789575456,0,True,nominal,0.17470442297632138,0.17614231843072145
2664,79920,train,9.334660047606096,0,True,nominal,-0.7571919722983317,-0.7328120081075213
2665,79950,train,8.689063406250876,0,True,nominal,-1.4560678119733208,-1.414482439935306
2666,79980,train,7.841513077345482,0,True,nominal,-2.3735639850283112,-2.3093910588648003
2667,80010,train,8.826222411241629,0,True,nominal,-1.3075894763663112,-1.269659446487185
2668,80040,train,8.354459454201237,0,True,nominal,-1.8182856473331452,-1.7677829465893684
2669,80070,train,9.60425583414887,0,True,nominal,-0.4653472357807973,-0.44815210677069556
2670,80100,train,10.416447892718235,0,True,nominal,0.41387265253597955,0.4094225394199569
2671,80130,train,9.021208691646233,0,True,nominal,-1.0965115498194604,-1.0637779820407693
2672,80160,train,9.767556691958621,0,True,nominal,-0.28856963687343073,-0.2757265408208071
2673,80190,train,9.283956928280599,0,True,nominal,-0.8120794714314801,-0.7863482488987902
2674,80220,train,10.27670120355012,0,True,nominal,0.26259307876194476,0.2618672706196696
2675,80250,train,9.426687115254033,0,True,nominal,-0.6575701805240292,-0.6356427743709143
2676,80280,train,10.045767424274064,0,True,nominal,0.012601011637683637,0.018029680770569215
2677,80310,train,11.46909053206,0,True,nominal,1.5533868032034595,1.5208833441325782
2678,80340,train,10.198590694655946,0,True,nominal,0.17803633854058423,0.17939220659763966
2679,80370,train,10.037150358155829,0,True,nominal,0.003272804312634823,0.008931121692604438
2680,80400,train,9.641205579982875,0,True,nominal,-0.4253481357369824,-0.4091377321826855
2681,80430,train,9.763510525736702,0,True,nominal,-0.29294972133277986,-0.27999879333741323
2682,80460,train,10.364655808335769,0,True,nominal,0.3578063192518849,0.3547364858306056
2683,80490,train,10.818714659729011,0,True,nominal,0.8493373166300312,0.8341666338170101
2684,80520,train,10.17544929180978,0,True,nominal,0.15298514355384826,0.15495773922164363
2685,80550,train,11.070280668972064,0,True,nominal,1.1216643311794896,1.0997893139380326
2686,80580,train,11.34480682153,0,True,nominal,1.4188463223666252,1.389655073724757
2687,80610,train,11.678891009301601,0,True,nominal,1.7805014988261747,1.7424067734037483
2688,80640,train,10.377134776092412,0,True,nominal,0.3713151396368442,0.36791273675034214
2689,80670,train,10.7032803809184,0,True,nominal,0.7243765851713097,0.7122822719043185
2690,80700,train,10.101532634901934,0,True,nominal,0.07296836162945884,0.07691086566934816
2691,80730,train,10.621105923447166,0,True,nominal,0.6354205106098149,0.6255161793917504
2692,80760,train,11.766894600553487,0,True,nominal,1.8757677684918115,1.8353277122815284
2693,80790,train,10.148398705151687,0,True,nominal,0.12370215127450282,0.1263956558599494
2694,80820,train,10.150004811954915,0,True,nominal,0.1254408053640867,0.12809150656298265
2695,80850,train,8.849216111086482,0,True,nominal,-1.282698173876612,-1.2453809352643617
2696,80880,train,9.56035487930471,0,True,nominal,-0.5128712077377156,-0.49450610078071816
2697,80910,train,10.110264620008603,0,True,nominal,0.08242097187018523,0.08613076502613842
2698,80940,train,10.450414419223439,0,True,nominal,0.45064233690474537,0.4452870023172353
2699,80970,train,10.493105137596773,0,True,nominal,0.49685619512256796,0.490363135872548
2700,81000,train,10.430999325711223,0,True,nominal,0.42962497263804983,0.42478705803210604
2701,81030,train,10.267639358022306,0,True,nominal,0.25278338568646386,0.252299079339841
2702,81060,train,9.76627725583241,0,True,nominal,-0.2899546611126201,-0.2770774675772095
2703,81090,train,9.847679666736626,0,True,nominal,-0.20183434785815504,-0.1911265610228982
2704,81120,train,9.163005877486224,0,True,nominal,-0.943012257894012,-0.9140576416427663
2705,81150,train,8.777970808690249,0,True,nominal,-1.3598231422323097,-1.3206071879105858
2706,81180,train,9.270894506169421,0,True,nominal,-0.8262198969485259,-0.8001405556594816
2707,81210,train,9.425122122303737,0,True,nominal,-0.659264327754919,-0.6372952139158236
2708,81240,train,10.963019384505536,0,True,nominal,1.0055510873298878,0.986534626077179
2709,81270,train,10.12659176482683,0,True,nominal,0.10009554808913937,0.10337021632717436
2710,81300,train,11.171221918562026,0,True,nominal,1.2309359662006074,1.206370824419227
2711,81330,train,10.204213961376114,0,True,nominal,0.1841236769792166,0.1853296827365689
2712,81360,train,11.160725786801542,0,True,nominal,1.2195736194541178,1.1952882037682422
2713,81390,train,10.679500021470377,0,True,nominal,0.6986337023673914,0.687173145159288
2714,81420,train,10.50628053963701,0,True,nominal,0.5111189244710299,0.5042747355045089
2715,81450,train,10.12188305799954,0,True,nominal,0.09499824549041724,0.09839840264243788
2716,81480,train,10.180788747035034,0,True,nominal,0.1587652483668522,0.1605955454244201
2717,81510,train,9.311872401186495,0,True,nominal,-0.7818602163776145,-0.7568729523258505
2718,81540,train,9.203804598146023,0,True,nominal,-0.8988465384148522,-0.8709792243328409
2719,81570,train,9.253264021366116,0,True,nominal,-0.8453053739809377,-0.8187561732438207
2720,81600,train,9.495885603318458,0,True,nominal,-0.5826609440869469,-0.5625777052254387
2721,81630,train,9.494877768261029,0,True,nominal,-0.5837519528173145,-0.5636418547497711
2722,81660,train,10.096567829586833,0,True,nominal,0.06759382548545043,0.07166864356611442
2723,81690,train,9.947531201412204,0,True,nominal,-0.09374235872893316,-0.08569565509673674
2724,81720,train,12.134819465783906,0,True,nominal,2.2740563943208545,2.2238109937857797
2725,81750,train,11.68513757288041,0,True,nominal,1.7872635729860704,1.7490023741541925
2726,81780,train,11.742577874900222,0,True,nominal,1.8494442547520291,1.8096522489738156
2727,81810,train,11.919212358867593,0,True,nominal,2.040655864897833,1.9961564797098388
2728,81840,train,10.823981357436374,0,True,nominal,0.8550386594604723,0.839727617054079
2729,81870,train,10.79747189735885,0,True,nominal,0.826341451352142,0.8117368966243176
2730,81900,train,11.093854904380596,0,True,nominal,1.1471840791311652,1.1246807991186405
2731,81930,train,11.224296221180541,0,True,nominal,1.2883903354330994,1.2624107423298525
2732,81960,train,10.749650503042236,0,True,nominal,0.7745734975454195,0.7612434020392418
2733,81990,train,11.365314175005008,0,True,nominal,1.4410460876090099,1.4113083098221577
2734,82020,train,11.525268734668064,0,True,nominal,1.614201228192917,1.5802005976281357
2735,82050,train,10.133953359505172,0,True,nominal,0.1080646735966281,0.11114315240192253
2736,82080,train,9.879894160469242,0,True,nominal,-0.16696128639081906,-0.1571120286552449
2737,82110,train,8.855983952047424,0,True,nominal,-1.2753718028403003,-1.238234929887533
2738,82140,train,10.521149494056523,0,True,nominal,0.5272149701121802,0.5199745175831471
2739,82170,train,10.471781834503851,0,True,nominal,0.4737731423321637,0.46784835760970817
2740,82200,train,10.073543923565207,0,True,nominal,0.042669823991755604,0.04735823834594765
2741,82230,train,9.888124900250746,0,True,nominal,-0.15805128778260075,-0.14842138254323498
2742,82260,train,11.074686077339306,0,True,nominal,1.1264333049853397,1.1044408818547615
2743,82290,train,10.805584505272495,0,True,nominal,0.8351235690157364,0.820302810053073
2744,82320,train,11.920121723307087,0,True,nominal,2.041640276518822,1.9971166564060145
2745,82350,train,11.028184315674629,0,True,nominal,1.0760938892449687,1.0553407565998163
2746,82380,train,9.80717133065803,0,True,nominal,-0.2456857181678546,-0.23389836802820876
2747,82410,train,10.838681597923827,0,True,nominal,0.8709520677033143,0.855249258027953
2748,82440,train,11.141772593874467,0,True,nominal,1.1990562750738465,1.175275969534815
2749,82470,train,11.228793397271144,0,True,nominal,1.2932586502835117,1.2671592056447347
2750,82500,train,10.528539281698928,0,True,nominal,0.5352146152664116,0.527777221950907
2751,82530,train,10.637275452061832,0,True,nominal,0.6529244630219618,0.6425892074206349
2752,82560,train,11.46029538449083,0,True,nominal,1.543865817887357,1.511596753005216
2753,82590,train,9.285416584090187,0,True,nominal,-0.810499354506737,-0.7848070323832373
2754,82620,train,10.603648901000112,0,True,nominal,0.616522811273431,0.6070837166624978
2755,82650,train,9.844193609870866,0,True,nominal,-0.20560809877807767,-0.19480740713769662
2756,82680,train,10.19708421081196,0,True,nominal,0.17640552900103557,0.17780154545306498
2757,82710,train,9.546249944939781,0,True,nominal,-0.5281401809888108,-0.5093991719083185
2758,82740,train,10.081302744889111,0,True,nominal,0.05106895809544129,0.05555059676844155
2759,82770,train,9.489599167618366,0,True,nominal,-0.5894661808974145,-0.5692154060185283
2760,82800,train,9.750129136725475,0,True,nominal,-0.3074354371531224,-0.2941278898063648
2761,82830,train,10.186728342441572,0,True,nominal,0.16519502117106039,0.16686702564333486
2762,82860,train,10.91958259451529,0,True,nominal,0.9585295863916327,0.9406707329074319
2763,82890,train,11.34294967713594,0,True,nominal,1.4168359132897252,1.3876941582862747
2764,82920,train,11.875900475474094,0,True,nominal,1.9937695787316037,1.9504244725015227
2765,82950,train,11.175302498580095,0,True,nominal,1.2353533045258234,1.2106794136603143
2766,82980,train,9.571265597509612,0,True,nominal,-0.5010600599428605,-0.4829857279753786
2767,83010,train,9.531266427112804,0,True,nominal,-0.5443602446196126,-0.5252199188161307
2768,83040,train,9.153845529320659,0,True,nominal,-0.9529285827411889,-0.9237298395597284
2769,83070,train,9.385414058541478,0,True,nominal,-0.7022493816199179,-0.6792220320526775
2770,83100,train,8.966810510903237,0,True,nominal,-1.1553990529572524,-1.121215751976938
2771,83130,train,8.697996659980195,0,True,nominal,-1.4463973230005125,-1.4050500257354595
2772,83160,train,7.9586085525682755,0,True,nominal,-2.246804963487113,-2.185752678416222
2773,83190,train,9.299399004775609,0,True,nominal,-0.7953630056299841,-0.7700433205915826
2774,83220,train,10.936823353531928,0,True,nominal,0.9771931747106382,0.9588748481259363
2775,83250,train,11.890338432766619,0,True,nominal,2.009399058316293,1.965669174768943
2776,83280,train,11.261471941242025,0,True,nominal,1.3286340586949688,1.3016637178326742
2777,83310,train,11.53852904544024,0,True,nominal,1.6285558735420667,1.5942018504092306
2778,83340,train,11.169210796511363,0,True,nominal,1.2287588721424736,1.2042473275654397
2779,83370,train,11.556175848271192,0,True,nominal,1.6476590152811112,1.6128346978182608
2780,83400,train,11.649997061441407,0,True,nominal,1.749223018148318,1.7118983279544007
2781,83430,train,10.039001813616991,0,True,nominal,0.005277054965681136,0.010886030319562506
2782,83460,train,9.834127168254328,0,True,nominal,-0.21650529431262788,-0.20543632799036649
2783,83490,train,10.045448588676612,0,True,nominal,0.012255863473002648,0.017693029701658217
2784,83520,train,9.656866734050812,0,True,nominal,-0.40839451253266584,-0.3926014849773071
2785,83550,train,9.014726239666107,0,True,nominal,-1.1035289795589545,-1.0706226518508841
2786,83580,train,8.390020352874968,0,True,nominal,-1.7797900119344991,-1.7302350233160677
2787,83610,train,8.795676184016594,0,True,nominal,-1.3406565941815245,-1.3019124951701662
2788,83640,train,8.488462192027947,0,True,nominal,-1.6732240563669976,-1.6262925820040004
2789,83670,train,9.767387926707693,0,True,nominal,-0.28875232982580207,-0.2759047361119661
2790,83700,train,9.184691577334805,0,True,nominal,-0.9195369008060286,-0.8911602171003482
2791,83730,train,9.754420915365415,0,True,nominal,-0.3027894706028764,-0.28959630086771093
2792,83760,train,10.815809610125749,0,True,nominal,0.846192521798826,0.8310992597157758
2793,83790,train,11.610176930158277,0,True,nominal,1.7061166481584624,1.6698531803367946
2794,83820,train,10.729859903381108,0,True,nominal,0.7531496377080936,0.7403469695720393
2795,83850,train,11.571552530118266,0,True,nominal,1.664304689606075,1.629070577442372
2796,83880,train,11.508561539128772,0,True,nominal,1.5961152367809632,1.5625598596373167
2797,83910,train,11.651760680140809,0,True,nominal,1.7511321831291384,1.7137604917938483
2798,83940,train,12.234013052052392,0,True,nominal,2.381436136489646,2.3285471873388386
2799,83970,train,11.370506108855942,0,True,nominal,1.446666496541113,1.4167903516474656
2800,84000,train,11.356799761519712,0,True,nominal,1.431829004537783,1.4023181392644266
2801,84030,train,10.864655309344638,0,True,nominal,0.899069313388778,0.8826742939501153
2802,84060,train,9.883309907983456,0,True,nominal,-0.16326364724712203,-0.15350542054442587
2803,84090,train,8.882337734709868,0,True,nominal,-1.2468431197477663,-1.2104085856083981
2804,84120,train,9.71576626291839,0,True,nominal,-0.3446341782047484,-0.33041084657291175
2805,84150,train,9.650233857878016,0,True,nominal,-0.4155747805324999,-0.3996049841830635
2806,84180,train,11.474620075275812,0,True,nominal,1.5593726834116621,1.52672185980983
2807,84210,train,12.11200604474482,0,True,nominal,2.249360248518297,2.1997228347480595
2808,84240,train,11.904988919578095,0,True,nominal,2.025258606858126,1.9811382819971066
2809,84270,train,10.375865052837135,0,True,nominal,0.3699406298433552,0.36657206558775773
2810,84300,train,10.721067703277694,0,True,nominal,0.7436318431034539,0.7310634906050024
2811,84330,train,11.233342693391615,0,True,nominal,1.2981833864770742,1.2719627012831944
2812,84360,train,10.217214578700569,0,True,nominal,0.1981971971416646,0.199056731264866
2813,84390,train,10.39875683488982,0,True,nominal,0.3947216035642586,0.3907429641915742
2814,84420,train,9.279136527235867,0,True,nominal,-0.8172976860439903,-0.7914379979018952
2815,84450,train,9.839626591063537,0,True,nominal,-0.2105520202598922,-0.19962961574773877
2816,84480,train,11.266779780973339,0,True,nominal,1.3343799388799946,1.3072681419729892
2817,84510,train,10.788992640865468,0,True,nominal,0.8171624266763124,0.8027838475141345
2818,84540,train,11.242346797638064,0,True,nominal,1.3079305730525008,1.2814699248911345
2819,84570,train,9.991690552118735,0,True,nominal,-0.04593866625657983,-0.0390688269240159
2820,84600,train,9.50458165141086,0,True,nominal,-0.5732472366369303,-0.5533957509236024
2821,84630,train,9.269173445017628,0,True,nominal,-0.8280829922320861,-0.8019577839772776
2822,84660,train,9.437280423673753,0,True,nominal,-0.6461026374134781,-0.6244575471525741
2823,84690,train,10.857495551157951,0,True,nominal,0.8913186813469407,0.8751144723180575
2824,84720,train,9.71142414516707,0,True,nominal,-0.34933463820567207,-0.33499558740485835
2825,84750,train,9.550704067777534,0,True,nominal,-0.5233184724499995,-0.5046961675186865
2826,84780,train,8.836779794021256,0,True,nominal,-1.2961608237336182,-1.2585121523140734
2827,84810,train,9.706412570558017,0,True,nominal,-0.3547598033763639,-0.34028719211444797
2828,84840,train,9.45446866270035,0,True,nominal,-0.6274959034053349,-0.6063088865662614
2829,84870,train,9.427817977357906,0,True,nominal,-0.6563459916857143,-0.6344487234584649
2830,84900,train,9.448539171555584,0,True,nominal,-0.6339147380726663,-0.6125696979309034
2831,84930,train,9.102806483135225,0,True,nominal,-1.0081797317932935,-0.9776207776852253
2832,84960,train,9.04475802234416,0,True,nominal,-1.0710187618911509,-1.038912793163062
2833,84990,train,8.736424380706048,0,True,nominal,-1.4047982751295378,-1.3644750919403246
2834,85020,train,10.683920795066422,0,True,nominal,0.7034193094493363,0.691840936862639
2835,85050,train,11.069981386766544,0,True,nominal,1.1213403500908594,1.099473308839483
2836,85080,train,11.157519446472747,0,True,nominal,1.2161026692570003,1.1919027038190348
2837,85110,train,10.298118443417232,0,True,nominal,0.28577782065314855,0.28448123453083063
2838,85140,train,9.753826084597838,0,True,nominal,-0.3034333910100244,-0.29022436879778485
2839,85170,train,10.094162820743028,0,True,nominal,0.06499033831176895,0.06912925083683238
2840,85200,train,11.025825032370095,0,True,nominal,1.0735399012052758,1.0528496444006734
2841,85230,train,11.030461220231016,0,True,nominal,1.0785587000599144,1.0577448870006887
2842,85260,train,11.668215269356642,0,True,nominal,1.7689447213582445,1.7311345086610366
2843,85290,train,12.875557891591681,0,True,nominal,3.0759257910222195,3.0059394161577777
2844,85320,train,12.264411173323952,0,True,nominal,2.4143429256011997,2.36064385440086
2845,85350,train,11.228938650322677,0,True,nominal,1.2934158906435957,1.2673125749530931
2846,85380,train,9.73775552338551,0,True,nominal,-0.32083020853022876,-0.3071928994554504
2847,85410,train,10.230872783764934,0,True,nominal,0.212982573832556,0.21347811134620281
2848,85440,train,9.281384887952859,0,True,nominal,-0.8148637747078322,-0.7890640062751121
2849,85470,train,9.710009669883467,0,True,nominal,-0.35086584598806164,-0.3364890988570856
2850,85500,train,8.743592293001418,0,True,nominal,-1.3970388160443292,-1.3569066605751425
2851,85530,train,9.619705237952346,0,True,nominal,-0.448622837969546,-0.43183944172942423
2852,85560,train,9.787231145262835,0,True,nominal,-0.2672715086113859,-0.25495274458217426
2853,85590,train,9.60214407690538,0,True,nominal,-0.46763327015922085,-0.4503818619767674
2854,85620,train,9.542974165097801,0,True,nominal,-0.5316863013385825,-0.5128579914194727
2855,85650,train,10.285475719176333,0,True,nominal,0.2720917294413193,0.2711320769598082
2856,85680,train,11.58445354366737,0,True,nominal,1.6782703859855699,1.6426924566680343
2857,85710,train,10.542294321458835,0,True,nominal,0.5501048181364085,0.5423008475281118
2858,85740,train,9.576352038172596,0,True,nominal,-0.4955538502422684,-0.4776150739460699
2859,85770,train,10.149797068813264,0,True,nominal,0.12521591778993008,0.127872155426364
2860,85800,train,10.577568531841521,0,True,nominal,0.5882901056997435,0.5795460633233406
2861,85830,train,9.368471680434338,0,True,nominal,-0.7205899645276348,-0.6971110938300753
2862,85860,train,9.066343087835186,0,True,nominal,-1.0476523442192531,-1.0161216260909849
2863,85890,train,9.64867502916797,0,True,nominal,-0.417262254806461,-0.4012509150505038
2864,85920,train,9.947655505925903,0,True,nominal,-0.0936077957281026,-0.08556440486074794
2865,85950,train,9.64606813472381,0,True,nominal,-0.42008428860729013,-0.40400347407520615
2866,85980,train,9.14871100068644,0,True,nominal,-0.958486848972318,-0.9291512685559714
2867,86010,train,9.053350807682248,0,True,nominal,-1.0617168391678586,-1.029839871594384
2868,86040,train,10.736095202922897,0,True,nominal,0.7598995182430128,0.7469306768885836
2869,86070,train,10.253114282549202,0,True,nominal,0.23705959831312962,0.23696239101801606
2870,86100,train,10.884370622894624,0,True,nominal,0.9204116739729012,0.9034912335689885
2871,86130,train,10.066592884208028,0,True,nominal,0.03514513573258929,0.04001879805655267
2872,86160,train,9.228780586433631,0,True,nominal,-0.8718093550280657,-0.8446076609901322
2873,86190,train,8.040017519658539,0,True,nominal,-2.1586775529837845,-2.0997948493380187
2874,86220,train,9.08537161582862,0,True,nominal,-1.0270534475904318,-0.9960298473185571
2875,86250,train,9.113397234722088,0,True,nominal,-0.9967149565235204,-0.9664382501670482
2876,86280,train,8.807095267885625,0,True,nominal,-1.3282951267944954,-1.289855350920252
2877,86310,train,9.103901826146247,0,True,nominal,-1.0069939933344425,-0.9764642305542561
2878,86340,train,10.128991101089273,0,True,nominal,0.10269289453994662,0.10590361951013676
2879,86370,train,8.998001922907234,0,True,nominal,-1.121633505154553,-1.0882814677380213
2880,86400,train,10.287059474040339,0,True,nominal,0.2738061869516591,0.2728043267716878
2881,86430,train,9.083250391787532,0,True,nominal,-1.0293497300335106,-0.9982695982953544
2882,86460,train,9.369323239051104,0,True,nominal,-0.7196681292744718,-0.6962119529535071
2883,86490,train,8.342755688276768,0,True,nominal,-1.830955290751136,-1.7801406799799835
2884,86520,train,9.208697663758658,0,True,nominal,-0.8935496624406584,-0.8658127505077533
2885,86550,train,8.87841801600748,0,True,nominal,-1.251086321344464,-1.2145473251391543
2886,86580,train,9.716311076472088,0,True,nominal,-0.3440444027855203,-0.3298355906520695
2887,86610,train,10.630736340354082,0,True,nominal,0.645845697593614,0.6356847119259939
2888,86640,train,10.452740020353433,0,True,nominal,0.4531598630787699,0.44774255029408777
2889,86670,train,10.491838788931835,0,True,nominal,0.49548533841446607,0.48902602786117305
2890,86700,train,10.031165661945224,0,True,nominal,-0.0032057913327926866,0.0026120205868773423
2891,86730,train,9.704234595585156,0,True,nominal,-0.3571175202392557,-0.3425868650761038
2892,86760,train,9.444002868333978,0,True,nominal,-0.6388254091015073,-0.617359474670576
2893,86790,train,8.958738065590547,0,True,nominal,-1.1641376935181666,-1.129739258652339
2894,86820,train,8.717621686169942,0,True,nominal,-1.425152700927802,-1.3843284184338571
2895,86850,train,8.640507241832665,0,True,nominal,-1.5086311743042315,-1.46575176112846
2896,86880,train,9.379122306966392,0,True,nominal,-0.7090603730089594,-0.6858653457541533
2897,86910,train,9.764356808999175,0,True,nominal,-0.2920335967934365,-0.27910522258436976
2898,86940,train,9.584030594876145,0,True,nominal,-0.4872416047627688,-0.4695074650636336
2899,86970,train,10.062392224052994,0,True,nominal,0.030597807408706077,0.035583419000316106
2900,87000,train,10.962784747359109,0,True,nominal,1.0052970862675776,0.9862868781883549
2901,87030,train,11.52171281009121,0,True,nominal,1.6103518435845128,1.576445979827208
2902,87060,train,10.533693691904695,0,True,nominal,0.5407944038369082,0.5332196434347103
2903,87090,train,10.459458959232315,0,True,nominal,0.4604332962875396,0.45483692110335533
2904,87120,train,10.039046725052687,0,True,nominal,0.005325672810512207,0.010933451256729176
2905,87150,train,8.559274411960272,0,True,nominal,-1.596567911501424,-1.5515236110275972
2906,87180,train,8.13526007309789,0,True,nominal,-2.055574910801525,-1.9992304591715895
2907,87210,train,8.888004366410206,0,True,nominal,-1.2407088375442694,-1.2044253213986127
2908,87240,train,8.28586611302333,0,True,nominal,-1.8925397958850834,-1.8402090552554562
2909,87270,train,8.61370991388575,0,True,nominal,-1.5376400071733642,-1.4940464345255513
2910,87300,train,8.972350533170701,0,True,nominal,-1.1494018288919836,-1.115366171713524
2911,87330,train,9.223590789972707,0,True,nominal,-0.877427450177626,-0.8500874459951931
2912,87360,train,9.766592696768267,0,True,nominal,-0.28961318776100486,-0.2767444008522796
2913,87390,train,8.654646797443732,0,True,nominal,-1.493324722617042,-1.4508221342347762
2914,87420,train,9.064669422383536,0,True,nominal,-1.0494641323744722,-1.017888810394742
2915,87450,train,9.14190238613739,0,True,nominal,-0.9658573585214407,-0.9363403258132345
2916,87480,train,10.215895012278729,0,True,nominal,0.19676873077118553,0.19766343186554958
2917,87510,train,9.996285977759007,0,True,nominal,-0.04096399360917106,-0.034216624201801285
2918,87540,train,10.629221185180334,0,True,nominal,0.6442055011048783,0.6340848949266269
2919,87570,train,10.210045519675411,0,True,nominal,0.19043649669042156,0.19148708909445541
2920,87600,train,8.652682276026965,0,True,nominal,-1.4954513702275691,-1.4528964265664266
2921,87630,train,9.654017395636371,0,True,nominal,-0.41147899849394715,-0.3956100349340078
2922,87660,train,10.8024948433163,0,True,nominal,0.8317789263152795,0.8170405080753851
2923,87690,train,10.562930271854865,0,True,nominal,0.5724437930267412,0.5640898661142527
2924,87720,train,11.32105375056092,0,True,nominal,1.3931329800798244,1.3645747602480018
2925,87750,train,11.327824988267823,0,True,nominal,1.400463028185585,1.3717243521696456
2926,87780,train,10.944640623697207,0,True,nominal,0.9856555812672423,0.9671289213164265
2927,87810,train,9.806854700545502,0,True,nominal,-0.24602847883540446,-0.2342326903770411
2928,87840,train,9.960847347802536,0,True,nominal,-0.07932726981173711,-0.07163544678907703
2929,87870,train,10.18617343150044,0,True,nominal,0.16459431505661395,0.1662811081266745
2930,87900,train,11.2204847178499,0,True,nominal,1.2842642799055572,1.258386264885457
2931,87930,train,10.913913601256759,0,True,nominal,0.9523927477374673,0.9346849751834452
2932,87960,train,9.665343954813217,0,True,nominal,-0.39921769159072396,-0.3836505853479696
2933,87990,train,10.387151767591103,0,True,nominal,0.38215880408028,0.3784894443772506
2934,88020,train,9.126360587021578,0,True,nominal,-0.9826817767593091,-0.9527505489092175
2935,88050,train,9.73805707059565,0,True,nominal,-0.32050377551278764,-0.3068745027913657
2936,88080,train,10.209536829148622,0,True,nominal,0.1898858254256231,0.1909499746349759
2937,88110,train,10.453580125516703,0,True,nominal,0.45406929965849446,0.448629597736319
2938,88140,train,10.622001684753531,0,True,nominal,0.6363901964709747,0.6264619928570171
2939,88170,train,10.027096218773073,0,True,nominal,-0.007611073720842986,-0.0016848095184273412
2940,88200,train,10.398230551148295,0,True,nominal,0.3941518871682848,0.39018727346710524
2941,88230,train,10.74924726830783,0,True,nominal,0.774136985030418,0.7608176358906542
2942,88260,train,11.313021651237777,0,True,nominal,1.3844380151447064,1.3560938539616925
2943,88290,train,10.666495351322954,0,True,nominal,0.6845557949143765,0.6734418173497715
2944,88320,train,11.405349825104114,0,True,nominal,1.4843857625509556,1.4535810187294953
2945,88350,train,10.664792402890559,0,True,nominal,0.68271230713985,0.6716437138298171
2946,88380,train,10.230730420627898,0,True,nominal,0.212828461883142,0.2133277934311412
2947,88410,train,9.753456661847494,0,True,nominal,-0.3038333011370348,-0.29061443366123496
2948,88440,train,8.823667714005632,0,True,nominal,-1.310355005276398,-1.2723568916975498
2949,88470,train,7.830537691939272,0,True,nominal,-2.3854451368190333,-2.3209797122593137
2950,88500,train,8.245167156396732,0,True,nominal,-1.9365975180978279,-1.8831821340502202
2951,88530,train,8.393400762628556,0,True,nominal,-1.776130626873225,-1.7266657275222643
2952,88560,train,8.945604428308375,0,True,nominal,-1.1783552113855098,-1.143606759850632
2953,88590,train,9.07490889727793,0,True,nominal,-1.0383796236328704,-1.0070771877408518
2954,88620,train,9.19492170496617,0,True,nominal,-0.9084625107296733,-0.8803584640034189
2955,88650,train,9.323769764400009,0,True,nominal,-0.7689809986538225,-0.7443108040743611
2956,88680,train,8.906865571584136,0,True,nominal,-1.2202910723967582,-1.1845102148876552
2957,88710,train,8.750781759379347,0,True,nominal,-1.3892560240813125,-1.3493154707570447
2958,88740,train,9.28189416959503,0,True,nominal,-0.8143124635446316,-0.788526267670691
2959,88770,train,9.897340080886977,0,True,nominal,-0.1480756053016896,-0.13869128829973962
2960,88800,train,10.090079960005813,0,True,nominal,0.06057053104634157,0.06481825343760825
2961,88830,train,10.234248093838008,0,True,nominal,0.21663643835163385,0.21704202250632865
2962,88860,train,9.88352095616049,0,True,nominal,-0.16303518188270041,-0.15328257969805265
2963,88890,train,10.840315806398875,0,True,nominal,0.8727211426133165,0.8569747806306484
2964,88920,train,9.987816480445604,0,True,nominal,-0.05013245370850509,-0.04315936882152563
2965,88950,train,10.485339109955191,0,True,nominal,0.4884492599849311,0.4821631684673417
2966,88980,train,9.694155126673387,0,True,nominal,-0.3680288181735253,-0.353229541145882
2967,89010,train,9.955686076132809,0,True,nominal,-0.08491448610270146,-0.07708511313259821
2968,89040,train,10.942140291314006,0,True,nominal,0.9829489037818883,0.9644888786857957
2969,89070,train,10.657163730920345,0,True,nominal,0.6744540632344974,0.6635887770734988
2970,89100,train,10.85862309304003,0,True,nominal,0.8925392759552903,0.876305017485776
2971,89130,train,10.496611854263854,0,True,nominal,0.5006523108366522,0.49406579618956714
2972,89160,train,11.119379768334506,0,True,nominal,1.1748154352840288,1.1516319074721204
2973,89190,train,9.010136969261412,0,True,nominal,-1.108496988997238,-1.0754683554034554
2974,89220,train,10.20554035384766,0,True,nominal,0.18555953273327405,0.186730189602518
2975,89250,train,9.87079972274316,0,True,nominal,-0.17680626140315103,-0.1667146332768484
2976,89280,train,11.008712689324623,0,True,nominal,1.055015326651099,1.034781120610176
2977,89310,train,9.76786594529966,0,True,nominal,-0.28823486176069646,-0.2754000074328896
2978,89340,train,10.55725907663589,0,True,nominal,0.566304570690792,0.5581017833916055
2979,89370,train,10.564336540818111,0,True,nominal,0.5739661172452101,0.5655747127042681
2980,89400,train,10.569736839647447,0,True,nominal,0.5798120869065851,0.5712767622491126
2981,89430,train,11.321578268357635,0,True,nominal,1.3937007847927407,1.3651285863525464
2982,89460,train,10.859394503489245,0,True,nominal,0.8933743486475786,0.8771195317820845
2983,89490,train,9.552698466175272,0,True,nominal,-0.5211594821988429,-0.5025903287798593
2984,89520,train,10.896577890684826,0,True,nominal,0.933626371789647,0.9163806028329252
2985,89550,train,9.647185643211275,0,True,nominal,-0.41887455542020113,-0.402823522934782
2986,89580,train,9.831125506856973,0,True,nominal,-0.21975467402608706,-0.20860571223102967
2987,89610,train,9.353028876129397,0,True,nominal,-0.7373072182030824,-0.7134167906148097
2988,89640,train,10.39870389242558,0,True,nominal,0.3946642919136394,0.3906870634787315
2989,89670,train,10.099982442364267,0,True,nominal,0.07129023624586628,0.07527405353483985
2990,89700,train,10.025514039253222,0,True,nominal,-0.00932382587849198,-0.003355395961165895
2991,89730,train,10.198399189525983,0,True,nominal,0.1778290290536196,0.17919000079872852
2992,89760,train,9.797613472681455,0,True,nominal,-0.2560323581454893,-0.24399028728070557
2993,89790,train,10.549924101308365,0,True,nominal,0.5583642613511107,0.5503569540683542
2994,89820,train,9.757274802909016,0,True,nominal,-0.2997000600861403,-0.286582947591661
2995,89850,train,9.782531268592837,0,True,nominal,-0.2723592523258178,-0.2599152347098324
2996,89880,train,9.79727059919392,0,True,nominal,-0.2564035279768565,-0.2443523193969498
2997,89910,train,9.87368487486951,0,True,nominal,-0.17368300612930068,-0.1636682684572775
2998,89940,train,8.74628463361278,0,True,nominal,-1.3941242844545951,-1.3540638809359526
2999,89970,train,8.674898896117352,0,True,nominal,-1.4714012776065546,-1.429438415727063
3000,90000,validation,9.333528266969456,0,True,nominal,-0.7584171554732313,-0.7340070288772912
3001,90030,validation,9.495163829401587,0,True,nominal,-0.5834422838893807,-0.5633398094652662
3002,90060,validation,9.096013656483352,0,True,nominal,-1.0155331505163663,-0.9847931648701918
3003,90090,validation,9.501390521419193,0,True,nominal,-0.5767017212323836,-0.5567651906326931
3004,90120,validation,9.291638756458664,0,True,nominal,-0.8037636844922634,-0.7782371857427368
3005,90150,validation,8.79517422526401,0,True,nominal,-1.3411999781185264,-1.3024425017063153
3006,90180,validation,9.55281644398308,0,True,nominal,-0.5210317680283951,-0.5024657587650194
3007,90210,validation,8.706490904008735,0,True,nominal,-1.437202073912183,-1.3960811516365628
3008,90240,validation,8.975890503526816,0,True,nominal,-1.1455697151593884,-1.1116283996020626
3009,90270,validation,10.524210293013102,0,True,nominal,0.5305283678342702,0.5232063437929136
3010,90300,validation,10.434300711612314,0,True,nominal,0.4331988122399301,0.4282729143836862
3011,90330,validation,11.79755403139459,0,True,nominal,1.9089574322856842,1.8677002900216741
3012,90360,validation,12.00670521673195,0,True,nominal,2.1353692518466234,2.0885381471191447
3013,90390,validation,11.356351783696653,0,True,nominal,1.4313440564181814,1.4018451299323875
3014,90420,validation,10.610079600642473,0,True,nominal,0.6234842177064307,0.6138737423865498
3015,90450,validation,10.220815858624688,0,True,nominal,0.20209568014118914,0.20285923871882955
3016,90480,validation,9.397668129531993,0,True,nominal,-0.6889840180719358,-0.66628324438145
3017,90510,validation,11.017795606803624,0,True,nominal,1.0648478306841282,1.0443715612716535
3018,90540,validation,10.085655423922685,0,True,nominal,0.055780850970284304,0.06014648901192533
3019,90570,validation,10.255629464911674,0,True,nominal,0.23978235130301315,0.23961811339530903
3020,90600,validation,9.500817113664253,0,True,nominal,-0.577322450648461,-0.5573706385035231
3021,90630,validation,10.958830809867596,0,True,nominal,1.0010168419053969,0.9821120078364866
3022,90660,validation,10.137002075680924,0,True,nominal,0.11136499138140817,0.11436222068530487
3023,90690,validation,11.334325473857144,0,True,nominal,1.4074999797951768,1.3785880632469842
3024,90720,validation,10.703585935364224,0,True,nominal,0.7247073561298497,0.7126048997150738
3025,90750,validation,9.944468117915667,0,True,nominal,-0.09705822952736706,-0.0889298934989467
3026,90780,validation,8.92512120976857,0,True,nominal,-1.2005288499072384,-1.165234512433021
3027,90810,validation,8.658788920823143,0,True,nominal,-1.4888407619372797,-1.4464485627942556
3028,90840,validation,9.41269720695185,0,True,nominal,-0.6727146349486056,-0.6504143921624211
3029,90870,validation,10.277119616957478,0,True,nominal,0.26304602260128185,0.26230906357490785
3030,90900,validation,9.989885873556497,0,True,nominal,-0.04789227965035393,-0.04097434491470484
3031,90930,validation,9.80708456715008,0,True,nominal,-0.24577964201377836,-0.23398997959205903
3032,90960,validation,10.871494838447331,0,True,nominal,0.9064732887790348,0.8898959931633342
3033,90990,validation,11.023747985021178,0,True,nominal,1.071291441227274,1.0506565385624969
3034,91020,validation,10.162176342690115,0,True,nominal,0.13861681685143976,0.1409431419042884
3035,91050,validation,11.240425911128893,0,True,nominal,1.3058511614105837,1.2794417056404124
3036,91080,validation,11.698408483161986,0,True,nominal,1.8016296925910575,1.7630148187099743
3037,91110,validation,11.36881587845118,0,True,nominal,1.4448367763757595,1.4150056767961778
3038,91140,validation,10.810419750562549,0,True,nominal,0.8403578529256197,0.825408232748496
3039,91170,validation,11.682698253477446,0,True,nominal,1.7846229437033587,1.7464267537059592
3040,91200,validation,9.775091300276687,0,True,nominal,-0.2804132194177007,-0.2677709236802849
3041,91230,validation,8.760173588741077,0,True,nominal,-1.3790891145734114,-1.3393988572455116
3042,91260,validation,9.144275778579287,0,True,nominal,-0.9632880969586379,-0.9338343161051169
3043,91290,validation,9.247086532532894,0,True,nominal,-0.8519926728589774,-0.825278839581914
3044,91320,validation,10.130961288967443,0,True,nominal,0.10482567624832588,0.10798389492618406
3045,91350,validation,10.79166893643632,0,True,nominal,0.8200595890753789,0.8056096855693823
3046,91380,validation,10.463356691034924,0,True,nominal,0.46465269647007257,0.4589524451795905
3047,91410,validation,10.577393636098883,0,True,nominal,0.5881007763241514,0.5793613949890087
3048,91440,validation,9.712628637230615,0,True,nominal,-0.3480307429429507,-0.3337237923357788
3049,91470,validation,8.746222364646457,0,True,nominal,-1.3941916922961743,-1.3541296292847569
3050,91500,validation,9.530932487762623,0,True,nominal,-0.5447217430054598,-0.525572517585177
3051,91530,validation,11.647871542729959,0,True,nominal,1.7469220866083242,1.7096540423353652
3052,91560,validation,11.556740198753417,0,True,nominal,1.6482699399543068,1.6134305823261375
3053,91590,validation,11.515178985580198,0,True,nominal,1.6032788016897521,1.5695470669602534
3054,91620,validation,11.6495939639752,0,True,nominal,1.7487866542298571,1.7114727067441016
3055,91650,validation,10.801368583300022,0,True,nominal,0.830559719361358,0.81585131639986
3056,91680,validation,10.888536848728451,0,True,nominal,0.9249217262119895,0.9078902542288169
3057,91710,validation,11.52632509295952,0,True,nominal,1.615344764637575,1.5813159817032287
3058,91740,validation,8.81094709864491,0,True,nominal,-1.3241254157338398,-1.285788292684792
3059,91770,validation,9.719513870125981,0,True,nominal,-0.3405772919599879,-0.3264538355541475
3060,91800,validation,9.749412475131518,0,True,nominal,-0.30821124272761885,-0.29488459606369855
3061,91830,validation,10.969119865588425,0,True,nominal,1.0121550232336989,0.9929759817282877
3062,91860,validation,10.398626099392676,0,True,nominal,0.3945800788497707,0.39060492363020044
3063,91890,validation,11.009366394859825,0,True,nominal,1.0557229805878594,1.0354713530338355
3064,91920,validation,12.071340229714574,0,True,nominal,2.2053384029806993,2.1567847493916883
3065,91950,validation,10.566281839210085,0,True,nominal,0.5760719554110577,0.5676287078925125
3066,91980,validation,10.855898462240747,0,True,nominal,0.8895897893630792,0.8734281433904894
3067,92010,validation,11.224461360784513,0,True,nominal,1.2885691035244997,1.2625851093849771
3068,92040,validation,11.745961437933083,0,True,nominal,1.8531070533234713,1.8132248742416377
3069,92070,validation,10.761127604065264,0,True,nominal,0.7869977700720939,0.7733618052485198
3070,92100,validation,10.028810187641946,0,True,nominal,-0.005755656025521086,0.0001249302232972806
3071,92130,validation,9.999091444212171,0,True,nominal,-0.0379270002335247,-0.031254397625478755
3072,92160,validation,9.783792948374135,0,True,nominal,-0.2709934498106371,-0.2585830564637684
3073,92190,validation,8.796203352541658,0,True,nominal,-1.3400859199834199,-1.3013558702234005
3074,92220,validation,8.682232580741918,0,True,nominal,-1.4634623654877645,-1.4216949492269546
3075,92250,validation,9.510501866572895,0,True,nominal,-0.5668384434719926,-0.5471447338527166
3076,92280,validation,9.257029112822815,0,True,nominal,-0.8412295605632434,-0.814780701014331
3077,92310,validation,9.457414446899644,0,True,nominal,-0.6243070122712956,-0.6031985017554155
3078,92340,validation,10.195143987651019,0,True,nominal,0.17430518491015948,0.17575290908286184
3079,92370,validation,9.603519819217727,0,True,nominal,-0.46614399186666494,-0.44892924776524956
3080,92400,validation,10.381400786704065,0,True,nominal,0.3759332115989645,0.3724171178290961
3081,92430,validation,10.850911077527643,0,True,nominal,0.8841908104095396,0.868162080227682
3082,92460,validation,11.118387638284627,0,True,nominal,1.1737414276494473,1.1505843404988625
3083,92490,validation,9.834798241011478,0,True,nominal,-0.21577883988800164,-0.20472775792222897
3084,92520,validation,10.962089360388106,0,True,nominal,1.0045443110483034,0.985552635309061
3085,92550,validation,11.45981828541097,0,True,nominal,1.5433493452189957,1.5110929952175196
3086,92580,validation,11.378620184164737,0,True,nominal,1.455450202699677,1.4253578144645251
3087,92610,validation,10.782111129285202,0,True,nominal,0.8097130041176759,0.7955178199822985
3088,92640,validation,10.627476882936142,0,True,nominal,0.6423172467096909,0.6322431268815809
3089,92670,validation,10.32120612380961,0,True,nominal,0.31077085962946577,0.3088589776212169
3090,92700,validation,10.240651931307973,0,True,nominal,0.22356876575589135,0.22380368508924095
3091,92730,validation,9.826668882258476,0,True,nominal,-0.22457909078862234,-0.21331135817146454
3092,92760,validation,8.859567061687592,0,True,nominal,-1.2714929896649974,-1.2344516080124806
3093,92790,validation,9.518529044605202,0,True,nominal,-0.5581488059674153,-0.5386690238425854
3094,92820,validation,9.454505709781436,0,True,nominal,-0.6274557989372456,-0.6062697694176512
3095,92850,validation,8.660335841129946,0,True,nominal,-1.487166178832173,-1.4448152057319763
3096,92880,validation,8.691519845170468,0,True,nominal,-1.4534086503504584,-1.4118887433888645
3097,92910,validation,9.141093003652069,0,True,nominal,-0.9667335369706658,-0.9371949338965805
3098,92940,validation,9.5959956015903,0,True,nominal,-0.4742891611185171,-0.45687389361794145
3099,92970,validation,10.706495979810514,0,True,nominal,0.7278575580138362,0.7156775477545315
3100,93000,validation,8.910721416455118,0,True,nominal,-1.216117015951534,-1.1804389182453034
3101,93030,validation,9.699270764852002,0,True,nominal,-0.36249100137192525,-0.34782805814099604
3102,93060,validation,11.110528554489191,0,True,nominal,1.1652337567063615,1.1422861172718026
3103,93090,validation,9.984257203017924,0,True,nominal,-0.05398546786868478,-0.04691752681941793
3104,93120,validation,10.517024473184597,0,True,nominal,0.5227495233597113,0.5156190042812778
3105,93150,validation,10.906368175130119,0,True,nominal,0.9442246197111325,0.926717935771229
3106,93180,validation,12.04327734635294,0,True,nominal,2.174959572118301,2.127153805557624
3107,93210,validation,11.527027048566437,0,True,nominal,1.6161046505830303,1.5820571602519382
3108,93240,validation,10.46643880240002,0,True,nominal,0.46798916545127967,0.4622067746642915
3109,93270,validation,10.764569449125876,0,True,nominal,0.7907236605161909,0.776995969149724
3110,93300,validation,10.01862520918215,0,True,nominal,-0.016781170901526823,-0.010629150916702764
3111,93330,validation,9.699241970720713,0,True,nominal,-0.362522171798463,-0.3478584611924567
3112,93360,validation,10.222780026731218,0,True,nominal,0.20422194528382187,0.20493315799844417
3113,93390,validation,10.940531787972315,0,True,nominal,0.9812076553745475,0.9627904975337108
3114,93420,validation,11.529181453654541,0,True,nominal,1.6184368524076687,1.584331946322165
3115,93450,validation,10.682776860037663,0,True,nominal,0.7021809688159657,0.6906330825537933
3116,93480,validation,10.981446428001028,0,True,nominal,1.025498860708334,1.0059913114008723
3117,93510,validation,11.516558808806758,0,True,nominal,1.60477249768241,1.5710039901138824
3118,93540,validation,10.611459978466204,0,True,nominal,0.6249785140655372,0.615331251126392
3119,93570,validation,9.404193965334843,0,True,nominal,-0.6819196241700043,-0.6593927666050675
3120,93600,validation,9.069300783111222,0,True,nominal,-1.0444505590222246,-1.012998664652093
3121,93630,validation,9.081163914433944,0,True,nominal,-1.0316083982468252,-1.0004726610554604
3122,93660,validation,9.005062427900942,0,True,nominal,-1.1139903173807613,-1.0808264452368506
3123,93690,validation,10.334944720732471,0,True,nominal,0.3256432626832759,0.32336524159039676
3124,93720,validation,10.781899276679583,0,True,nominal,0.8094836679375371,0.7952941297585506
3125,93750,validation,9.772732886238863,0,True,nominal,-0.28296626645265016,-0.2702611180409885
3126,93780,validation,11.02466765106708,0,True,nominal,1.072287004616051,1.0516275924845429
3127,93810,validation,10.291575447502247,0,True,nominal,0.27869485046532877,0.27757263779238883
3128,93840,validation,11.019480891732531,0,True,nominal,1.066672197238002,1.0461510143103645
3129,93870,validation,12.443202665668018,0,True,nominal,2.607889555702009,2.5494256199587984
3130,93900,validation,11.724473225579382,0,True,nominal,1.8298454817944088,1.7905359721376772
3131,93930,validation,11.001531415542846,0,True,nominal,1.047241403395179,1.0271985811632214
3132,93960,validation,11.436614660265722,0,True,nominal,1.5182307929092318,1.48659282876757
3133,93990,validation,11.967577069370682,0,True,nominal,2.093011973183232,2.047223649180639
3134,94020,validation,11.865429222900005,0,True,nominal,1.9824341643778314,1.93936812120302
3135,94050,validation,12.135285731553548,0,True,nominal,2.2745611396376613,2.2243033129339573
3136,94080,validation,12.425914189135577,0,True,nominal,2.589174311880499,2.531171120928607
3137,94110,validation,12.581366387009304,0,True,nominal,2.757455523954752,2.695309469961399
3138,94140,validation,11.925613503154601,0,True,nominal,2.047585276858639,2.0029152986236993
3139,94170,validation,10.664523242082106,0,True,nominal,0.6824209332788898,0.6713595132116981
3140,94200,validation,11.180465427540417,0,True,nominal,1.2409423148787169,1.2161308298983096
3141,94230,validation,10.953414682515524,0,True,nominal,0.9951537374397039,0.9763932453237646
3142,94260,validation,10.78066220397067,0,True,nominal,0.8081445032442907,0.7939879335461327
3143,94290,validation,10.585663007468163,0,True,nominal,0.5970525946718407,0.5880928312932757
3144,94320,validation,9.745440772072998,0,True,nominal,-0.3125107187969739,-0.2990782246632985
3145,94350,validation,10.583580687730585,0,True,nominal,0.5947984271903975,0.585894158462917
3146,94380,validation,10.66090825175571,0,True,nominal,0.6785076083977791,0.6675425292638346
3147,94410,validation,11.4975187169401,0,True,nominal,1.5841610828478054,1.5509000013175025
3148,94440,validation,11.523078418942088,0,True,nominal,1.6118301521307317,1.5778878943531762
3149,94470,validation,10.354259434860692,0,True,nominal,0.3465519635496667,0.3437591976258191
3150,94500,validation,11.135094079330738,0,True,nominal,1.1918266023021098,1.1682242818379343
3151,94530,validation,9.764221653183897,0,True,nominal,-0.29217990662195514,-0.27924793045653395
3152,94560,validation,8.216930259654987,0,True,nominal,-1.9671647231544993,-1.9129968145526106
3153,94590,validation,8.726867355834795,0,True,nominal,-1.415144013248111,-1.3745661315363487
3154,94620,validation,9.214286667306718,0,True,nominal,-0.887499414813289,-0.8599114520528921
3155,94650,validation,8.645288750751153,0,True,nominal,-1.5034550614711373,-1.460703077414103
3156,94680,validation,9.554276900845094,0,True,nominal,-0.5194507839427174,-0.5009236964368983
3157,94710,validation,9.072437318243818,0,True,nominal,-1.041055174839523,-1.0096868703809962
3158,94740,validation,8.771722679011061,0,True,nominal,-1.3665869117382572,-1.3272044422698823
3159,94770,validation,10.97575249191859,0,True,nominal,1.019335020772121,0.9999792171310379
3160,94800,validation,10.010045021466585,0,True,nominal,-0.026069456357438653,-0.019688770949662586
3161,94830,validation,10.295746493645646,0,True,nominal,0.2832101208200078,0.2819767481046363
3162,94860,validation,10.23335647513279,0,True,nominal,0.21567123696835058,0.21610058311696664
3163,94890,validation,9.515499723508206,0,True,nominal,-0.5614281280544446,-0.5418676133147973
3164,94920,validation,9.02819941618584,0,True,nominal,-1.0889439012760935,-1.0563966390931052
3165,94950,validation,9.36980848301083,0,True,nominal,-0.7191428395531851,-0.6956995951771807
3166,94980,validation,8.607511358607216,0,True,nominal,-1.5443501110486932,-1.5005913444317687
3167,95010,validation,10.259552415932605,0,True,nominal,0.2440290519720277,0.24376026585580435
3168,95040,validation,9.5193919148332,0,True,nominal,-0.5572147255889044,-0.5377579392996177
3169,95070,validation,10.54855030212198,0,True,nominal,0.5568770865450048,0.548906391558205
3170,95100,validation,10.227797219120886,0,True,nominal,0.20965319185409398,0.21023069439152128
3171,95130,validation,8.764990746976942,0,True,nominal,-1.3738744103892786,-1.334312532248635
3172,95160,validation,8.799564613421355,0,True,nominal,-1.3364472640964664,-1.297806793278795
3173,95190,validation,9.302122064310213,0,True,nominal,-0.7924152199743203,-0.7671681055580131
3174,95220,validation,10.005808605200494,0,True,nominal,-0.030655491639409407,-0.02416190404937351
3175,95250,validation,9.72423862820358,0,True,nominal,-0.33546261344832273,-0.32146507372868716
3176,95280,validation,9.206623832554762,0,True,nominal,-0.8957946408546177,-0.8680024604934347
3177,95310,validation,9.83446968488137,0,True,nominal,-0.21613451079240428,-0.2050746726747914
3178,95340,validation,8.665712406887916,0,True,nominal,-1.4813459008629732,-1.4391382153834942
3179,95370,validation,9.61474255386347,0,True,nominal,-0.4539950778287464,-0.4370794240793744
3180,95400,validation,10.639066269091298,0,True,nominal,0.6548630709312984,0.6444800893422603
3181,95430,validation,11.1886437509294,0,True,nominal,1.2497955713231903,1.2247661307643303
3182,95460,validation,9.480983234049628,0,True,nominal,-0.5987931622069754,-0.5783127692639007
3183,95490,validation,10.234055569262882,0,True,nominal,0.21642802528768537,0.21683874029905362
3184,95520,validation,10.0093971489755,0,True,nominal,-0.026770795866049753,-0.02037284439812397
3185,95550,validation,9.852170060655324,0,True,nominal,-0.19697337489241382,-0.18638525884510224
3186,95580,validation,8.936576486895868,0,True,nominal,-1.188128202338433,-1.1531391525660912
3187,95610,validation,8.123525750060372,0,True,nominal,-2.0682776331215287,-2.011620457104974
3188,95640,validation,8.422462690977886,0,True,nominal,-1.7446703027688788,-1.6959799153934247
3189,95670,validation,8.482329650584889,0,True,nominal,-1.6798626984785214,-1.6327677894414434
3190,95700,validation,9.164773350313746,0,True,nominal,-0.941098920715175,-0.9121914083193529
3191,95730,validation,10.786654942868015,0,True,nominal,0.8146318053158192,0.8003155267371532
3192,95760,validation,9.428581862247366,0,True,nominal,-0.6555190656155662,-0.6336421552251295
3193,95790,validation,10.274334246917011,0,True,nominal,0.2600307841363626,0.259368056331903
3194,95820,validation,9.532109060819986,0,True,nominal,-0.54344807082266,-0.5243302015433747
3195,95850,validation,9.385479162133427,0,True,nominal,-0.7021789052193694,-0.6791532906888068
3196,95880,validation,9.900544415033954,0,True,nominal,-0.14460682685069454,-0.1353079066311097
3197,95910,validation,9.84139322496868,0,True,nominal,-0.20863959123723858,-0.19776426822289295
3198,95940,validation,8.818088949963691,0,True,nominal,-1.3163941683612237,-1.2782473784967874
3199,95970,validation,10.088753013358087,0,True,nominal,0.059134075381567966,0.06341716142995914
3200,96000,validation,9.679082698952499,0,True,nominal,-0.38434512917115377,-0.369144165936406
3201,96030,validation,9.516779013487502,0,True,nominal,-0.5600432620232468,-0.5405168408715129
3202,96060,validation,10.567246348516402,0,True,nominal,0.5771160628430793,0.5686471107670371
3203,96090,validation,10.370523415582145,0,True,nominal,0.3641581629240979,0.3609319554306903
3204,96120,validation,9.812975889061947,0,True,nominal,-0.23940212657424725,-0.22776947022994504
3205,96150,validation,11.182572853569315,0,True,nominal,1.2432236606001061,1.2183560118759424
3206,96180,validation,10.6464631565549,0,True,nominal,0.6628704018341575,0.6522902902455829
3207,96210,validation,10.46583885786618,0,True,nominal,0.46733970925372853,0.46157330722772394
3208,96240,validation,10.726371551133683,0,True,nominal,0.7493734019753866,0.7366636998172928
3209,96270,validation,8.7110049618327,0,True,nominal,-1.4323154841284405,-1.3913148632932741
3210,96300,validation,9.231641829469579,0,True,nominal,-0.8687119819917613,-0.841586541221317
3211,96330,validation,8.856599027092642,0,True,nominal,-1.2747059674546213,-1.2375854864969973
3212,96360,validation,8.940022382937636,0,True,nominal,-1.1843979265975804,-1.149500711328394
3213,96390,validation,10.296227143004854,0,True,nominal,0.28373043676186344,0.28248425454946713
3214,96420,validation,11.326207979085586,0,True,nominal,1.3987125719756122,1.3700169898989698
3215,96450,validation,11.097824264379435,0,True,nominal,1.1514810187749926,1.1288719537361873
3216,96480,validation,10.013802925407125,0,True,nominal,-0.022001423620542655,-0.01572088785080047
3217,96510,validation,10.097138590710694,0,True,nominal,0.06821168985174351,0.07227129692093334
3218,96540,validation,9.77388807262135,0,True,nominal,-0.2817157459243107,-0.2690413836902359
3219,96570,validation,9.863407273278632,0,True,nominal,-0.18480878805188203,-0.17452014820048734
3220,96600,validation,10.510136130804876,0,True,nominal,0.5152927062757644,0.50834576426766
3221,96630,validation,11.293342616397045,0,True,nominal,1.363134927245364,1.3353152201855365
3222,96660,validation,10.35427424376622,0,True,nominal,0.34656799459075693,0.3437748340036737
3223,96690,validation,10.684412334398292,0,True,nominal,0.7039514140813754,0.6923599417755407
3224,96720,validation,10.553672499792015,0,True,nominal,0.5624220041736226,0.5543148005770476
3225,96750,validation,10.353674698237807,0,True,nominal,0.34591897032738195,0.34314178786762856
3226,96780,validation,10.685929366004997,0,True,nominal,0.70559364185958,0.6939617400566903
3227,96810,validation,11.709462647924754,0,True,nominal,1.8135961251677022,1.774686653389154
3228,96840,validation,10.811177404554805,0,True,nominal,0.8411780338808823,0.8262082219228403
3229,96870,validation,9.800623068132921,0,True,nominal,-0.2527743896036916,-0.2408125256574086
3230,96900,validation,10.835129068222635,0,True,nominal,0.8671063581397093,0.8514982247970346
3231,96930,validation,9.9213615242067,0,True,nominal,-0.12207174268084957,-0.11332760671907163
3232,96960,validation,9.083382095032825,0,True,nominal,-1.0292071577054565,-0.9981305359112884
3233,96990,validation,10.017002733018277,0,True,nominal,-0.01853754526710554,-0.012342285645744308
3234,97020,validation,10.18926766446771,0,True,nominal,0.16794390600028894,0.16954823652831336
3235,97050,validation,10.620655649032434,0,True,nominal,0.6349330763675622,0.625040745142144
3236,97080,validation,10.613374872677769,0,True,nominal,0.6270514388830931,0.6173531432498727
3237,97110,validation,11.090228989246606,0,True,nominal,1.1432589278501148,1.1208522799213148
3238,97140,validation,9.770304230948826,0,True,nominal,-0.2855953515444546,-0.2728254785011752
3239,97170,validation,9.079818315994853,0,True,nominal,-1.0330650449806291,-1.0018934470544651
3240,97200,validation,9.208155455120647,0,True,nominal,-0.8941366179681431,-0.8663852559588937
3241,97230,validation,10.90937129309728,0,True,nominal,0.9474755762008332,0.9298888579699677
3242,97260,validation,11.013042719452905,0,True,nominal,1.0597027014728895,1.0393530984029615
3243,97290,validation,9.93362317300746,0,True,nominal,-0.10879817594815724,-0.10038081781479767
3244,97320,validation,9.615595065320742,0,True,nominal,-0.45307221109994444,-0.43617927712074656
3245,97350,validation,9.481053613013085,0,True,nominal,-0.598716975073972,-0.5782384577583287
3246,97380,validation,9.07362261293062,0,True,nominal,-1.0397720612567718,-1.0084353453741441
3247,97410,validation,8.4071402492949,0,True,nominal,-1.761257260648011,-1.712158524093699
3248,97440,validation,8.344899443650826,0,True,nominal,-1.8286346175302253,-1.7778771386943597
3249,97470,validation,8.99762619492589,0,True,nominal,-1.1220402408647934,-1.0886781901477816
3250,97500,validation,10.391524269345947,0,True,nominal,0.38689215558747214,0.38310626696965966
3251,97530,validation,10.803504173215506,0,True,nominal,0.8328715532523345,0.8181062359682757
3252,97560,validation,11.066947732924927,0,True,nominal,1.1180563376904957,1.0962701445233078
3253,97590,validation,10.898059871734455,0,True,nominal,0.9352306563910474,0.9179453920485888
3254,97620,validation,10.36063528411088,0,True,nominal,0.35345399294841473,0.35049130810043594
3255,97650,validation,11.033236671602822,0,True,nominal,1.081563201297523,1.0606754213528566
3256,97680,validation,10.275004181077868,0,True,nominal,0.2607560059996817,0.2600754241827784
3257,97710,validation,10.557884182397903,0,True,nominal,0.5669812645989182,0.5587618179819873
3258,97740,validation,10.335248421252047,0,True,nominal,0.32597202671646924,0.32368591188367885
3259,97770,validation,10.033101297571067,0,True,nominal,-0.0011104133728389093,0.004655813085797277
3260,97800,validation,8.604206195537182,0,True,nominal,-1.547928039538196,-1.5040811890079133
3261,97830,validation,9.063702972672777,0,True,nominal,-1.0505103403468259,-1.0189092620970468
3262,97860,validation,9.41677212014044,0,True,nominal,-0.6683034311196954,-0.646111786394375
3263,97890,validation,9.71052141563258,0,True,nominal,-0.3503118673623968,-0.33594875845963257
3264,97920,validation,8.553995650256404,0,True,nominal,-1.6022823139346383,-1.5570973323571233
3265,97950,validation,9.160597770814064,0,True,nominal,-0.9456190985507413,-0.9166003052967356
3266,97980,validation,9.399388865198352,0,True,nominal,-0.6871212751351685,-0.6644663597361304
3267,98010,validation,9.917632508947413,0,True,nominal,-0.12610850263831214,-0.11726498693337165
3268,98040,validation,8.7663485003483,0,True,nominal,-1.3724046056122774,-1.3328789121402238
3269,98070,validation,9.292712745082143,0,True,nominal,-0.8026010627359602,-0.7771031862113749
3270,98100,validation,9.033375586089157,0,True,nominal,-1.0833405572439945,-1.0509312420523134
3271,98130,validation,10.119762005228404,0,True,nominal,0.09270214845169857,0.0961588325055882
3272,98160,validation,9.697661944226926,0,True,nominal,-0.36423259324711915,-0.34952677430520523
3273,98190,validation,9.510633281634442,0,True,nominal,-0.5666961831106435,-0.5470059757551439
3274,98220,validation,9.70661946144762,0,True,nominal,-0.3545358383881191,-0.34006874085088423
3275,98250,validation,8.473971336985409,0,True,nominal,-1.6889107991979448,-1.6415931377715542
3276,98280,validation,8.305107885801325,0,True,nominal,-1.8717100560047333,-1.8198921162900143
3277,98310,validation,9.114709548405822,0,True,nominal,-0.9952943414383628,-0.9650526087646915
3278,98340,validation,10.434684908915733,0,True,nominal,0.4336147162205701,0.42867857935303694
3279,98370,validation,10.76585017696635,0,True,nominal,0.7921100830710346,0.7783482597970807
3280,98400,validation,11.30894586879081,0,True,nominal,1.3800258703200712,1.351790330364004
3281,98430,validation,10.170678203281211,0,True,nominal,0.14782031107490592,0.14992005815389334
3282,98460,validation,11.03931097733176,0,True,nominal,1.0881388016721523,1.0670891390584007
3283,98490,validation,9.244514533955014,0,True,nominal,-0.8547769309399754,-0.8279945528755321
3284,98520,validation,9.920900981938368,0,True,nominal,-0.12257029215256096,-0.11381388255574537
3285,98550,validation,9.515981782417343,0,True,nominal,-0.5609062862366361,-0.5413586185590811
3286,98580,validation,10.390394834950001,0,True,nominal,0.38566951228163443,0.38191372354070185
3287,98610,validation,9.476221949456464,0,True,nominal,-0.6039473816604621,-0.583340098584982
3288,98640,validation,8.032987200444401,0,True,nominal,-2.1662880638341044,-2.107217999378776
3289,98670,validation,8.74221227978775,0,True,nominal,-1.398532717703173,-1.3583637843317256
3290,98700,validation,9.347170143303941,0,True,nominal,-0.7436494550744305,-0.7196028899208845
3291,98730,validation,9.416183657755496,0,True,nominal,-0.6689404575802591,-0.6467331300978005
3292,98760,validation,11.112162457074275,0,True,nominal,1.1670025004821978,1.1440113168924213
3293,98790,validation,11.475035921140359,0,True,nominal,1.5598228478164062,1.5271609417565146
3294,98820,validation,11.11624032334164,0,True,nominal,1.171416901098818,1.1483170407474508
3295,98850,validation,10.04146743169565,0,True,nominal,0.007946153276700285,0.013489418925912617
3296,98880,validation,10.293418275525415,0,True,nominal,0.28068976168321347,0.27951843690884703
3297,98910,validation,10.655543777603297,0,True,nominal,0.6727004199188975,0.6618783061595626
3298,98940,validation,10.324463317891153,0,True,nominal,0.3142968603904742,0.3122981728615324
3299,98970,validation,9.862123117424634,0,True,nominal,-0.18619892152415757,-0.175876058407349
3300,99000,validation,15.631622126259836,1,True,nominal,6.059439927896589,5.916003342524518
3301,99030,validation,15.059096477869566,1,True,nominal,5.439665416036852,5.3114868674210785
3302,99060,validation,14.385567624287079,1,True,nominal,4.710552200539503,4.6003234643614475
3303,99090,validation,15.321196852172983,1,True,nominal,5.723396165914843,5.588232537842447
3304,99120,validation,14.912391097748792,1,True,nominal,5.280852870944426,5.156584079190241
3305,99150,validation,16.401611107618237,1,True,nominal,6.892973842753579,6.729016744086528
3306,99180,validation,17.291056483744153,1,True,nominal,7.855822538465756,7.668161365964101
3307,99210,validation,16.1890396326923,1,True,nominal,6.662859467130497,6.504567483007885
3308,99240,validation,16.28376591259687,1,True,nominal,6.765403229236547,6.60458675199361
3309,99270,validation,15.861677635891239,1,True,nominal,6.308481244356968,6.1589135879458725
3310,99300,validation,15.408599475346515,1,True,nominal,5.818011871368287,5.680518928546887
3311,99330,validation,15.305346682741645,1,True,nominal,5.70623792846326,5.571496713724583
3312,99360,validation,15.413327469411048,1,True,nominal,5.823130052923403,5.685511107175456
3313,99390,validation,16.530626249343495,1,True,nominal,7.032636225932578,6.865240822309063
3314,99420,validation,16.153914562018844,1,True,nominal,6.624835627339411,6.467479740352203
3315,99450,validation,16.399464353717068,1,True,nominal,6.890649923545906,6.726750036726084
3316,99480,validation,14.917997181342802,1,True,nominal,5.286921608183869,5.162503412067143
3317,99510,validation,14.248932895788581,1,True,nominal,4.562641408426799,4.456054042230121
3318,99540,validation,13.560446489003752,1,True,nominal,3.817336236707643,3.729097307704074
3319,99570,validation,15.895760211215123,1,True,nominal,6.345376554713237,6.194900584083376
3320,99600,validation,16.263694697969452,1,True,nominal,6.743675596102354,6.583394024730254
3321,99630,validation,16.10146533973049,1,True,nominal,6.568057924484377,6.412099830179059
3322,99660,validation,15.67394041385298,1,True,nominal,6.105250619713669,5.960686235107843
3323,99690,validation,16.585596269821657,1,True,nominal,7.092142761062598,6.923282384480563
3324,99720,validation,16.423492812230016,1,True,nominal,6.916661380303303,6.752121125485614
3325,99750,validation,16.345796156827333,1,True,nominal,6.832552647688923,6.670083039710041
3326,99780,validation,17.373314875025656,1,True,nominal,7.944869473648838,7.755016082228754
3327,99810,validation,17.053216572903448,1,True,nominal,7.598354396983334,7.417031752916039
3328,99840,validation,15.568604731551765,1,True,nominal,5.991221892331406,5.8494647456490165
3329,99870,validation,14.966993057629855,1,True,nominal,5.339960970515195,5.214237014764124
3330,99900,validation,9.430177188313218,0,True,nominal,-0.6537920819660121,-0.6319576876511773
3331,99930,validation,9.059437248435676,0,True,nominal,-1.0551281023007413,-1.0234133407995918
3332,99960,validation,8.793268889609761,0,True,nominal,-1.3432625555390505,-1.3044543011721268
3333,99990,validation,9.40881066000184,0,True,nominal,-0.676921927225441,-0.6545181064137391
3334,100020,validation,9.564331867186636,0,True,nominal,-0.5085660107039692,-0.49030689205937744
3335,100050,validation,9.55199039256289,0,True,nominal,-0.5219259910508189,-0.5033379671878051
3336,100080,validation,9.248839192764104,0,True,nominal,-0.8500953707166048,-0.8234282465333685
3337,100110,validation,8.6648323178468,0,True,nominal,-1.4822986210727742,-1.4400674808695184
3338,100140,validation,7.920610129792193,0,True,nominal,-2.2879392847069595,-2.225874326521722
3339,100170,validation,8.978036638961374,0,True,nominal,-1.1432464654585626,-1.1093623452660846
3340,100200,validation,8.790965174641894,0,True,nominal,-1.3457563893501443,-1.3068867400609938
3341,100230,validation,9.279149218106195,0,True,nominal,-0.817283947833336,-0.7914245979079941
3342,100260,validation,8.670023897018273,0,True,nominal,-1.4766785960907882,-1.4345858135419784
3343,100290,validation,9.272854286789382,0,True,nominal,-0.8240983813788679,-0.7980712690245757
3344,100320,validation,9.763718945120289,0,True,nominal,-0.29272410170842333,-0.27977872817271177
3345,100350,validation,9.760797495930044,0,True,nominal,-0.2958866495364513,-0.28286341821523836
3346,100380,validation,9.938103083983938,0,True,nominal,-0.10394855105112702,-0.09565058433112374
3347,100410,validation,9.301393027384096,0,True,nominal,-0.793204422180863,-0.7679378786398577
3348,100440,validation,10.281196705686986,0,True,nominal,0.26745958151212573,0.2666139664458548
3349,100470,validation,10.205032489696272,0,True,nominal,0.18500975604221698,0.186193947693546
3350,100500,validation,9.840422305419217,0,True,nominal,-0.20969063793098125,-0.19878943952360342
3351,100530,validation,10.373264889656724,0,True,nominal,0.3671258828177404,0.3638266139474076
3352,100560,validation,10.305266974548744,0,True,nominal,0.2935162991038578,0.2920292017772562
3353,100590,validation,10.595536872248795,0,True,nominal,0.6077413205687346,0.5985184147577334
3354,100620,validation,10.318139054463677,0,True,nominal,0.30745067404116894,0.30562053065361927
3355,100650,validation,8.625034620496143,0,True,nominal,-1.5253807057234718,-1.4820889410212095
3356,100680,validation,7.784851172713474,0,True,nominal,-2.4349020305518314,-2.3692190420426638
3357,100710,validation,9.059782717175544,0,True,nominal,-1.0547541230384738,-1.0230485684169563
3358,100740,validation,9.891561703054988,0,True,nominal,-0.15433085571751187,-0.1447925426428966
3359,100770,validation,9.76229238652809,0,True,nominal,-0.29426838999944593,-0.28128499810858126
3360,100800,validation,8.85872644578884,0,True,nominal,-1.2724029791297065,-1.235339194728392
3361,100830,validation,8.87640650972893,0,True,nominal,-1.2532638313396858,-1.2166712276902034
3362,100860,validation,8.270681849575539,0,True,nominal,-1.908977172084323,-1.8562417647808882
3363,100890,validation,9.018509097486094,0,True,nominal,-1.0994339335720908,-1.066628420532889
3364,100920,validation,9.93187190767946,0,True,nominal,-0.11069396807004706,-0.10222993801758694
3365,100950,validation,11.217634568634264,0,True,nominal,1.281178916230035,1.2553768588226903
3366,100980,validation,10.835159448646376,0,True,nominal,0.8671392457707652,0.8515303027776872
3367,101010,validation,9.410695880103477,0,True,nominal,-0.6748811254351197,-0.6525275464906343
3368,101040,validation,7.770080955829226,0,True,nominal,-2.4508911901383685,-2.3848145694613634
3369,101070,validation,8.655523655020746,0,True,nominal,-1.4923755005546033,-1.4498962807763078
3370,101100,validation,9.610020058251173,0,True,nominal,-0.4591073071604811,-0.4420657970205064
3371,101130,validation,9.773300890795625,0,True,nominal,-0.2823513861448582,-0.2696613752810587
3372,101160,validation,11.245401425043037,0,True,nominal,1.311237289902922,1.284695234703543
3373,101190,validation,10.110172661690484,0,True,nominal,0.08232142450163654,0.0860336683834251
3374,101220,validation,10.976532092613986,0,True,nominal,1.0201789596276005,1.0008023793172118
3375,101250,validation,11.308151839959788,0,True,nominal,1.379166312617228,1.350951933846032
3376,101280,validation,10.319160785127748,0,True,nominal,0.3085567251418616,0.30669935222482053
3377,101310,validation,10.057592657217164,0,True,nominal,0.025402146391285525,0.030515668352328437
3378,101340,validation,10.027913975415059,0,True,nominal,-0.006725830020352103,-0.0008213593584288541
3379,101370,validation,10.00239657628033,0,True,nominal,-0.03434910530439057,-0.027764585783490447
3380,101400,validation,10.143021787537803,0,True,nominal,0.11788149241175246,0.1207182939950172
3381,101430,validation,10.151190466321404,0,True,nominal,0.12672430830983494,0.12934341134722493
3382,101460,validation,9.53148003938043,0,True,nominal,-0.5441290035577194,-0.5249943706063224
3383,101490,validation,9.838057441777252,0,True,nominal,-0.21225066683699567,-0.2012864438708506
3384,101520,validation,9.726199310055229,0,True,nominal,-0.333340122270967,-0.3193948355042672
3385,101550,validation,9.411933636655903,0,True,nominal,-0.6735412204627613,-0.6512206282238067
3386,101580,validation,10.804218406035748,0,True,nominal,0.8336447296135404,0.8188603777401066
3387,101610,validation,10.393405747228632,0,True,nominal,0.3889289063244826,0.38509287557108035
3388,101640,validation,9.158135064541598,0,True,nominal,-0.9482850447527374,-0.9192006193948585
3389,101670,validation,8.811492443875345,0,True,nominal,-1.3235350647601527,-1.2852124753788878
3390,101700,validation,9.055877828528548,0,True,nominal,-1.058981270698781,-1.02717164923821
3391,101730,validation,9.663505330546563,0,True,nominal,-0.40120805212839195,-0.3855919458159979
3392,101760,validation,10.645046211369932,0,True,nominal,0.6613365203166842,0.6507941708821279
3393,101790,validation,11.005116387821154,0,True,nominal,1.0511222329266872,1.03098386975443
3394,101820,validation,9.469365397355626,0,True,nominal,-0.6113697849070001,-0.5905797719847958
3395,101850,validation,10.404725963015434,0,True,nominal,0.401183346336276,0.3970456273195621
3396,101880,validation,8.855616668656655,0,True,nominal,-1.2757693970526613,-1.2386227358511195
3397,101910,validation,9.071097363941217,0,True,nominal,-1.042505711642798,-1.0111016968679591
3398,101940,validation,8.146239998460432,0,True,nominal,-2.043688844385182,-1.9876370121431017
3399,101970,validation,8.077420251414557,0,True,nominal,-2.1181880834176896,-2.0603021774831247
3400,102000,validation,7.821976599697437,0,True,nominal,-2.394712750907743,-2.3300191698270583
3401,102030,validation,8.755046892887966,0,True,nominal,-1.3846389016069685,-1.3448120157909211
3402,102060,validation,9.464408000319153,0,True,nominal,-0.616736301388861,-0.5958141718594606
3403,102090,validation,9.835815076256994,0,True,nominal,-0.2146780882104079,-0.20365410530927064
3404,102120,validation,9.926155536328263,0,True,nominal,-0.11688209479198172,-0.10826572116428715
3405,102150,validation,10.627669787314888,0,True,nominal,0.6425260709213384,0.6324468101146371
3406,102180,validation,8.71698613284195,0,True,nominal,-1.425840704608903,-1.3849994843654156
3407,102210,validation,8.770136830346782,0,True,nominal,-1.3683036358440683,-1.3288789028766215
3408,102240,validation,8.20603509481239,0,True,nominal,-1.9789590340136494,-1.924500764925551
3409,102270,validation,9.17055561936967,0,True,nominal,-0.9348394579441129,-0.9060860453236251
3410,102300,validation,10.601081566699479,0,True,nominal,0.6137436023988084,0.6043729282704071
3411,102330,validation,11.208644379178418,0,True,nominal,1.2714467927920907,1.2458843275175162
3412,102360,validation,10.698938586938116,0,True,nominal,0.7196764756612952,0.707697872934654
3413,102390,validation,9.78540879755095,0,True,nominal,-0.26924424933793273,-0.2568769190157544
3414,102420,validation,9.515865504326893,0,True,nominal,-0.5610321604170357,-0.5414813938820181
3415,102450,validation,8.618919763186287,0,True,nominal,-1.5320002042821184,-1.4885454761949743
3416,102480,validation,7.8712967792597315,0,True,nominal,-2.341322321502528,-2.27794314286775
3417,102510,validation,7.710049894286971,0,True,nominal,-2.515876439215648,-2.448199966818276
3418,102540,validation,7.027308960152116,0,True,nominal,-3.254961981269212,-3.169090190815177
3419,102570,validation,7.150496199924535,0,True,nominal,-3.1216084597074043,-3.0390196582996056
3420,102600,validation,7.839807184767881,0,True,nominal,-2.375410659919716,-2.3111922710389896
3421,102630,validation,8.520378787677743,0,True,nominal,-1.6386734776380036,-1.5925925932720304
3422,102660,validation,8.617626279258669,0,True,nominal,-1.5334004356465858,-1.4899112356971473
3423,102690,validation,8.722961689762265,0,True,nominal,-1.4193720024926022,-1.3786900332230858
3424,102720,validation,8.425874043914964,0,True,nominal,-1.7409774208738866,-1.692377947414078
3425,102750,validation,9.620600333038723,0,True,nominal,-0.4476538733095564,-0.43089433171029956
3426,102780,validation,9.258119564164803,0,True,nominal,-0.8400491174685327,-0.8136293188825725
3427,102810,validation,9.401690878084878,0,True,nominal,-0.6846292838732,-0.6620357180352424
3428,102840,validation,9.853949229847245,0,True,nominal,-0.19504737608250977,-0.1845066756033956
3429,102870,validation,10.220209321406799,0,True,nominal,0.2014390871847007,0.20221881022098265
3430,102900,validation,10.499798942502556,0,True,nominal,0.5041024201251169,0.497430968305997
3431,102930,validation,10.039854093635025,0,True,nominal,0.006199671155243686,0.011785932906898887
3432,102960,validation,11.100170382631562,0,True,nominal,1.154020755289096,1.1313491652636352
3433,102990,validation,10.35302087189606,0,True,nominal,0.34521118561426645,0.3424514278871563
3434,103020,validation,10.303955709008653,0,True,nominal,0.2920968186625655,0.29064466708531894
3435,103050,validation,10.225845313641862,0,True,nominal,0.20754020133767015,0.20816972293420422
3436,103080,validation,10.41973881786806,0,True,nominal,0.4174351680914562,0.4128973505083246
3437,103110,validation,10.58963811494936,0,True,nominal,0.6013557561208958,0.5922900545433541
3438,103140,validation,10.770757464333842,0,True,nominal,0.7974223544798257,0.7835297500413293
3439,103170,validation,11.009517507777772,0,True,nominal,1.0558865644119555,1.03563090963843
3440,103200,validation,10.748655694412413,0,True,nominal,0.7734965902755426,0.7601930068159117
3441,103230,validation,10.662962725991143,0,True,nominal,0.6807316323694103,0.6697118006781134
3442,103260,validation,9.053977900644613,0,True,nominal,-1.06103799406156,-1.0291777387655112
3443,103290,validation,9.048946032990179,0,True,nominal,-1.0664851270031814,-1.0344907704282815
3444,103320,validation,8.551390075681436,0,True,nominal,-1.6051029189413404,-1.5598484977627387
3445,103350,validation,9.473478961300254,0,True,nominal,-0.6069167405884549,-0.5862363557851706
3446,103380,validation,10.4464929464292,0,True,nominal,0.44639723645613766,0.4411464106818162
3447,103410,validation,8.65488462339006,0,True,nominal,-1.4930672695925222,-1.4505710193665309
3448,103440,validation,9.390167728818529,0,True,nominal,-0.6971034048697323,-0.6742027425103375
3449,103470,validation,9.81737064044052,0,True,nominal,-0.23464468924710172,-0.2231291547789243
3450,103500,validation,10.658901863957134,0,True,nominal,0.6763356392956775,0.6654240311963742
3451,103530,validation,10.645330657431954,0,True,nominal,0.6616444408783841,0.6510945108428857
3452,103560,validation,12.466755333815914,0,True,nominal,2.633385956510251,2.574294332772066
3453,103590,validation,12.413643477661758,0,True,nominal,2.575890934558905,2.5182147629592815
3454,103620,validation,12.011539042036521,0,True,nominal,2.1406019985837856,2.0936420704850254
3455,103650,validation,13.433220221393773,0,True,nominal,3.6796103581807813,3.594762059925403
3456,103680,validation,12.531331394371499,0,True,nominal,2.7032912900462955,2.6424786885522593
3457,103710,validation,10.917584302687498,0,True,nominal,0.9563663813970519,0.9385607831866436
3458,103740,validation,10.164351761309659,0,True,nominal,0.1409717663926684,0.14324011567211606
3459,103770,validation,10.985008797655357,0,True,nominal,1.0293552222875635,1.0097527344087416
3460,103800,validation,10.876036097556952,0,True,nominal,0.9113893246908007,0.8946910027095404
3461,103830,validation,11.653231191186038,0,True,nominal,1.7527240511402982,1.7153131700994608
3462,103860,validation,11.374403985277866,0,True,nominal,1.450886053277968,1.4209060284238604
3463,103890,validation,11.205290233210919,0,True,nominal,1.2678158389901817,1.2423427630427086
3464,103920,validation,10.76255557275443,0,True,nominal,0.788543584831253,0.7748695640728794
3465,103950,validation,9.845455644050446,0,True,nominal,-0.20424191261716235,-0.19347485469075354
3466,103980,validation,10.135790470634646,0,True,nominal,0.1100533961223402,0.113082915183704
3467,104010,validation,10.361599679838836,0,True,nominal,0.3544979774287843,0.35150959105021706
3468,104040,validation,10.473405478932008,0,True,nominal,0.4755307813754527,0.4695627258817511
3469,104070,validation,11.919174896790445,0,True,nominal,2.0406153111852725,1.9961169243765682
3470,104100,validation,11.880705783385544,0,True,nominal,1.998971454618786,1.9554982850173184
3471,104130,validation,10.790261490544228,0,True,nominal,0.8185359907995764,0.8041235962876562
3472,104160,validation,10.899077272974825,0,True,nominal,0.9363320207733918,0.9190196422823094
3473,104190,validation,11.071483541977193,0,True,nominal,1.1229664737676497,1.101059399481103
3474,104220,validation,9.705002847535004,0,True,nominal,-0.3562858667080273,-0.3417756857655882
3475,104250,validation,8.792850859402897,0,True,nominal,-1.3437150845534804,-1.304895689514904
3476,104280,validation,8.358407212810146,0,True,nominal,-1.8140120917786369,-1.763614600375488
3477,104310,validation,8.671592143216646,0,True,nominal,-1.4749809271307948,-1.4329299389683239
3478,104340,validation,8.416558775800583,0,True,nominal,-1.7510614507591256,-1.7022137216907103
3479,104370,validation,9.033609625061567,0,True,nominal,-1.0830872037212493,-1.0506841257614783
3480,104400,validation,8.616731353782658,0,True,nominal,-1.5343692166987624,-1.4908561666286428
3481,104430,validation,7.174731836124241,0,True,nominal,-3.0953727274960783,-3.013429815454087
3482,104460,validation,6.087487320803247,0,True,nominal,-4.272344345535989,-4.161425933750898
3483,104490,validation,7.614179362376625,0,True,nominal,-2.6196588850912694,-2.5494274248014834
3484,104520,validation,7.975704620727987,0,True,nominal,-2.228298006937311,-2.1677013388979054
3485,104550,validation,8.787999898346431,0,True,nominal,-1.3489663812059096,-1.310017706121433
3486,104580,validation,9.320840051298276,0,True,nominal,-0.7721524923897284,-0.7474042197882302
3487,104610,validation,9.486008360039762,0,True,nominal,-0.5933533272994469,-0.5730068559671823
3488,104640,validation,10.362817638467304,0,True,nominal,0.3558164506125558,0.3527956051510233
3489,104670,validation,9.002126956523329,0,True,nominal,-1.117168044606177,-1.0839259409798818
3490,104700,validation,8.206734837249574,0,True,nominal,-1.9782015438843392,-1.923761923211131
3491,104730,validation,7.94700420948769,0,True,nominal,-2.2593669789853603,-2.198005433545516
3492,104760,validation,8.960112714147552,0,True,nominal,-1.1626495992453734,-1.1282877993115679
3493,104790,validation,9.489629978951381,0,True,nominal,-0.5894328267954049,-0.5691828730508258
3494,104820,validation,8.19459857719269,0,True,nominal,-1.991339373907687,-1.9365763170660686
3495,104850,validation,9.064912845853678,0,True,nominal,-1.0492006198789072,-1.0176317852316925
3496,104880,validation,9.641980006321246,0,True,nominal,-0.4245097982630465,-0.40832003347937784
3497,104910,validation,9.410215611091646,0,True,nominal,-0.6754010296406446,-0.6530346513355436
3498,104940,validation,9.96119664338247,0,True,nominal,-0.07894914789151065,-0.07126663373529597
3499,104970,validation,10.054947445959206,0,True,nominal,0.0225386336023366,0.027722651497868338
3500,105000,validation,11.207881093221863,0,True,nominal,1.2706205150830248,1.245078391683462
3501,105030,validation,10.248780412262574,0,True,nominal,0.2323680664159821,0.2323863584916239
3502,105060,validation,9.092665102652903,0,True,nominal,-1.0191580506785471,-0.9883288247379524
3503,105090,validation,9.224795143721845,0,True,nominal,-0.8761237046439944,-0.8488157969690692
3504,105120,validation,8.793153895731507,0,True,nominal,-1.3433870395249858,-1.3045757205253667
3505,105150,validation,9.6544102788219,0,True,nominal,-0.41105369181080875,-0.3951951987443793
3506,105180,validation,9.36004602199058,0,True,nominal,-0.72971096786392,-0.7060075500101024
3507,105210,validation,9.607400028201738,0,True,nominal,-0.46194356060958364,-0.44483222562436525
3508,105240,validation,10.442787981715831,0,True,nominal,0.4423865118656477,0.43723442487785275
3509,105270,validation,10.107757158432374,0,True,nominal,0.07970657684040099,0.08348319484691359
3510,105300,validation,11.778627375310915,0,True,nominal,1.888468814756709,1.8477160754220883
3511,105330,validation,10.696280857409944,0,True,nominal,0.7167994115059871,0.7048916383307262
3512,105360,validation,9.55945751874873,0,True,nominal,-0.5138426248298726,-0.49545360285634227
3513,105390,validation,9.932388908051621,0,True,nominal,-0.1101343011726976,-0.10168404938624816
3514,105420,validation,9.133364021149685,0,True,nominal,-0.9751003697423601,-0.9453557862035712
3515,105450,validation,10.009769401778907,0,True,nominal,-0.026367822129993113,-0.019979791347669786
3516,105480,validation,11.8922354223384,0,True,nominal,2.011452600876629,1.967672161800992
3517,105510,validation,12.08499053604757,0,True,nominal,2.2201152290810766,2.1711977893868504
3518,105540,validation,11.190403704997049,0,True,nominal,1.251700769240943,1.226624425204607
3519,105570,validation,9.532888251407204,0,True,nominal,-0.5426045759203846,-0.5235074723808586
3520,105600,validation,9.378425185043424,0,True,nominal,-0.7098150263606987,-0.6866014205287507
3521,105630,validation,10.905747830939612,0,True,nominal,0.9435530803330499,0.926062928813112
3522,105660,validation,11.60833739887667,0,True,nominal,1.7041253057525552,1.6679108621728373
3523,105690,validation,11.623094040794882,0,True,nominal,1.720099770070903,1.6834920561016042
3524,105720,validation,10.126979382572872,0,True,nominal,0.1005151547915048,0.10377949286209119
3525,105750,validation,10.01997883351842,0,True,nominal,-0.015315835916776661,-0.009199890560111343
3526,105780,validation,10.028274015981332,0,True,nominal,-0.0063360763615618555,-0.000441200924253246
3527,105810,validation,11.342186170064192,0,True,nominal,1.4160093962174785,1.386887988981848
3528,105840,validation,9.439665943128434,0,True,nominal,-0.6435202480310749,-0.6219387328145811
3529,105870,validation,9.702632395285693,0,True,nominal,-0.35885194543276944,-0.3442785909929495
3530,105900,validation,9.987417468660142,0,True,nominal,-0.050564394766964,-0.04358067605684337
3531,105930,validation,9.733334652147592,0,True,nominal,-0.3256159213121444,-0.3118607942565775
3532,105960,validation,8.830055604217502,0,True,nominal,-1.303439941210697,-1.265612067452409
3533,105990,validation,8.475627452202513,0,True,nominal,-1.6871180096466818,-1.6398444843510067
3534,106020,validation,9.281522822208764,0,True,nominal,-0.8147144571421254,-0.78891836471231
3535,106050,validation,9.185800621854256,0,True,nominal,-0.9183363300934222,-0.8899892028662851
3536,106080,validation,8.848489713578612,0,True,nominal,-1.2834845188414572,-1.2461479214460573
3537,106110,validation,9.46971207031031,0,True,nominal,-0.610994502049597,-0.5902137280998297
3538,106140,validation,9.352715898824869,0,True,nominal,-0.7376460246070967,-0.7137472560488958
3539,106170,validation,9.35890204546668,0,True,nominal,-0.7309493534169045,-0.7072154481327
3540,106200,validation,8.02690852099226,0,True,nominal,-2.172868398882491,-2.1136363351966105
3541,106230,validation,10.517484547847127,0,True,nominal,0.5232475666354854,0.5161047863838953
3542,106260,validation,10.337771163316932,0,True,nominal,0.328702963288845,0.3263496163743812
3543,106290,validation,9.804854773107406,0,True,nominal,-0.24819345442241217,-0.23634436710058965
3544,106320,validation,10.534306905041838,0,True,nominal,0.5414582236566968,0.533867120879948
3545,106350,validation,10.229207914236278,0,True,nominal,0.2111803075020718,0.21172021445232653
3546,106380,validation,10.259320431986332,0,True,nominal,0.24377792307070245,0.24351531941912335
3547,106410,validation,10.126320108108363,0,True,nominal,0.09980147233802648,0.10308338033589953
3548,106440,validation,8.760528961861894,0,True,nominal,-1.3787044135506685,-1.3390236270581013
3549,106470,validation,8.826596873765201,0,True,nominal,-1.307184110548362,-1.2692640602447613
3550,106500,validation,8.856624681461344,0,True,nominal,-1.274678195906073,-1.2375583986476015
3551,106530,validation,9.299335545250756,0,True,nominal,-0.7954317022833987,-0.7701103260233629
3552,106560,validation,8.964454108288447,0,True,nominal,-1.1579499225723218,-1.1237038225229872
3553,106590,validation,9.038514498969807,0,True,nominal,-1.0777775449474285,-1.0455051838325489
3554,106620,validation,8.422259867382554,0,True,nominal,-1.74488986480098,-1.6961940720958586
3555,106650,validation,8.762756758163913,0,True,nominal,-1.3762927637503686,-1.3366713489173196
3556,106680,validation,7.799940156444967,0,True,nominal,-2.4185677972245756,-2.3532869361467945
3557,106710,validation,9.318103025052556,0,True,nominal,-0.7751153973882343,-0.7502941819462232
3558,106740,validation,9.09985709916009,0,True,nominal,-1.0113725197821215,-0.9807349634153989
3559,106770,validation,9.206111692623042,0,True,nominal,-0.8963490461936241,-0.8685432170991056
3560,106800,validation,10.879915100476213,0,True,nominal,0.9155884503501434,0.8987867513947924
3561,106830,validation,9.577207762081859,0,True,nominal,-0.494627505947229,-0.4767115350343308
3562,106860,validation,9.119054866340907,0,True,nominal,-0.9905904171518879,-0.9604644889333668
3563,106890,validation,10.328816150367274,0,True,nominal,0.31900891937102843,0.31689422712142234
3564,106920,validation,8.852182419453454,0,True,nominal,-1.279487064775501,-1.2422488794636943
3565,106950,validation,9.229150578189296,0,True,nominal,-0.8714088289373931,-0.8442169953272384
3566,106980,validation,10.168775663966967,0,True,nominal,0.1457607607681293,0.1479112112782532
3567,107010,validation,9.75857539399558,0,True,nominal,-0.298292135029734,-0.285209683806168
3568,107040,validation,9.404389323805324,0,True,nominal,-0.6817081433376246,-0.6591864921538021
3569,107070,validation,8.877582365014744,0,True,nominal,-1.2519909361640167,-1.215429669526634
3570,107100,validation,10.30043239058545,0,True,nominal,0.2882827310980919,0.2869244773613291
3571,107130,validation,9.103413514068539,0,True,nominal,-1.0075226043764942,-0.9769798278847804
3572,107160,validation,8.935654040554528,0,True,nominal,-1.1891267754722799,-1.1541131421372253
3573,107190,validation,9.538715665947384,0,True,nominal,-0.5362962419405899,-0.51735444132155
3574,107220,validation,10.747554061307376,0,True,nominal,0.7723040426196558,0.7590298181214197
3575,107250,validation,11.391128666887164,0,True,nominal,1.4689909738340279,1.4385652295480496
3576,107280,validation,12.409492961951425,0,True,nominal,2.571397888953752,2.5138323302523347
3577,107310,validation,12.483889963374878,0,True,nominal,2.6519346568185473,2.5923863883722147
3578,107340,validation,11.899080878439369,0,True,nominal,2.018862992402955,1.9749001191934128
3579,107370,validation,12.680856113779011,0,True,nominal,2.8651558462322297,2.800358351360736
3580,107400,validation,10.589556019669663,0,True,nominal,0.6012668857584191,0.5922033720528073
3581,107430,validation,11.026471847005357,0,True,nominal,1.0742400955563243,1.0535326008838517
3582,107460,validation,9.399416650634029,0,True,nominal,-0.6870911966489351,-0.664437021742834
3583,107490,validation,8.72375366391677,0,True,nominal,-1.4185146690327048,-1.3778538061901118
3584,107520,validation,9.750937516121738,0,True,nominal,-0.30656034457495573,-0.29327434086135395
3585,107550,validation,8.764728118489483,0,True,nominal,-1.3741587128359427,-1.3345898355414163
3586,107580,validation,7.63042759344309,0,True,nominal,-2.6020697351446835,-2.5322712966898737
3587,107610,validation,7.914373567315964,0,True,nominal,-2.2946905324025955,-2.2324593673412765
3588,107640,validation,8.694075897313192,0,True,nominal,-1.450641654717164,-1.4091898675640964
3589,107670,validation,7.813504601169308,0,True,nominal,-2.4038839186397225,-2.3389645554210587
3590,107700,validation,9.36073575659712,0,True,nominal,-0.7289643114821802,-0.7052792753305769
3591,107730,validation,9.049339363115116,0,True,nominal,-1.0660593364960338,-1.0340754623257573
3592,107760,validation,9.886702890118396,0,True,nominal,-0.15959065224271657,-0.14992284986646578
3593,107790,validation,9.425835807392682,0,True,nominal,-0.6584917443276682,-0.6365416504806903
3594,107820,validation,9.182945225862321,0,True,nominal,-0.9214273735463108,-0.8930041488777383
3595,107850,validation,8.770625150577038,0,True,nominal,-1.3677750159766637,-1.328363296938013
3596,107880,validation,9.729489053441416,0,True,nominal,-0.3297788860066172,-0.31592127221255434
3597,107910,validation,9.208849493251375,0,True,nominal,-0.8933853029049779,-0.8656524372885778
3598,107940,validation,9.060102887491611,0,True,nominal,-1.0544075300047633,-1.0227105080497991
3599,107970,validation,10.675501594091125,0,True,nominal,0.6943052964974542,0.6829512989729064
3600,108000,validation,10.859824399144468,0,True,nominal,0.8938397223310385,0.8775734485749628
3601,108030,validation,11.140566295397635,0,True,nominal,1.1977504243198445,1.174002267116089
3602,108060,validation,10.898920094679928,0,True,nominal,0.936161871014567,0.9188536813876997
3603,108090,validation,10.229454436936686,0,True,nominal,0.21144717499829196,0.21198051202030913
3604,108120,validation,10.373720504325275,0,True,nominal,0.3676190980293059,0.3643076868464339
3605,108150,validation,9.223186267345527,0,True,nominal,-0.8778653568714166,-0.8505145719997139
3606,108180,validation,9.361387465578456,0,True,nominal,-0.7282588188690222,-0.7045911510215631
3607,108210,validation,10.86229628616899,0,True,nominal,0.8965156069456449,0.880183456414994
3608,108240,validation,9.529120371326096,0,True,nominal,-0.5466834080994857,-0.5274858890538029
3609,108270,validation,10.791695470590739,0,True,nominal,0.8200883130157798,0.8056377023639906
3610,108300,validation,9.463093504074974,0,True,nominal,-0.6181592791547795,-0.5972021177764724
3611,108330,validation,9.345776219009647,0,True,nominal,-0.7451584158546066,-0.7210747020629559
3612,108360,validation,9.208102370936416,0,True,nominal,-0.8941940830344881,-0.8664413063105679
3613,108390,validation,9.130427531825237,0,True,nominal,-0.9782791989227785,-0.9484563567729162
3614,108420,validation,8.773218476291529,0,True,nominal,-1.3649676706929879,-1.3256250648184091
3615,108450,validation,10.315227548986185,0,True,nominal,0.3042988905513584,0.30254633994540137
3616,108480,validation,9.445481103577096,0,True,nominal,-0.6372251794370491,-0.6157986405646177
3617,108510,validation,10.68983297182813,0,True,nominal,0.7098194008283311,0.6980834663741551
3618,108540,validation,9.793008454600237,0,True,nominal,-0.26101741486987673,-0.24885261843752374
3619,108570,validation,9.908972027849344,0,True,nominal,-0.13548370785421404,-0.12640938687567038
3620,108600,validation,10.306126334458387,0,True,nominal,0.2944465794677309,0.29293657985696947
3621,108630,validation,10.813808247654766,0,True,nominal,0.8440259927498736,0.8289860677744809
3622,108660,validation,10.086627521677388,0,True,nominal,0.05683317310309169,0.06117290435206121
3623,108690,validation,10.794462697728157,0,True,nominal,0.8230839112970458,0.8085595529389409
3624,108720,validation,10.440225989246645,0,True,nominal,0.439613085668162,0.4345292768009615
3625,108750,validation,10.935414738370502,0,True,nominal,0.9756683106691314,0.9573875242399997
3626,108780,validation,10.596996491504433,0,True,nominal,0.6093213979228363,0.6000595926768222
3627,108810,validation,10.010904121994812,0,True,nominal,-0.025139456780969367,-0.018781666744735005
3628,108840,validation,8.756869135121013,0,True,nominal,-1.382666275064119,-1.3428879527299855
3629,108870,validation,10.136860193422052,0,True,nominal,0.11121139999562335,0.11421241051827768
3630,108900,validation,10.382831789289162,0,True,nominal,0.3774823106325921,0.3739280800733883
3631,108930,validation,10.504911077952602,0,True,nominal,0.5096364451282265,0.5028287528615052
3632,108960,validation,10.179550300944976,0,True,nominal,0.15742459695134195,0.1592878990908934
3633,108990,validation,10.01590642238545,0,True,nominal,-0.019724331202752483,-0.013499854466002591
3634,109020,validation,9.041879507127831,0,True,nominal,-1.0741348325302518,-1.0419521502241813
3635,109050,validation,9.521336481078976,0,True,nominal,-0.5551096799911341,-0.5357047171674626
3636,109080,validation,11.058886018421873,0,True,nominal,1.109329313521481,1.087757968259452
3637,109110,validation,10.449060930416458,0,True,nominal,0.4491771486341193,0.44385788506285834
3638,109140,validation,10.204659943944426,0,True,nominal,0.18460646518154558,0.18580058532566973
3639,109170,validation,10.979996665631004,0,True,nominal,1.0239294536997212,1.0044605411373415
3640,109200,validation,10.275070969663048,0,True,nominal,0.26082830645101335,0.260145944691691
3641,109230,validation,9.91530194434116,0,True,nominal,-0.1286314019097418,-0.11972577572900842
3642,109260,validation,8.966414009066563,0,True,nominal,-1.155828276928208,-1.1216344090158883
3643,109290,validation,8.704815946991085,0,True,nominal,-1.4390152602225588,-1.3978496996747278
3644,109320,validation,8.823476524036913,0,True,nominal,-1.3105619735927843,-1.2725587647250556
3645,109350,validation,9.02512307114856,0,True,nominal,-1.0922741280513542,-1.0596448800467946
3646,109380,validation,10.31561673243774,0,True,nominal,0.3047201921723239,0.3029572696722422
3647,109410,validation,9.854526867596194,0,True,nominal,-0.19442206758341815,-0.183896761380578
3648,109440,validation,9.801846093167851,0,True,nominal,-0.25145043189778393,-0.23952116205621804
3649,109470,validation,10.365441986022336,0,True,nominal,0.35865737787833646,0.35556659250831507
3650,109500,validation,11.287219795698375,0,True,nominal,1.3565068081027682,1.328850276655309
3651,109530,validation,10.214939826370228,0,True,nominal,0.1957347161696727,0.19665487334926537
3652,109560,validation,11.562558184838522,0,True,nominal,1.6545680673762684,1.6195736580996989
3653,109590,validation,11.429362719116444,0,True,nominal,1.510380370315124,1.4789356732959418
3654,109620,validation,11.420480035095991,0,True,nominal,1.500764624421016,1.4695566544718957
3655,109650,validation,10.854088347411336,0,True,nominal,0.8876302910629378,0.8715168853721202
3656,109680,validation,10.53870060887596,0,True,nominal,0.5462145269886184,0.5385063302532219
3657,109710,validation,9.29072909051891,0,True,nominal,-0.8047484224954448,-0.7791976807860024
3658,109740,validation,8.756827778158751,0,True,nominal,-1.3827110450952433,-1.3429316205815793
3659,109770,validation,7.785552776236019,0,True,nominal,-2.4341425257472404,-2.36847823525163
3660,109800,validation,8.916787176042504,0,True,nominal,-1.2095506670064675,-1.1740342242112431
3661,109830,validation,9.369908283104188,0,True,nominal,-0.7190348032506753,-0.6955942185869423
3662,109860,validation,9.100868754234307,0,True,nominal,-1.010277375780178,-0.9796667804244608
3663,109890,validation,9.153513201028419,0,True,nominal,-0.9532883371132056,-0.9240807372502805
3664,109920,validation,7.621548227149791,0,True,nominal,-2.6116818895093417,-2.541646812403221
3665,109950,validation,8.777900942236181,0,True,nominal,-1.3598987745600262,-1.3206809582694503
3666,109980,validation,7.742105591994536,0,True,nominal,-2.4811752787438186,-2.4143531034687604
3667,110010,validation,8.056054317262383,0,True,nominal,-2.1413172854836975,-2.0828619688868453
3668,110040,validation,9.146764667722413,0,True,nominal,-0.9605938070904173,-0.9312063561247099
3669,110070,validation,10.742735384688434,0,True,nominal,0.7670876947447407,0.7539418898992751
3670,110100,validation,9.469763166989026,0,True,nominal,-0.6109391885117708,-0.5901597763088601
3671,110130,validation,10.751335726293465,0,True,nominal,0.7763977973315371,0.7630227899539314
3672,110160,validation,10.974539190670844,0,True,nominal,1.0180215893290507,0.9986981206498802
3673,110190,validation,9.421925517013777,0,True,nominal,-0.6627247395089831,-0.640670434864643
3674,110220,validation,10.296179698423087,0,True,nominal,0.2836790767178411,0.2824341589224618
3675,110250,validation,10.913139820883677,0,True,nominal,0.9515551095384415,0.9338679585398151
3676,110280,validation,10.896606144177362,0,True,nominal,0.9336569569600999,0.9164104350365393
3677,110310,validation,10.946785508541872,0,True,nominal,0.9879774771706572,0.9693936551837127
3678,110340,validation,11.168558755648831,0,True,nominal,1.2280530202589388,1.2035588528308157
3679,110370,validation,11.178531576271254,0,True,nominal,1.2388488685331693,1.214088921459979
3680,110400,validation,10.456585392251448,0,True,nominal,0.45732258224726835,0.45180278876861824
3681,110430,validation,10.07838592038639,0,True,nominal,0.047911416616841514,0.052470789825577104
3682,110460,validation,10.560784234911061,0,True,nominal,0.5701206499448219,0.5618239157723635
3683,110490,validation,10.299802681356327,0,True,nominal,0.28760105381221,0.28625958207742513
3684,110520,validation,9.553125417929312,0,True,nominal,-0.5206972953681012,-0.5021395203835591
3685,110550,validation,11.179710541997672,0,True,nominal,1.2401251308449874,1.2153337638652155
3686,110580,validation,9.802970476241034,0,True,nominal,-0.2502332567855692,-0.238333952201118
3687,110610,validation,9.864864371850365,0,True,nominal,-0.18323143940633915,-0.17298163181272636
3688,110640,validation,10.799210420047414,0,True,nominal,0.8282234492219167,0.8135725621714123
3689,110670,validation,10.024996251303604,0,True,nominal,-0.009884345349757781,-0.003902116177167824
3690,110700,validation,10.436569735991693,0,True,nominal,0.43565509254995843,0.4306687242894997
3691,110730,validation,9.889094963735735,0,True,nominal,-0.15700116780182413,-0.14739711514103104
3692,110760,validation,9.882817460237256,0,True,nominal,-0.1637967352622633,-0.15402538463082577
3693,110790,validation,11.112446511482258,0,True,nominal,1.167309997067799,1.1443112433148168
3694,110820,validation,10.579300612093826,0,True,nominal,0.5901651294578798,0.5813749264522914
3695,110850,validation,9.12580570301407,0,True,nominal,-0.9832824537173793,-0.9533364379872934
3696,110880,validation,10.762133385635693,0,True,nominal,0.788086555847199,0.7744237865438368
3697,110910,validation,9.413810296464494,0,True,nominal,-0.6715096854213766,-0.6492391069144164
3698,110940,validation,9.210059738661142,0,True,nominal,-0.8920751794892355,-0.8643745673954475
3699,110970,validation,10.89603386721155,0,True,nominal,0.9330374516538625,0.9158061811395685
3700,111000,validation,9.974544941019373,0,True,nominal,-0.06449925437961285,-0.05717247767647209
3701,111030,validation,10.426146903251723,0,True,nominal,0.42437209397727804,0.4196634983642078
3702,111060,validation,9.929929282305544,0,True,nominal,-0.11279691262149243,-0.10428111082842599
3703,111090,validation,10.546765455688826,0,True,nominal,0.5549449419677923,0.5470218138499319
3704,111120,validation,10.131962039845533,0,True,nominal,0.10590901616279995,0.10904056443082631
3705,111150,validation,10.567990830636353,0,True,nominal,0.5779219848900266,0.5694331920687137
3706,111180,validation,10.040015388739308,0,True,nominal,0.006374277471664985,0.011956240644493762
3707,111210,validation,9.118839223421617,0,True,nominal,-0.9908238564491749,-0.9606921812608926
3708,111240,validation,9.703593606927678,0,True,nominal,-0.35781140781165216,-0.34326367004526026
3709,111270,validation,8.888978158180015,0,True,nominal,-1.2396546815942553,-1.2033971173874478
3710,111300,validation,9.367569234828487,0,True,nominal,-0.7215668863239224,-0.6980639650912239
3711,111330,validation,9.538165516490864,0,True,nominal,-0.536891793619058,-0.5179353312976951
3712,111360,validation,8.880585020945267,0,True,nominal,-1.2487404798414836,-1.2122592351816022
3713,111390,validation,10.330378110995172,0,True,nominal,0.3206997840308412,0.31854346490785507
3714,111420,validation,11.041269837523442,0,True,nominal,1.0902593208532831,1.06915745383456
3715,111450,validation,10.89839479519,0,True,nominal,0.9355932200975899,0.9182990299115301
3716,111480,validation,9.828101685325334,0,True,nominal,-0.22302804268475096,-0.2117984948404852
3717,111510,validation,9.725734225995113,0,True,nominal,-0.3338435883552241,-0.3198859069129252
3718,111540,validation,9.409593263213006,0,True,nominal,-0.676074738065368,-0.6536917739412139
3719,111570,validation,10.784253714054387,0,True,nominal,0.8120324101271245,0.7977801252535468
3720,111600,validation,11.099417810154513,0,True,nominal,1.1532060752115942,1.130554541542646
3721,111630,validation,10.931800332194877,0,True,nominal,0.9717556181470419,0.9535711570833064
3722,111660,validation,10.552327685431989,0,True,nominal,0.5609662062266302,0.552894842468835
3723,111690,validation,10.344073700810737,0,True,nominal,0.3355256307268607,0.3330043186757977
3724,111720,validation,10.81007222895257,0,True,nominal,0.8399816513758893,0.8250412927882045
3725,111750,validation,10.163388601970958,0,True,nominal,0.13992912033713376,0.14222313819690335
3726,111780,validation,11.188379702824886,0,True,nominal,1.2495097321026374,1.2244873285310205
3727,111810,validation,9.81105670110862,0,True,nominal,-0.24147969948348627,-0.22979589601517933
3728,111840,validation,10.89789394648833,0,True,nominal,0.9350510378207492,0.9177701954522429
3729,111870,validation,9.67374308934447,0,True,nominal,-0.39012540110769056,-0.3747821351483528
3730,111900,validation,9.405468036431841,0,True,nominal,-0.6805404077201609,-0.6580475046578439
3731,111930,validation,8.94178840093296,0,True,nominal,-1.182486164313978,-1.147636014128357
3732,111960,validation,8.70032787241583,0,True,nominal,-1.443873722436242,-1.4025885529118929
3733,111990,validation,8.351744669702498,0,True,nominal,-1.821224475038491,-1.7706494242056243
3734,112020,validation,8.216830075998509,0,True,nominal,-1.9672731746744698,-1.9131025961381998
3735,112050,validation,9.27303010437495,0,True,nominal,-0.8239080540833521,-0.7978856273378017
3736,112080,validation,9.302220560326647,0,True,nominal,-0.792308595370379,-0.7670641059121733
3737,112110,validation,7.901891395345431,0,True,nominal,-2.3082028214358252,-2.245639001515706
3738,112140,validation,8.722581580122297,0,True,nominal,-1.4197834814669097,-1.3790913821239645
3739,112170,validation,11.002854004103117,0,True,nominal,1.0486731413123147,1.0285950715680006
3740,112200,validation,9.837060920096697,0,True,nominal,-0.21332942853066023,-0.20233864786448352
3741,112230,validation,9.246661583504826,0,True,nominal,-0.8524526916846427,-0.8257275333465832
3742,112260,validation,10.094835786495919,0,True,nominal,0.06571884195552516,0.06983981967500878
3743,112290,validation,9.84319800732217,0,True,nominal,-0.2066858654866237,-0.1958586406414415
3744,112320,validation,8.665450861237654,0,True,nominal,-1.4816290311090616,-1.4394143753337427
3745,112350,validation,8.788317285257158,0,True,nominal,-1.3486228012838237,-1.3096825846870384
3746,112380,validation,8.336391069061762,0,True,nominal,-1.8378451633328172,-1.7868609329224479
3747,112410,validation,9.076160040679753,0,True,nominal,-1.037025227033677,-1.005756134612062
3748,112440,validation,10.38245075968725,0,True,nominal,0.3770698357745791,0.3735257598061566
3749,112470,validation,9.870648314594527,0,True,nominal,-0.1769701648224543,-0.16687450160863462
3750,112500,validation,10.584647772059562,0,True,nominal,0.5959535748610113,0.5870208679107902
3751,112530,validation,9.845112591074864,0,True,nominal,-0.20461327674919946,-0.19383707632423972
3752,112560,validation,8.735164356765289,0,True,nominal,-1.4061622851525144,-1.3658055218229948
3753,112590,validation,9.81232030743348,0,True,nominal,-0.24011181143275176,-0.22846168357671545
3754,112620,validation,8.95754183887606,0,True,nominal,-1.1654326413168015,-1.1310023265321794
3755,112650,validation,9.75795207031806,0,True,nominal,-0.29896689978315855,-0.28586783673511024
3756,112680,validation,10.024445955865549,0,True,nominal,-0.010480055057188504,-0.004483160291809346
3757,112710,validation,10.042335196157117,0,True,nominal,0.008885531795420823,0.014405671175816929
3758,112740,validation,9.770282946184105,0,True,nominal,-0.2856183928784137,-0.27284795258766975
3759,112770,validation,9.799376613923394,0,True,nominal,-0.2541237100252956,-0.24212862757745296
3760,112800,validation,10.629734138362767,0,True,nominal,0.6447607868097951,0.6346265102247526
3761,112830,validation,11.148469025229229,0,True,nominal,1.2063053432785087,1.182346575174465
3762,112860,validation,10.114760975802026,0,True,nominal,0.08728839872669644,0.09087836220836636
3763,112890,validation,9.860270549336176,0,True,nominal,-0.18820437662636819,-0.17783214183151044
3764,112920,validation,10.303690238187368,0,True,nominal,0.29180943931259684,0.2903643626385625
3765,112950,validation,9.558785658392877,0,True,nominal,-0.5145699318514138,-0.4961630045315753
3766,112980,validation,10.055422465524844,0,True,nominal,0.023052855140261997,0.028224213575011776
3767,113010,validation,9.87021251878527,0,True,nominal,-0.1774419255823658,-0.16733464823650748
3768,113040,validation,10.208210210605937,0,True,nominal,0.1884497249434386,0.18954922906578572
3769,113070,validation,9.661725067880216,0,True,nominal,-0.4031352346539606,-0.38747168363183987
3770,113100,validation,9.818527999487852,0,True,nominal,-0.23339181675025705,-0.22190712636205068
3771,113130,validation,10.212875712658231,0,True,nominal,0.19350025720373326,0.19447542383657118
3772,113160,validation,10.418759314269,0,True,nominal,0.41637482893166605,0.41186311550991034
3773,113190,validation,10.525468158609643,0,True,nominal,0.5318900413912073,0.5245344947302782
3774,113220,validation,11.398782233465932,0,True,nominal,1.477276166827003,1.4466464519407485
3775,113250,validation,11.47589064246882,0,True,nominal,1.5607481067905886,1.5280634220665748
3776,113280,validation,10.342300814795646,0,True,nominal,0.33360643362595244,0.3311323696939197
3777,113310,validation,11.617116368923318,0,True,nominal,1.7136287784626267,1.6771803718315927
3778,113340,validation,11.529999558869346,0,True,nominal,1.619322473447671,1.5851957645320705
3779,113370,validation,10.628163678618774,0,True,nominal,0.6430607216267498,0.6329682984199193
3780,113400,validation,10.406924359925371,0,True,nominal,0.40356317049884666,0.3993668633281329
3781,113430,validation,9.80650615511744,0,True,nominal,-0.2464057886959247,-0.2346007113629623
3782,113460,validation,9.875135712682397,0,True,nominal,-0.17211243492467723,-0.16213636265871703
3783,113490,validation,10.142434471197692,0,True,nominal,0.11724570657574158,0.12009816037359301
3784,113520,validation,9.75026861906537,0,True,nominal,-0.307284443744592,-0.2939806136577947
3785,113550,validation,10.509704233388584,0,True,nominal,0.5148251656317634,0.507889733861971
3786,113580,validation,12.024229307333709,0,True,nominal,2.1543395542759174,2.107041425548249
3787,113610,validation,11.528689514823814,0,True,nominal,1.617904315307303,1.5838125195877404
3788,113640,validation,11.152871229221084,0,True,nominal,1.211070848261264,1.1869947596659807
3789,113670,validation,11.347974492637249,0,True,nominal,1.4222754120846972,1.3929997437450876
3790,113700,validation,9.396674218080124,0,True,nominal,-0.6900599541223928,-0.6673326922955104
3791,113730,validation,8.783473073741938,0,True,nominal,-1.3538667913751534,-1.3147974746104325
3792,113760,validation,10.33414560745916,0,True,nominal,0.32477820093402554,0.32252147652843177
3793,113790,validation,10.153675251911205,0,True,nominal,0.12941415597050218,0.13196703848141045
3794,113820,validation,8.973287414603016,0,True,nominal,-1.1483876293814184,-1.1143769404666004
3795,113850,validation,8.856732989339054,0,True,nominal,-1.2745609496967074,-1.237444038886352
3796,113880,validation,10.018882836062936,0,True,nominal,-0.01650228282947379,-0.010357128703720811
3797,113910,validation,10.917525435477488,0,True,nominal,0.9563026560487624,0.9384986266729672
3798,113940,validation,10.205874767119486,0,True,nominal,0.1859215441521305,0.18708328877437264
3799,113970,validation,10.21204374292764,0,True,nominal,0.19259962745009912,0.19359696640790655
3800,114000,validation,10.40917609016133,0,True,nominal,0.4060007294304938,0.4017444127513814
3801,114030,validation,12.196542009261332,0,True,nominal,2.340872718379033,2.2889823874557416
3802,114060,validation,11.60125716142279,0,True,nominal,1.6964607570564982,1.660435004627331
3803,114090,validation,10.23002845015276,0,True,nominal,0.21206855984243558,0.2125865991834247
3804,114120,validation,9.066785099074362,0,True,nominal,-1.0471738550882121,-1.0156549167356674
3805,114150,validation,10.245209539276969,0,True,nominal,0.22850249975047243,0.22861595701464268
3806,114180,validation,11.196631121749386,0,True,nominal,1.2584421164429038,1.2331998092676744
3807,114210,validation,10.199688676742017,0,True,nominal,0.179224933869612,0.1805515402663835
3808,114240,validation,9.977493724302601,0,True,nominal,-0.06130711665603392,-0.054058926202868784
3809,114270,validation,9.740761083327564,0,True,nominal,-0.3175766085366061,-0.304019398832394
3810,114300,validation,11.072850537594379,0,True,nominal,1.1244462835259337,1.1025027782612618
3811,114330,validation,10.378895425803798,0,True,nominal,0.3732210906077716,0.36977176570461084
3812,114360,validation,9.924838271020688,0,True,nominal,-0.11830807014398151,-0.10965659087073674
3813,114390,validation,10.513086000836902,0,True,nominal,0.5184860204343336,0.5114604632139648
3814,114420,validation,10.251281598661013,0,True,nominal,0.23507566839594748,0.23502730285701948
3815,114450,validation,9.250378950048754,0,True,nominal,-0.8484285417768713,-0.8218024527390665
3816,114480,validation,8.987251552129981,0,True,nominal,-1.1332710725185935,-1.0996325334354127
3817,114510,validation,8.995568230511987,0,True,nominal,-1.1242680430490941,-1.0908511467600828
3818,114540,validation,9.68999867739818,0,True,nominal,-0.37252828702326907,-0.35761823896555034
3819,114570,validation,9.924414794528325,0,True,nominal,-0.11876649490988771,-0.11010372981931044
3820,114600,validation,9.519753254093047,0,True,nominal,-0.5568235660591664,-0.5373764096051958
3821,114630,validation,9.03906007455753,0,True,nominal,-1.077186944605743,-1.0449291232977596
3822,114660,validation,9.694638799590654,0,True,nominal,-0.36750522914822625,-0.35271884219663535
3823,114690,validation,12.103604543441813,0,True,nominal,2.240265395940774,2.190851885529364
3824,114720,validation,10.352969479098885,0,True,nominal,0.3451555515201923,0.3423971634316137
3825,114750,validation,11.194699444292713,0,True,nominal,1.256351023308219,1.2311601961072371
3826,114780,validation,10.157796742693002,0,True,nominal,0.13387578130485125,0.13631882444346902
3827,114810,validation,10.506628401345484,0,True,nominal,0.5114954941865892,0.5046420345668687
3828,114840,validation,10.477866780992247,0,True,nominal,0.4803602616169365,0.47427331064491446
3829,114870,validation,10.104686361651417,0,True,nominal,0.07638235620279443,0.08024081216763553
3830,114900,validation,9.912872075559289,0,True,nominal,-0.13126180063930323,-0.12229141748691105
3831,114930,validation,9.909809764193108,0,True,nominal,-0.13457683558572617,-0.12552484061469182
3832,114960,validation,9.871796692649529,0,True,nominal,-0.1757270144929102,-0.16566195601203582
3833,114990,validation,10.182474380899334,0,True,nominal,0.16058999265273363,0.16237536689587134
3834,115020,validation,11.366025073147703,0,True,nominal,1.4418156540915075,1.4120589305857663
3835,115050,validation,10.456590873272102,0,True,nominal,0.4573285156004902,0.45180857605045477
3836,115080,validation,9.904884562928354,0,True,nominal,-0.13990849927320737,-0.13072524572512748
3837,115110,validation,9.28327667851579,0,True,nominal,-0.8128158602153057,-0.7870665087552148
3838,115140,validation,9.428272594361857,0,True,nominal,-0.6558538564730835,-0.633968703970214
3839,115170,validation,8.060447261828934,0,True,nominal,-2.1365618040794745,-2.078223561206486
3840,115200,validation,8.754393880495586,0,True,nominal,-1.385345805197862,-1.3455015163412467
3841,115230,validation,9.862346048417104,0,True,nominal,-0.1859575926903755,-0.17564067077338355
3842,115260,validation,9.97834431847667,0,True,nominal,-0.06038632543819585,-0.05316080365884321
3843,115290,validation,9.74531503126268,0,True,nominal,-0.31264683662777354,-0.2992109914513789
3844,115320,validation,9.718901279905637,0,True,nominal,-0.3412404374554801,-0.3271006552760698
3845,115350,validation,9.999224713322851,0,True,nominal,-0.03778273281380276,-0.031113681880681702
3846,115380,validation,9.967499571528261,0,True,nominal,-0.07212605756214631,-0.06461151895356199
3847,115410,validation,10.982480670801996,0,True,nominal,1.0266184565359031,1.007083344245514
3848,115440,validation,10.263589560496053,0,True,nominal,0.2483993702418782,0.24802299261370642
3849,115470,validation,9.553295628451293,0,True,nominal,-0.5205130378706934,-0.5019597990644135
3850,115500,validation,15.112879898906288,1,True,nominal,5.497887425151906,5.368275526925744
3851,115530,validation,14.88400286861471,1,True,nominal,5.250121844476691,5.126609610345369
3852,115560,validation,15.013081831060706,1,True,nominal,5.389853315313428,5.262901075377994
3853,115590,validation,15.235678676400813,1,True,nominal,5.6308204257827565,5.497935891184918
3854,115620,validation,15.430566159488752,1,True,nominal,5.84179140156001,5.703713037849609
3855,115650,validation,14.586285077737145,1,True,nominal,4.927834277042992,4.812256340718214
3856,115680,validation,14.01979733909495,1,True,nominal,4.31459596592341,4.214115153653243
3857,115710,validation,15.03507883398584,1,True,nominal,5.413665666408325,5.286127197576239
3858,115740,validation,14.769758476443053,1,True,nominal,5.126449197513224,5.005981621974676
3859,115770,validation,15.478135111459418,1,True,nominal,5.893286079693979,5.753939984451082
3860,115800,validation,15.576139068238911,1,True,nominal,5.999378015739311,5.857420075980787
3861,115830,validation,16.061954285524667,1,True,nominal,6.525286138796997,6.3703810298366115
3862,115860,validation,15.491700847513018,1,True,nominal,5.907971356177709,5.768263728661255
3863,115890,validation,15.321757156880262,1,True,nominal,5.724002710927145,5.588824150510945
3864,115920,validation,14.941279243574952,1,True,nominal,5.312125070763388,5.187086398407214
3865,115950,validation,14.913351593600249,1,True,nominal,5.281892633702922,5.157598244351411
3866,115980,validation,15.829977777854573,1,True,nominal,6.274165289960974,6.125442447403115
3867,116010,validation,15.761571636206943,1,True,nominal,6.200113789967793,6.053213998353679
3868,116040,validation,16.794687859658552,1,True,nominal,7.3184900668811155,7.144057316079457
3869,116070,validation,16.326643444634975,1,True,nominal,6.811819318303272,6.649860137739188
3870,116100,validation,10.060832952260279,0,True,nominal,0.028909853485761902,0.03393702029222247
3871,116130,validation,10.218652150766308,0,True,nominal,0.199753407815915,0.2005746300705031
3872,116160,validation,11.217826418157395,0,True,nominal,1.2813865985319266,1.255579428258313
3873,116190,validation,11.089122967538875,0,True,nominal,1.1420616294130188,1.1196844574036247
3874,116220,validation,10.388634301118437,0,True,nominal,0.38376368675375033,0.380054816941233
3875,116250,validation,10.347806306108264,0,True,nominal,0.3395662769978955,0.33694548952771974
3876,116280,validation,11.347240161006786,0,True,nominal,1.4214804782173796,1.3922243801084495
3877,116310,validation,11.830094746643436,0,True,nominal,1.944183637374705,1.9020592720775624
3878,116340,validation,10.509063441417299,0,True,nominal,0.5141314909774946,0.5072131365691768
3879,116370,validation,9.719958375020907,0,True,nominal,-0.34009610337909824,-0.32598449320590117
3880,116400,validation,9.034443132961764,0,True,nominal,-1.0821849088573807,-1.0498040442154124
3881,116430,validation,9.135517630028248,0,True,nominal,-0.9727690298361023,-0.9430818408324231
3882,116460,validation,9.118112030369407,0,True,nominal,-0.9916110626123024,-0.9614600074392967
3883,116490,validation,8.105350944914706,0,True,nominal,-2.0879523516585445,-2.0308108098398097
3884,116520,validation,8.630728427324996,0,True,nominal,-1.519217005707764,-1.4760769832272207
3885,116550,validation,10.145194094237366,0,True,nominal,0.12023307321536698,0.12301198195913872
3886,116580,validation,11.06077497725151,0,True,nominal,1.1113741625860656,1.0897524758182284
3887,116610,validation,10.023793927414506,0,True,nominal,-0.011185893504950651,-0.0051716219214321905
3888,116640,validation,9.873892368844317,0,True,nominal,-0.17345838828499685,-0.1634491804101159
3889,116670,validation,12.14902585734173,0,True,nominal,2.2894351977295653,2.2388111911963606
3890,116700,validation,11.973854552381193,0,True,nominal,2.0998075184648903,2.0538518970376654
3891,116730,validation,11.269919162599596,0,True,nominal,1.3377784044691354,1.310582941790334
3892,116760,validation,10.811472716244513,0,True,nominal,0.8414977167786704,0.826520034646377
3893,116790,validation,9.556432787494577,0,True,nominal,-0.517116978287783,-0.49864734602057675
3894,116820,validation,9.278898924032564,0,True,nominal,-0.8175548979431555,-0.7916888775809763
3895,116850,validation,9.601695051193147,0,True,nominal,-0.4681193526472188,-0.45085597775053854
3896,116880,validation,9.761676175439453,0,True,nominal,-0.2949354551828774,-0.28193564102085944
3897,116910,validation,9.515079925336346,0,True,nominal,-0.561882570938839,-0.5423108684105669
3898,116940,validation,8.540834398437827,0,True,nominal,-1.6165297252851272,-1.570993991100159
3899,116970,validation,8.357902536279576,0,True,nominal,-1.814558417783874,-1.7641474765500056
3900,117000,validation,10.111217558818034,0,True,nominal,0.0834525539261285,0.08713695088293907
3901,117030,validation,11.126873219042253,0,True,nominal,1.182927298512509,1.1595440672521147
3902,117060,validation,10.356873918011875,0,True,nominal,0.3493822123312638,0.3465197693892221
3903,117090,validation,9.336635039483689,0,True,nominal,-0.7550539901305402,-0.7307266602605614
3904,117120,validation,9.558399162338265,0,True,nominal,-0.514988324292444,-0.49657109669868077
3905,117150,validation,9.459293292849184,0,True,nominal,-0.6222731106731586,-0.6012146721508006
3906,117180,validation,11.006455416225029,0,True,nominal,1.0525717674195278,1.0323977186065287
3907,117210,validation,10.211353550329296,0,True,nominal,0.19185247527983193,0.19286820814551767
3908,117240,validation,10.084967829009734,0,True,nominal,0.05503651086477273,0.05942047358494079
3909,117270,validation,10.113242844123256,0,True,nominal,0.08564498009070354,0.08927540238678762
3910,117300,validation,9.937840306761705,0,True,nominal,-0.10423301450720965,-0.09592804466948261
3911,117330,validation,9.601742272259735,0,True,nominal,-0.46806823456442875,-0.45080611812799687
3912,117360,validation,8.71793847120118,0,True,nominal,-1.4248097725565543,-1.3839939325099724
3913,117390,validation,7.649287096190012,0,True,nominal,-2.581653812920492,-2.5123579877318774
3914,117420,validation,8.423346054073582,0,True,nominal,-1.7437140383063714,-1.6950471929095536
3915,117450,validation,8.8914876780279,0,True,nominal,-1.2369380584296885,-1.2007473739272008
3916,117480,validation,9.125486910201326,0,True,nominal,-0.9836275555664545,-0.9536730438808282
3917,117510,validation,9.497208866262476,0,True,nominal,-0.5812284761311503,-0.5611805027545943
3918,117540,validation,9.054417259505358,0,True,nominal,-1.0605623762019663,-1.0287138299946985
3919,117570,validation,8.19198786195839,0,True,nominal,-1.9941655438172656,-1.9393329103739398
3920,117600,validation,9.065809000726679,0,True,nominal,-1.0482305079712113,-1.0166855562085975
3921,117630,validation,9.007814489708222,0,True,nominal,-1.1110111359798744,-1.077920607380186
3922,117660,validation,8.365393981828738,0,True,nominal,-1.8064487251938388,-1.756237433970181
3923,117690,validation,8.928193795541969,0,True,nominal,-1.1972026926368877,-1.1619902407983604
3924,117720,validation,8.825784061735476,0,True,nominal,-1.3080640015722365,-1.2701222895040314
3925,117750,validation,10.284192025894788,0,True,nominal,0.2707020967162456,0.26977665517240806
3926,117780,validation,9.232768301384596,0,True,nominal,-0.8674925456517194,-0.8403971258068574
3927,117810,validation,9.122926345617719,0,True,nominal,-0.9863994360391505,-0.9563766842866496
3928,117840,validation,10.64649490509457,0,True,nominal,0.6629047704877404,0.6523238127879276
3929,117870,validation,10.374676747475014,0,True,nominal,0.36865425712307753,0.36531736167907647
3930,117900,validation,10.227465097601538,0,True,nominal,0.20929366131933003,0.209880015027642
3931,117930,validation,10.826259023380027,0,True,nominal,0.8575042944977433,0.8421325513860024
3932,117960,validation,11.95089173789743,0,True,nominal,2.074949650214597,2.029605996947063
3933,117990,validation,11.492956013147081,0,True,nominal,1.5792218324857832,1.5460823488304012
3934,118020,validation,12.522714097532432,0,True,nominal,2.693962832959702,2.633379885861552
3935,118050,validation,12.214557966537203,0,True,nominal,2.360375479797204,2.308005016430784
3936,118080,validation,10.890700237620381,0,True,nominal,0.9272636532474479,0.9101745260879106
3937,118110,validation,9.535556871593052,0,True,nominal,-0.5397157223333481,-0.5206897385855707
3938,118140,validation,10.14541127837255,0,True,nominal,0.12046818092057644,0.12324130162056914
3939,118170,validation,9.71763864715025,0,True,nominal,-0.34260727159090787,-0.3284338397452415
3940,118200,validation,9.617432047869979,0,True,nominal,-0.4510836277658185,-0.43423965010383675
3941,118230,validation,9.244837044557832,0,True,nominal,-0.8544278044825095,-0.8276540214541943
3942,118260,validation,8.55394946734708,0,True,nominal,-1.6023323081840894,-1.557146095813631
3943,118290,validation,9.213044104093402,0,True,nominal,-0.8888445231261702,-0.8612234455608138
3944,118320,validation,8.385860142923903,0,True,nominal,-1.7842935518176553,-1.7346276919456376
3945,118350,validation,7.812691927202542,0,True,nominal,-2.404763660206706,-2.339822638902871
3946,118380,validation,9.288849718993722,0,True,nominal,-0.8067828930434482,-0.781182065333683
3947,118410,validation,11.32797858181042,0,True,nominal,1.4006292973530112,1.3718865280079344
3948,118440,validation,10.745852573258857,0,True,nominal,0.7704621357502058,0.7572332565867292
3949,118470,validation,11.619069128444343,0,True,nominal,1.715742693502635,1.6792422450519344
3950,118500,validation,11.69726999360744,0,True,nominal,1.8003972468309248,1.761812714150308
3951,118530,validation,12.145430265048041,0,True,nominal,2.2855428717439383,2.2350146891786764
3952,118560,validation,11.883973201019433,0,True,nominal,2.0025085226519463,1.9589482750680405
3953,118590,validation,9.432983816749326,0,True,nominal,-0.650753830712376,-0.6289942341641737
3954,118620,validation,10.204462483713787,0,True,nominal,0.18439270913690317,0.18559209167488772
3955,118650,validation,9.848376540985196,0,True,nominal,-0.20107996262065614,-0.19039074776191967
3956,118680,validation,10.9267263768309,0,True,nominal,0.9662629241205838,0.9482136859899362
3957,118710,validation,10.224808244362547,0,True,nominal,0.20641754577078106,0.20707470567701722
3958,118740,validation,9.950306174890375,0,True,nominal,-0.09073837482411941,-0.0827656253413078
3959,118770,validation,9.248380771322827,0,True,nominal,-0.850591624335621,-0.8239122830382335
3960,118800,validation,10.232426577136026,0,True,nominal,0.21466459721580095,0.2151187255167173
3961,118830,validation,9.814247971161738,0,True,nominal,-0.2380250632677217,-0.22642630841847072
3962,118860,validation,10.120314406456478,0,True,nominal,0.09330013773382546,0.09674210007478246
3963,118890,validation,10.45041273353509,0,True,nominal,0.4506405121014794,0.4452852224382357
3964,118920,validation,9.518273905343351,0,True,nominal,-0.558425001124636,-0.5389384194367712
3965,118950,validation,8.440268640030409,0,True,nominal,-1.725394880937115,-1.6771790292019206
3966,118980,validation,9.255613430600938,0,True,nominal,-0.8427620748889845,-0.8162754868445237
3967,119010,validation,9.047006285782327,0,True,nominal,-1.068584955861954,-1.0365389042507207
3968,119040,validation,11.212317998321364,0,True,nominal,1.2754235849541178,1.2497632162649637
3969,119070,validation,11.050457130215147,0,True,nominal,1.1002048138793568,1.0788581018480563
3970,119100,validation,10.863594467509436,0,True,nominal,0.8979209233866516,0.881554175805782
3971,119130,validation,9.733877611993258,0,True,nominal,-0.3250281525820397,-0.3112874956228006
3972,119160,validation,9.301107640344178,0,True,nominal,-0.7935133613766068,-0.7682392121572236
3973,119190,validation,9.847227958055415,0,True,nominal,-0.20232333473269556,-0.1916035096810192
3974,119220,validation,9.818866844874217,0,True,nominal,-0.23302500744744148,-0.22154934742385615
3975,119250,validation,10.96205375694859,0,True,nominal,1.004505769361292,0.9855150424679051
3976,119280,validation,11.148288824886302,0,True,nominal,1.2061102715295167,1.1821563058364457
3977,119310,validation,10.926226084948029,0,True,nominal,0.9657213446151673,0.9476854394626303
3978,119340,validation,9.143637513908567,0,True,nominal,-0.9639790357416335,-0.9345082448802055
3979,119370,validation,8.981250510837588,0,True,nominal,-1.1397673621574949,-1.1059688929316682
3980,119400,validation,10.633684394142543,0,True,nominal,0.6490370456193614,0.638797493143092
3981,119430,validation,8.76794373213705,0,True,nominal,-1.370677724020238,-1.3311945441112638
3982,119460,validation,9.130406304519193,0,True,nominal,-0.9783021780561654,-0.9484787701901352
3983,119490,validation,8.194277592232801,0,True,nominal,-1.991686848815385,-1.9369152375966305
3984,119520,validation,8.40597535134113,0,True,nominal,-1.7625182942151423,-1.7133885126659976
3985,119550,validation,9.714109516111815,0,True,nominal,-0.34642765146870935,-0.3321601668740462
3986,119580,validation,10.928288528480092,0,True,nominal,0.9679539955661188,0.9498631254712976
3987,119610,validation,11.049650965230722,0,True,nominal,1.0993321184619456,1.078006891048843
3988,119640,validation,10.723162340212486,0,True,nominal,0.7458993442842908,0.7332751688765392
3989,119670,validation,11.57486452153756,0,True,nominal,1.667890009968486,1.632567631913195
3990,119700,validation,9.804966947369069,0,True,nominal,-0.24807202274776036,-0.23622592491472735
3991,119730,validation,9.901511950978835,0,True,nominal,-0.14355944300050172,-0.13428630799953814
3992,119760,validation,9.728984721723528,0,True,nominal,-0.330324838742793,-0.31645378430740595
3993,119790,validation,9.631889779993841,0,True,nominal,-0.43543274139093,-0.418974068053355
3994,119820,validation,9.861196833611233,0,True,nominal,-0.18720164882538554,-0.17685409987570402
3995,119850,validation,10.052709971877313,0,True,nominal,0.020116507343359465,0.025360154815101055
3996,119880,validation,9.990449211770594,0,True,nominal,-0.04728245078480847,-0.04037952923712935
3997,119910,validation,10.76527379490265,0,True,nominal,0.7914861338852138,0.7777396714230216
3998,119940,validation,9.81553371630903,0,True,nominal,-0.2366332093424351,-0.22506872011389786
3999,119970,validation,8.957874206624897,0,True,nominal,-1.1650728442319493,-1.1306513871803259
4000,120000,validation,9.933500340289807,0,True,nominal,-0.10893114568992765,-0.10051051401567765
4001,120030,validation,11.112727990930779,0,True,nominal,1.1676147061900821,1.1446084508975904
4002,120060,validation,10.571070196394052,0,True,nominal,0.5812554816769071,0.5726846225306197
4003,120090,validation,11.549125028678578,0,True,nominal,1.6400263122161745,1.6053899019061453
4004,120120,validation,10.02388648833951,0,True,nominal,-0.01108569379813693,-0.0050738890001675325
4005,120150,validation,9.82265298664328,0,True,nominal,-0.22892640649680987,-0.21755164866064505
4006,120180,validation,9.303184536808638,0,True,nominal,-0.791265064735114,-0.7660462656344248
4007,120210,validation,9.52697458053773,0,True,nominal,-0.549006284711479,-0.5297515794859067
4008,120240,validation,7.970918369735908,0,True,nominal,-2.2334792531934293,-2.1727550296571354
4009,120270,validation,9.36171223787684,0,True,nominal,-0.7279072440648844,-0.7042482315286416
4010,120300,validation,10.533792557522307,0,True,nominal,0.5409014285441294,0.5333240333338111
4011,120330,validation,8.330050541523816,0,True,nominal,-1.8447089560219523,-1.7935557480251634
4012,120360,validation,7.977756773493063,0,True,nominal,-2.2260764960201795,-2.165534518670016
4013,120390,validation,8.17444863807795,0,True,nominal,-2.013152228430369,-1.9578521676789447
4014,120420,validation,8.528493992741438,0,True,nominal,-1.6298885484891783,-1.5840239375731282
4015,120450,validation,9.151440714591182,0,True,nominal,-0.9555318597808556,-0.9262690273282201
4016,120480,validation,8.778103928098147,0,True,nominal,-1.3596790368699012,-1.3204666302334636
4017,120510,validation,8.728324006717228,0,True,nominal,-1.4135671492383526,-1.373028087853274
4018,120540,validation,8.103068434590782,0,True,nominal,-2.0904232308685895,-2.033220859239842
4019,120570,validation,8.11784611528683,0,True,nominal,-2.0744259915037433,-2.0176174509563927
4020,120600,validation,9.717972490648258,0,True,nominal,-0.3422458769676337,-0.3280813421842697
4021,120630,validation,10.512249392663666,0,True,nominal,0.5175803694409798,0.5105771081619261
4022,120660,validation,10.272775660085685,0,True,nominal,0.2583435717026629,0.2577223808585598
4023,120690,validation,10.444717214186971,0,True,nominal,0.44447495823731054,0.4392714564351071
4024,120720,validation,9.78473094451689,0,True,nominal,-0.26997804359584743,-0.2575926482200978
4025,120750,validation,8.898775510970449,0,True,nominal,-1.229048781997824,-1.193052321148414
4026,120780,validation,8.801660734101127,0,True,nominal,-1.3341781567215263,-1.2955935483555503
4027,120810,validation,9.165459447018765,0,True,nominal,-0.9403562024603032,-0.9114669748151695
4028,120840,validation,10.646824037397383,0,True,nominal,0.6632610651146915,0.6526713359078063
4029,120870,validation,10.869958518099324,0,True,nominal,0.9048101804162503,0.8882738283502497
4030,120900,validation,11.089835017295073,0,True,nominal,1.1428324425483043,1.1204362941290622
4031,120930,validation,10.816148654460173,0,True,nominal,0.8465595464683016,0.8314572487185852
4032,120960,validation,10.260161975874786,0,True,nominal,0.24468891710938243,0.24440388597771026
4033,120990,validation,9.278076713921976,0,True,nominal,-0.8184449626439572,-0.792557030054572
4034,121020,validation,9.262993163855123,0,True,nominal,-0.8347733138821594,-0.8084833986707161
4035,121050,validation,9.371375107596814,0,True,nominal,-0.7174469260324979,-0.6940454328262157
4036,121080,validation,9.522939660857954,0,True,nominal,-0.5533741944845311,-0.5340119570410471
4037,121110,validation,9.706244491823895,0,True,nominal,-0.35494175315570964,-0.34046466252852786
4038,121140,validation,10.013033773576245,0,True,nominal,-0.02283405129734663,-0.01653301732470342
4039,121170,validation,9.244266689396904,0,True,nominal,-0.8550452293829393,-0.8282562461622237
4040,121200,validation,9.841976414198818,0,True,nominal,-0.20800827310948852,-0.1971484923206036
4041,121230,validation,9.624283059894218,0,True,nominal,-0.4436672218021624,-0.427005826341655
4042,121260,validation,9.6110313044846,0,True,nominal,-0.45801260573976016,-0.44099804571502077
4043,121290,validation,9.204169251980357,0,True,nominal,-0.8984517907685112,-0.8705941948565474
4044,121320,validation,9.859449471423988,0,True,nominal,-0.18909321569175586,-0.17869909884323085
4045,121350,validation,9.999057173065758,0,True,nominal,-0.0379640996771895,-0.03129058372943009
4046,121380,validation,10.619488698801046,0,True,nominal,0.6336698211543561,0.6238085896177874
4047,121410,validation,9.585590612376276,0,True,nominal,-0.48555284359136175,-0.467860278980477
4048,121440,validation,11.187959660171709,0,True,nominal,1.2490550245605996,1.224043815293132
4049,121470,validation,11.094009999059308,0,True,nominal,1.1473519733190696,1.1248445599715318
4050,121500,validation,10.367036292980373,0,True,nominal,0.3603832583160949,0.35724998403010105
4051,121530,validation,9.999572807861561,0,True,nominal,-0.037405911053211595,-0.030746136978308566
4052,121560,validation,10.555122766731355,0,True,nominal,0.5639919573921781,0.5558461036035477
4053,121590,validation,10.025032780840242,0,True,nominal,-0.009844801137542863,-0.0038635454916661352
4054,121620,validation,9.844446336945529,0,True,nominal,-0.20533451487878238,-0.19454055851568605
4055,121650,validation,8.983189652726718,0,True,nominal,-1.1376681885726234,-1.1039213982511449
4056,121680,validation,9.587662477591898,0,True,nominal,-0.4833099934129251,-0.46567264483594717
4057,121710,validation,10.717474352586933,0,True,nominal,0.7397419437136735,0.7272693554435533
4058,121740,validation,9.070083479440955,0,True,nominal,-1.0436032690587822,-1.0121722338578452
4059,121770,validation,9.005235687334332,0,True,nominal,-1.1138027593542228,-1.0806435046432787
4060,121800,validation,9.345784872358493,0,True,nominal,-0.7451490483702463,-0.7210655651937917
4061,121830,validation,9.103370782329208,0,True,nominal,-1.007568862641009,-0.9770249473314079
4062,121860,validation,10.089994219030403,0,True,nominal,0.06047771411957134,0.06472772154201173
4063,121890,validation,9.207002153654695,0,True,nominal,-0.8953850980233106,-0.8676030000702514
4064,121920,validation,8.949500723603364,0,True,nominal,-1.1741373662613601,-1.1394927525492795
4065,121950,validation,8.348738838218132,0,True,nominal,-1.8244783689840167,-1.7738232115438732
4066,121980,validation,8.059915412753792,0,True,nominal,-2.137137545099734,-2.0787851282368814
4067,122010,validation,7.806895707334213,0,True,nominal,-2.411038225109826,-2.3459427322359443
4068,122040,validation,7.586267965448027,0,True,nominal,-2.649873727789379,-2.5788984176450866
4069,122070,validation,9.469561771588724,0,True,nominal,-0.611157204484092,-0.5903724250134808
4070,122100,validation,9.53044944366291,0,True,nominal,-0.545244651318735,-0.5260825525806382
4071,122130,validation,9.497503352665216,0,True,nominal,-0.5809096866288441,-0.5608695614323127
4072,122160,validation,9.932413995142728,0,True,nominal,-0.11010714371750173,-0.10165756051203079
4073,122190,validation,9.651452627032224,0,True,nominal,-0.4142554299326743,-0.3983181142670371
4074,122220,validation,9.70957327974521,0,True,nominal,-0.3513382501252016,-0.33694987302308227
4075,122250,validation,10.33284772736719,0,True,nominal,0.32337321060264934,0.3211510752188823
4076,122280,validation,10.640336405769808,0,True,nominal,0.6562380282666284,0.6458211970287917
4077,122310,validation,12.359321981388906,0,True,nominal,2.517086444435787,2.460857962366089
4078,122340,validation,12.162199619530321,0,True,nominal,2.3036961518942336,2.2527210593472278
4079,122370,validation,11.9630620695857,0,True,nominal,2.0881243637011906,2.042456366242688
4080,122400,validation,11.974973961085297,0,True,nominal,2.1010193086879285,2.0550338545725078
4081,122430,validation,10.956807667509773,0,True,nominal,0.9988267355393889,0.9799758190208026
4082,122460,validation,10.029898946818486,0,True,nominal,-0.004577044745712238,0.0012745256370377614
4083,122490,validation,10.128875777663495,0,True,nominal,0.10256805380989656,0.10578185219535521
4084,122520,validation,10.672703717992608,0,True,nominal,0.6912765198861737,0.6799970868749726
4085,122550,validation,11.454204387541319,0,True,nominal,1.5372721488146495,1.5051654114292754
4086,122580,validation,12.181329651749465,0,True,nominal,2.324404929594964,2.272920014063487
4087,122610,validation,11.170564637592415,0,True,nominal,1.2302244417593173,1.20567681677779
4088,122640,validation,11.103196492472232,0,True,nominal,1.1572966011042283,1.1345443640452113
4089,122670,validation,9.462042562820656,0,True,nominal,-0.619296951510105,-0.598311782128432
4090,122700,validation,10.196260842652402,0,True,nominal,0.17551421068087655,0.1769321702225786
4091,122730,validation,9.854745616073576,0,True,nominal,-0.19418526643543382,-0.18366578996671593
4092,122760,validation,9.58250010458581,0,True,nominal,-0.4888984019303116,-0.4711234740548375
4093,122790,validation,8.860430858141882,0,True,nominal,-1.2705579066214534,-1.2335395454887799
4094,122820,validation,9.869446779637277,0,True,nominal,-0.17827085893756658,-0.16814317433816664
4095,122850,validation,10.276751830419414,0,True,nominal,0.26264788371835496,0.26192072634983166
4096,122880,validation,10.13256373237205,0,True,nominal,0.10656036460973949,0.10967587753208063
4097,122910,validation,10.217561717306188,0,True,nominal,0.19857298407880905,0.1994232668197904
4098,122940,validation,11.853941041332925,0,True,nominal,1.9699978968622855,1.9272380183057867
4099,122970,validation,11.192338166465385,0,True,nominal,1.2537948761436124,1.2286669779380082
4100,123000,validation,10.440661959698879,0,True,nominal,0.44008503548382194,0.43498960783027785
4101,123030,validation,10.860795632927926,0,True,nominal,0.8948911091915869,0.8785989516680177
4102,123060,validation,10.625936747549705,0,True,nominal,0.640650008464539,0.6306169338584239
4103,123090,validation,11.494174267616325,0,True,nominal,1.5805406259252026,1.5473686753025808
4104,123120,validation,10.880065315775058,0,True,nominal,0.9157510624772635,0.8989453602243178
4105,123150,validation,9.36276521863114,0,True,nominal,-0.7267673638956237,-0.7031364137162341
4106,123180,validation,10.812572668619476,0,True,nominal,0.8426884449987567,0.8276814486971952
4107,123210,validation,9.6105568874903,0,True,nominal,-0.45852617497790077,-0.4414989715511458
4108,123240,validation,9.853645784555415,0,True,nominal,-0.19537586382476074,-0.18482707640765647
4109,123270,validation,9.873527777804533,0,True,nominal,-0.17385306795453767,-0.16383414358310905
4110,123300,validation,9.140694993113021,0,True,nominal,-0.9671643941527794,-0.937615183939169
4111,123330,validation,10.634539662075312,0,True,nominal,0.6499628963075035,0.6397005505998892
4112,123360,validation,10.824065774693103,0,True,nominal,0.8551300434259407,0.8398167512660041
4113,123390,validation,11.061538798326767,0,True,nominal,1.112201019575611,1.090558976671635
4114,123420,validation,10.645938643437972,0,True,nominal,0.6623026021872394,0.6517364690823183
4115,123450,validation,10.159123348705858,0,True,nominal,0.13531186822315797,0.13771955678270628
4116,123480,validation,8.619011512148674,0,True,nominal,-1.5319008835468173,-1.4884486006060949
4117,123510,validation,10.051583469783479,0,True,nominal,0.018897038333930614,0.024170707535531986
4118,123540,validation,10.328487249309456,0,True,nominal,0.3186528750730436,0.3165469481677386
4119,123570,validation,9.713747218246516,0,True,nominal,-0.34681984871479804,-0.33254270873760144
4120,123600,validation,9.003039216805531,0,True,nominal,-1.1161804981570689,-1.08296270663095
4121,123630,validation,9.18692827289974,0,True,nominal,-0.9171156173127314,-0.8887985424354736
4122,123660,validation,9.524734452639459,0,True,nominal,-0.5514312837985217,-0.5321168782714751
4123,123690,validation,9.026930108294023,0,True,nominal,-1.0903179614273948,-1.0577368716831035
4124,123720,validation,10.257674024491596,0,True,nominal,0.24199564239167773,0.24177691615614308
4125,123750,validation,11.263547681660123,0,True,nominal,1.3308811038849813,1.3038554437130894
4126,123780,validation,10.710117458538628,0,True,nominal,0.7317779067654387,0.7195013826543948
4127,123810,validation,10.375823736191444,0,True,nominal,0.36989590345601076,0.3665284403054911
4128,123840,validation,11.191475690735675,0,True,nominal,1.252861222820177,1.2277563099365794
4129,123870,validation,10.832451795300763,0,True,nominal,0.8642081377317086,0.8486713547796467
4130,123900,validation,10.52176586367948,0,True,nominal,0.5278822069133042,0.520625327888115
4131,123930,validation,10.121594582575044,0,True,nominal,0.09468596303477007,0.09809380817184887
4132,123960,validation,11.06510105655999,0,True,nominal,1.116057260538478,1.0943202820325588
4133,123990,validation,10.193222706361304,0,True,nominal,0.17222534590761693,0.17372427299257323
4134,124020,validation,11.29238088688745,0,True,nominal,1.3620938290185407,1.3342997524335196
4135,124050,validation,10.452292564112865,0,True,nominal,0.45267547958633325,0.4472700916888324
4136,124080,validation,12.210022812030285,0,True,nominal,2.3554660522831066,2.303216452592151
4137,124110,validation,11.170167449711627,0,True,nominal,1.229794475127038,1.2052574353608654
4138,124140,validation,10.09097599257369,0,True,nominal,0.06154051055542982,0.06576435332157589
4139,124170,validation,9.88596444100375,0,True,nominal,-0.16039004339811688,-0.15070256105859178
4140,124200,validation,10.39829095941531,0,True,nominal,0.39421728075249607,0.39025105714691993
4141,124230,validation,8.524625095680932,0,True,nominal,-1.6340767342828677,-1.5881090157178914
4142,124260,validation,7.6882068206456085,0,True,nominal,-2.539522157694209,-2.47126355867696
4143,124290,validation,8.785695331925231,0,True,nominal,-1.3514611367382838,-1.3124510440400097
4144,124320,validation,10.054055357598914,0,True,nominal,0.02157292380472286,0.0267807162106708
4145,124350,validation,9.604085917804419,0,True,nominal,-0.4655311748230655,-0.4483315174746501
4146,124380,validation,8.554666087170794,0,True,nominal,-1.601556547827011,-1.5563894336605217
4147,124410,validation,8.942197393446811,0,True,nominal,-1.1820434188468727,-1.1472041684747833
4148,124440,validation,9.662421400924188,0,True,nominal,-0.40238143528508824,-0.38673644181616956
4149,124470,validation,8.806721430068704,0,True,nominal,-1.3286998163505852,-1.2902500775494974
4150,124500,validation,8.10781668138342,0,True,nominal,-2.085283125187086,-2.0282072962281625
4151,124530,validation,8.570769000109149,0,True,nominal,-1.584124708687666,-1.5393867435701103
4152,124560,validation,8.953072101404665,0,True,nominal,-1.1702712531191959,-1.1357218180491833
4153,124590,validation,10.205038343828727,0,True,nominal,0.18501609329906304,0.18620012893542848
4154,124620,validation,9.745610156173191,0,True,nominal,-0.3123273559235216,-0.2988993759436382
4155,124650,validation,10.643320868003029,0,True,nominal,0.6594687894193533,0.6489724210733009
4156,124680,validation,10.191585904364414,0,True,nominal,0.17045346344001808,0.17199601195067213
4157,124710,validation,8.84744787176377,0,True,nominal,-1.284612340807241,-1.2472479779121648
4158,124740,validation,8.637436686409755,0,True,nominal,-1.5119551336652195,-1.4689938889634078
4159,124770,validation,10.087898583555274,0,True,nominal,0.058209131991790834,0.0625149889350295
4160,124800,validation,9.465388914869102,0,True,nominal,-0.6156744348365415,-0.5947784470709206
4161,124830,validation,8.281706487128227,0,True,nominal,-1.8970427035118502,-1.8446011071939612
4162,124860,validation,9.195555629481815,0,True,nominal,-0.9077762702820279,-0.8796891178968177
4163,124890,validation,9.315630666538683,0,True,nominal,-0.7777917924028274,-0.7529046876208618
4164,124920,validation,10.418611425636973,0,True,nominal,0.41621473548435645,0.41170696335359724
4165,124950,validation,10.665953818287955,0,True,nominal,0.6839695707454395,0.6728700252520894
4166,124980,validation,10.164458467959488,0,True,nominal,0.14108727922950973,0.14335278473420282
4167,125010,validation,9.584947400392391,0,True,nominal,-0.48624913797477565,-0.4685394315081159
4168,125040,validation,9.422096271707822,0,True,nominal,-0.6625398929305863,-0.6404901389669106
4169,125070,validation,9.596053701470675,0,True,nominal,-0.4742262664253276,-0.45681254730972437
4170,125100,validation,8.39809639632146,0,True,nominal,-1.7710474762963482,-1.7217077174551303
4171,125130,validation,7.9261600362050935,0,True,nominal,-2.281931360786706,-2.2200143098197387
4172,125160,validation,8.473989546646548,0,True,nominal,-1.6888910867468514,-1.6415739106151894
4173,125190,validation,9.58455906422494,0,True,nominal,-0.4866695223877635,-0.46894946660743825
4174,125220,validation,10.488737693511798,0,True,nominal,0.4921283186799128,0.4857516535557577
4175,125250,validation,9.468732376795135,0,True,nominal,-0.6120550467987222,-0.591248163626239
4176,125280,validation,7.970160885809738,0,True,nominal,-2.23429925004755,-2.1735548392626662
4177,125310,validation,7.651028468011194,0,True,nominal,-2.5797687307875354,-2.5105193138521207
4178,125340,validation,7.633550079548654,0,True,nominal,-2.598689559414031,-2.5289743364586554
4179,125370,validation,8.895833455520581,0,True,nominal,-1.232233636659677,-1.1961587688597324
4180,125400,validation,9.094615736095431,0,True,nominal,-1.0170464371760621,-0.9862691963942946
4181,125430,validation,8.254344739851124,0,True,nominal,-1.926662535583961,-1.8734917377938858
4182,125460,validation,9.12695991836172,0,True,nominal,-0.982032984360535,-0.9521177289295704
4183,125490,validation,9.037396600653713,0,True,nominal,-1.0789877001345616,-1.0466855465839284
4184,125520,validation,10.699650955548131,0,True,nominal,0.7204476339644698,0.7084500463303991
4185,125550,validation,9.556117586028568,0,True,nominal,-0.5174581924068052,-0.4989801598948806
4186,125580,validation,9.826486727091876,0,True,nominal,-0.22477627868715536,-0.2135036915621949
4187,125610,validation,9.633849066301643,0,True,nominal,-0.43331176092756474,-0.41690530335112574
4188,125640,validation,9.694410011482631,0,True,nominal,-0.3677528984681389,-0.3529604142222671
4189,125670,validation,9.969208221628561,0,True,nominal,-0.07027639757777748,-0.06280739517548772
4190,125700,validation,11.22042260492279,0,True,nominal,1.2841970409806505,1.2583206812948178
4191,125730,validation,10.346553888598235,0,True,nominal,0.3382105011420794,0.33562309109779886
4192,125760,validation,9.526396614408231,0,True,nominal,-0.5496319486914061,-0.5303618404380872
4193,125790,validation,10.29852445374732,0,True,nominal,0.2862173378256056,0.2849099313661424
4194,125820,validation,9.380912374267558,0,True,nominal,-0.7071225767008025,-0.6839752554531495
4195,125850,validation,8.774623665904045,0,True,nominal,-1.3634465149009003,-1.324141357889648
4196,125880,validation,9.627026102629657,0,True,nominal,-0.44069780379067763,-0.4241095115125327
4197,125910,validation,10.204000329810171,0,True,nominal,0.18389241502637224,0.18510411415011718
4198,125940,validation,10.17036201657175,0,True,nominal,0.14747803040317664,0.14958620398401315
4199,125970,validation,9.739437849772083,0,True,nominal,-0.3190090446785169,-0.3054165702725688
4200,126000,validation,10.590177497904387,0,True,nominal,0.6019396527700634,0.5928595764217555
4201,126030,validation,10.485136586200076,0,True,nominal,0.48823002253798065,0.4819493283591974
4202,126060,validation,10.356971734387695,0,True,nominal,0.3494881012058435,0.34662305141839345
4203,126090,validation,10.721878956507128,0,True,nominal,0.7445100466838193,0.7319200739634124
4204,126120,validation,10.72405347368888,0,True,nominal,0.7468640203942374,0.7342160959241061
4205,126150,validation,10.181495340154935,0,True,nominal,0.15953015454564312,0.16134162061489546
4206,126180,validation,9.715084716438446,0,True,nominal,-0.34537197071780823,-0.3311304756005953
4207,126210,validation,10.123736957626301,0,True,nominal,0.09700514201888444,0.1003558920068293
4208,126240,validation,10.918518286962925,0,True,nominal,0.9573774446568641,0.9395469553932003
4209,126270,validation,10.583382686338688,0,True,nominal,0.5945840853240448,0.5856850934125879
4210,126300,validation,10.766107360516154,0,True,nominal,0.7923884912253005,0.7786198139072229
4211,126330,validation,11.480145413853377,0,True,nominal,1.5653540119851475,1.5325559359076497
4212,126360,validation,12.156682938848803,0,True,nominal,2.2977241957275756,2.2468961249198545
4213,126390,validation,11.192987302433387,0,True,nominal,1.2544975834001875,1.22935238546227
4214,126420,validation,11.785230386368614,0,True,nominal,1.8956167529610428,1.8546880407495667
4215,126450,validation,11.800313833964719,0,True,nominal,1.9119449932718864,1.8706143011692384
4216,126480,validation,10.859335458672136,0,True,nominal,0.8933104310347971,0.8770571877372161
4217,126510,validation,10.735042626251301,0,True,nominal,0.7587600755042164,0.7458192857376754
4218,126540,validation,10.558621815975696,0,True,nominal,0.5677797729136004,0.5595406680677775
4219,126570,validation,10.64019456683696,0,True,nominal,0.656084483782437,0.6456714326087021
4220,126600,validation,10.675812882135277,0,True,nominal,0.6946422742313856,0.6832799807563719
4221,126630,validation,9.603749464973207,0,True,nominal,-0.4658953941201647,-0.44868677016967684
4222,126660,validation,9.671010632449184,0,True,nominal,-0.39308335966066577,-0.3776672726358255
4223,126690,validation,9.138530449522277,0,True,nominal,-0.969507571180961,-0.9399006750178021
4224,126720,validation,8.596152166530448,0,True,nominal,-1.5566467439494092,-1.5125852503355082
4225,126750,validation,7.146263344721272,0,True,nominal,-3.1261906400424713,-3.0434890313561564
4226,126780,validation,7.999475099287592,0,True,nominal,-2.202565820462568,-2.142602645152435
4227,126810,validation,9.187197337877091,0,True,nominal,-0.9168243471915323,-0.8885144430031787
4228,126840,validation,8.653940007697573,0,True,nominal,-1.4940898416490802,-1.4515684170383307
4229,126870,validation,9.853489798307047,0,True,nominal,-0.1955447231609508,-0.18499177864814653
4230,126900,validation,9.480347378084122,0,True,nominal,-0.5994814935013766,-0.578984154743349
4231,126930,validation,10.18808092039143,0,True,nominal,0.16665922341419515,0.16829518114492587
4232,126960,validation,9.517918646657089,0,True,nominal,-0.5588095782688763,-0.5393135287954054
4233,126990,validation,9.049809368514925,0,True,nominal,-1.065550542928345,-1.0335791945893322
4234,127020,validation,9.903055061219725,0,True,nominal,-0.14188898439487876,-0.1326569738969671
4235,127050,validation,9.212121941064249,0,True,nominal,-0.8898427895669068,-0.8621971359892202
4236,127080,validation,10.431280897301441,0,True,nominal,0.42992978150621425,0.42508436290514784
4237,127110,validation,9.664976607713225,0,True,nominal,-0.3996153547700432,-0.38403845858063795
4238,127140,validation,8.915961930090594,0,True,nominal,-1.2104440180876768,-1.1749055821588648
4239,127170,validation,9.79566722079019,0,True,nominal,-0.2581392285001304,-0.2460452892466073
4240,127200,validation,9.41841167125426,0,True,nominal,-0.6665285726586044,-0.6443806226240439
4241,127230,validation,8.533708458888242,0,True,nominal,-1.6242437477368787,-1.5785181044222907
4242,127260,validation,8.00931064267991,0,True,nominal,-2.19191857850583,-2.1322175243478587
4243,127290,validation,7.634918975233401,0,True,nominal,-2.597207692781181,-2.5275289514414885
4244,127320,validation,9.0355826180693,0,True,nominal,-1.080951385384187,-1.048600888474569
4245,127350,validation,10.434912580503594,0,True,nominal,0.4338611768771851,0.4289189724710784
4246,127380,validation,10.832976081210074,0,True,nominal,0.8647756914202318,0.8492249360396901
4247,127410,validation,10.031833670603357,0,True,nominal,-0.0024826538782934727,0.0033173553443480905
4248,127440,validation,9.89843694067548,0,True,nominal,-0.146888224890157,-0.13753313963881342
4249,127470,validation,9.111535756704185,0,True,nominal,-0.9987300568655346,-0.9684037413778417
4250,127500,validation,10.066509946782222,0,True,nominal,0.03505535372415363,0.039931226363576176
4251,127530,validation,9.569940831228118,0,True,nominal,-0.502494155302168,-0.4843845177851908
4252,127560,validation,9.256748705663973,0,True,nominal,-0.8415331089029235,-0.8150767763914489
4253,127590,validation,8.826127346487205,0,True,nominal,-1.3076923865362466,-1.2697598231435192
4254,127620,validation,8.803042445321896,0,True,nominal,-1.3326824169240319,-1.2941346317128828
4255,127650,validation,8.141373107389331,0,True,nominal,-2.0489573857096577,-1.9927758488804368
4256,127680,validation,8.755800465247097,0,True,nominal,-1.3838231391300486,-1.3440163363177697
4257,127710,validation,8.21379488331841,0,True,nominal,-1.9705588529091431,-1.9163073852780255
4258,127740,validation,7.522668563045819,0,True,nominal,-2.7187218024376083,-2.6460515428665787
4259,127770,validation,8.030545376013086,0,True,nominal,-2.1689314048778128,-2.1097962648280015
4260,127800,validation,8.854537598008589,0,True,nominal,-1.2769375202381423,-1.239762101373678
4261,127830,validation,8.502568889660074,0,True,nominal,-1.6579531743314313,-1.6113976490837028
4262,127860,validation,8.335755689614974,0,True,nominal,-1.8385329787828075,-1.787531815256899
4263,127890,validation,7.964834387415304,0,True,nominal,-2.2400653287404677,-2.179178964650063
4264,127920,validation,8.654600238931334,0,True,nominal,-1.4933751234669879,-1.450871294281807
4265,127950,validation,8.569249688674967,0,True,nominal,-1.5857694044408264,-1.5409909490679046
4266,127980,validation,9.957871987042674,0,True,nominal,-0.08254817837318755,-0.07477706080020494
4267,128010,validation,9.626184947019116,0,True,nominal,-0.44160837750800674,-0.4249976680975298
4268,128040,validation,10.317858681237528,0,True,nominal,0.3071471624345476,0.30532449110524035
4269,128070,validation,12.093263413469787,0,True,nominal,2.229070842825973,2.1799329276506163
4270,128100,validation,12.045997008955583,0,True,nominal,2.1779036805031655,2.130025433849985
4271,128130,validation,11.706194304582018,0,True,nominal,1.8100580550296577,1.7712356859040577
4272,128160,validation,10.087392618067819,0,True,nominal,0.05766141065583421,0.061980751781007294
4273,128190,validation,9.731880433771389,0,True,nominal,-0.327190152068064,-0.3133962695130742
4274,128220,validation,9.147670636261218,0,True,nominal,-0.9596130716238467,-0.930249765080846
4275,128250,validation,9.903786262633426,0,True,nominal,-0.1410974390719359,-0.1318849153831792
4276,128280,validation,9.926023119162434,0,True,nominal,-0.11702543995834185,-0.10840553736039227
4277,128310,validation,9.789225342978439,0,True,nominal,-0.2651127356040715,-0.2528471177389305
4278,128340,validation,11.058672055087456,0,True,nominal,1.109097692420283,1.087532049366409
4279,128370,validation,10.680770135582067,0,True,nominal,0.7000086352735285,0.688514229018041
4280,128400,validation,10.690782153990353,0,True,nominal,0.7108469162119859,0.6990856856748129
4281,128430,validation,9.751633622858913,0,True,nominal,-0.3058067901893173,-0.2925393379977512
4282,128460,validation,9.852016635037552,0,True,nominal,-0.19713946227667048,-0.18654725737548505
4283,128490,validation,10.209413359001081,0,True,nominal,0.18975216564874414,0.19081960538674797
4284,128520,validation,10.413691420221088,0,True,nominal,0.4108886964439208,0.40651204441876354
4285,128550,validation,9.132528219202518,0,True,nominal,-0.9760051479741707,-0.9462382899803129
4286,128580,validation,10.961974576741971,0,True,nominal,1.0044200546443283,0.9854314379350116
4287,128610,validation,9.731700739135382,0,True,nominal,-0.32738467637562646,-0.3135860048869551
4288,128640,validation,10.101409736149984,0,True,nominal,0.07283532040377336,0.07678109974439346
4289,128670,validation,11.389534543554552,0,True,nominal,1.4672652921757616,1.436882031912065
4290,128700,validation,10.085774859743037,0,True,nominal,0.055910143478777784,0.060272598508195566
4291,128730,validation,10.312661375044037,0,True,nominal,0.301520937796205,0.2998367767487637
4292,128760,validation,10.106431389961067,0,True,nominal,0.07827139658349216,0.08208334684825805
4293,128790,validation,10.09283247282826,0,True,nominal,0.06355020068335453,0.06772456751066498
4294,128820,validation,10.45288302507323,0,True,nominal,0.4533146695588905,0.4478935456414197
4295,128850,validation,11.813478393799166,0,True,nominal,1.926195985639098,1.8845144527690552
4296,128880,validation,11.644355495682243,0,True,nominal,1.7431158705046417,1.7059415302871113
4297,128910,validation,9.71286678756509,0,True,nominal,-0.3477729387594814,-0.33347233495365747
4298,128940,validation,9.216377651549939,0,True,nominal,-0.8852358677699514,-0.8577036305731682
4299,128970,validation,9.21444480545929,0,True,nominal,-0.8873282259825479,-0.8597444776669558
4300,129000,validation,9.130706137237665,0,True,nominal,-0.9779776010223625,-0.9481621838178024
4301,129030,validation,9.311186627347137,0,True,nominal,-0.7826025851216684,-0.7575970449237146
4302,129060,validation,8.08335777909085,0,True,nominal,-2.111760548987442,-2.0540328805323353
4303,129090,validation,9.138920160840929,0,True,nominal,-0.9690856981295737,-0.9394891879284081
4304,129120,validation,10.037455143607572,0,True,nominal,0.0036027428142667442,0.00925293754045037
4305,129150,validation,9.679350988400616,0,True,nominal,-0.38405469858134267,-0.36886088536733586
4306,129180,validation,10.043646609364565,0,True,nominal,0.010305172090624704,0.015790361786271846
4307,129210,validation,10.720648632251546,0,True,nominal,0.7431781873739761,0.7306210032854265
4308,129240,validation,10.382531238354074,0,True,nominal,0.3771569561098623,0.37361073535288764
4309,129270,validation,9.281048964062593,0,True,nominal,-0.8152274214120394,-0.7894187004737339
4310,129300,validation,9.690666789860524,0,True,nominal,-0.3718050371979011,-0.35691279460363445
4311,129330,validation,10.085524330051282,0,True,nominal,0.05563893830596108,0.06000807005153312
4312,129360,validation,9.604711767295466,0,True,nominal,-0.46485367580812653,-0.44767069759813083
4313,129390,validation,9.753530625547228,0,True,nominal,-0.3037532334299779,-0.29053633711626026
4314,129420,validation,10.520209942828439,0,True,nominal,0.526197880475427,0.5189824673611569
4315,129450,validation,10.475609509231198,0,True,nominal,0.4779167038343767,0.471889910054606
4316,129480,validation,9.02632362268142,0,True,nominal,-1.090974498519763,-1.0583772456921317
4317,129510,validation,9.362972041159766,0,True,nominal,-0.7265434729099853,-0.7029180346334296
4318,129540,validation,8.77832561818924,0,True,nominal,-1.3594390513454486,-1.320232552838311
4319,129570,validation,9.385263525788533,0,True,nominal,-0.7024123373996947,-0.6793809760745813
4320,129600,validation,8.478577369998515,0,True,nominal,-1.6839246437823159,-1.6367297349718342
4321,129630,validation,10.31666923105077,0,True,nominal,0.30585955041061175,0.3040685784029338
4322,129660,validation,9.523726409389162,0,True,nominal,-0.5525225179033038,-0.5331812476217991
4323,129690,validation,10.762972567027001,0,True,nominal,0.7889949924187695,0.7753098585968049
4324,129720,validation,11.245912934241888,0,True,nominal,1.3117910124565253,1.285235325333093
4325,129750,validation,10.244673815059299,0,True,nominal,0.2279225637835312,0.22805029831165885
4326,129780,validation,10.109159658422904,0,True,nominal,0.08122482104388375,0.08496406186656821
4327,129810,validation,10.904868603450746,0,True,nominal,0.9426012927768803,0.9251345730200085
4328,129840,validation,9.848331603620828,0,True,nominal,-0.2011286085339771,-0.19043819607656676
4329,129870,validation,10.141492768825401,0,True,nominal,0.11622628826715603,0.11910383880862115
4330,129900,validation,10.706323871140182,0,True,nominal,0.7276712457194578,0.7154958222248254
4331,129930,validation,10.052518614299172,0,True,nominal,0.019909357585237476,0.025158104812717647
4332,129960,validation,10.703485973900355,0,True,nominal,0.7245991451393929,0.7124993527374769
4333,129990,validation,10.677751720628514,0,True,nominal,0.69674111938199,0.6853271550882497
4334,130020,validation,10.597343371928236,0,True,nominal,0.6096969053711769,0.6004258556235911
4335,130050,validation,10.674074797196935,0,True,nominal,0.6927607502380754,0.6814447774195238
4336,130080,validation,10.24305554943934,0,True,nominal,0.2261707474457144,0.22634160939770542
4337,130110,validation,9.977104132770975,0,True,nominal,-0.06172886003472249,-0.05447028681193612
4338,130140,validation,9.712639401978347,0,True,nominal,-0.34801908981214463,-0.33371242608979096
4339,130170,validation,10.177534816713798,0,True,nominal,0.15524278071472195,0.15715979631246954
4340,130200,validation,10.65750091037155,0,True,nominal,0.6748190691174072,0.6639447969896237
4341,130230,validation,10.227604790824651,0,True,nominal,0.20944488301465267,0.21002751384288254
4342,130260,validation,9.99858416837739,0,True,nominal,-0.03847614005593075,-0.03179001834467181
4343,130290,validation,10.221463416445848,0,True,nominal,0.20279667901108994,0.20354297991465956
4344,130320,validation,10.866152227873547,0,True,nominal,0.9006897682158361,0.8842548553016593
4345,130350,validation,10.945408466576126,0,True,nominal,0.9864867919681161,0.9679396686984907
4346,130380,validation,9.80548886441685,0,True,nominal,-0.24750703341596517,-0.23567484488030804
4347,130410,validation,9.232598670492909,0,True,nominal,-0.8676761756836441,-0.8405762351078985
4348,130440,validation,10.11799905013823,0,True,nominal,0.09079370184583041,0.0942973693556424
4349,130470,validation,10.098624411833217,0,True,nominal,0.0698201314359975,0.07384014077997712
4350,130500,validation,10.549762837061362,0,True,nominal,0.5581896884385296,0.5501866789122407
4351,130530,validation,10.052026538687205,0,True,nominal,0.019376672415476325,0.02463853365417222
4352,130560,validation,9.216413448414608,0,True,nominal,-0.8851971166949757,-0.8576658334989058
4353,130590,validation,9.629247589948275,0,True,nominal,-0.43829298363568525,-0.421763894880136
4354,130620,validation,9.449214852167254,0,True,nominal,-0.6331832955207947,-0.6118562625366804
4355,130650,validation,9.122870294056902,0,True,nominal,-0.9864601133709728,-0.9564358678220323
4356,130680,validation,9.21017153625491,0,True,nominal,-0.891954155567776,-0.864256522924428
4357,130710,validation,9.419955666738716,0,True,nominal,-0.6648571557528594,-0.6427503538134448
4358,130740,validation,10.325424264281384,0,True,nominal,0.31533711086938887,0.31331281373608394
4359,130770,validation,10.18702221081601,0,True,nominal,0.16551314164100014,0.16717731440395067
4360,130800,validation,10.922198947754858,0,True,nominal,0.9613618595945268,0.943433279253531
4361,130830,validation,11.272331669047826,0,True,nominal,1.340390008002557,1.3131302510652096
4362,130860,validation,10.087659907467774,0,True,nominal,0.0579507586664404,0.062262976422554725
4363,130890,validation,10.294812764489182,0,True,nominal,0.2821993337333781,0.2809908452722401
4364,130920,validation,10.146484504504171,0,True,nominal,0.12162997725880367,0.12437449605456702
4365,130950,validation,9.680035578305953,0,True,nominal,-0.38331361147791404,-0.3681380428577834
4366,130980,validation,10.220621797722089,0,True,nominal,0.20188560396116556,0.202654334339219
4367,131010,validation,8.903068166541459,0,True,nominal,-1.2244018661459575,-1.1885198062787021
4368,131040,validation,9.903378273831027,0,True,nominal,-0.1415390979942254,-0.13231570124124764
4369,131070,validation,9.105738929658017,0,True,nominal,-1.005005279055101,-0.9745244758158303
4370,131100,validation,9.321775681050939,0,True,nominal,-0.7711396478562681,-0.7464163101606498
4371,131130,validation,9.898313054311998,0,True,nominal,-0.14702233523205926,-0.13766394835974388
4372,131160,validation,10.952378280301579,0,True,nominal,0.9940318039891344,0.9752989324053392
4373,131190,validation,11.367190424129232,0,True,nominal,1.443077178073451,1.4132893974995067
4374,131220,validation,10.522767968986004,0,True,nominal,0.5289670130332209,0.5216834275021422
4375,131250,validation,10.20629356197973,0,True,nominal,0.1863749009245432,0.18752548449681505
4376,131280,validation,10.622135367064914,0,True,nominal,0.6365349111916414,0.6266031448907955
4377,131310,validation,10.787924755789588,0,True,nominal,0.8160064121755006,0.8016562925762873
4378,131340,validation,9.446472614757397,0,True,nominal,-0.6361518417455376,-0.6147517270413088
4379,131370,validation,8.266615048273415,0,True,nominal,-1.9133795945765566,-1.8605358053972656
4380,131400,validation,8.34729286829007,0,True,nominal,-1.8260436705715493,-1.7753499774564139
4381,131430,validation,8.040911574999846,0,True,nominal,-2.157709713875978,-2.0988508371614567
4382,131460,validation,9.269361851109167,0,True,nominal,-0.8278790375381032,-0.8017588503807388
4383,131490,validation,9.674920453140098,0,True,nominal,-0.38885087292931353,-0.37353898418446346
4384,131520,validation,9.286257794951897,0,True,nominal,-0.809588720978522,-0.7839188174598198
4385,131550,validation,10.074521308304142,0,True,nominal,0.04372786942810521,0.048390236089388396
4386,131580,validation,9.733021345401687,0,True,nominal,-0.32595508434536713,-0.3121916075401279
4387,131610,validation,9.813001009919086,0,True,nominal,-0.23937493256640802,-0.2277429457029625
4388,131640,validation,10.782221642342494,0,True,nominal,0.8098326374936301,0.7956345081412219
4389,131670,validation,10.650247906715354,0,True,nominal,0.6669674963308002,0.6562865196417292
4390,131700,validation,9.99056078047585,0,True,nominal,-0.04716167464135861,-0.04026172644414935
4391,131730,validation,10.135220720484245,0,True,nominal,0.1094366261621828,0.11248132929217508
4392,131760,validation,10.94764943266826,0,True,nominal,0.9889126984227038,0.9703058525134037
4393,131790,validation,9.813546913945807,0,True,nominal,-0.23878397668061593,-0.227166538377097
4394,131820,validation,10.232113055475862,0,True,nominal,0.2143252015320756,0.21478768531021492
4395,131850,validation,10.007624171870475,0,True,nominal,-0.028690091574277047,-0.02224488955973801
4396,131880,validation,9.509405074183151,0,True,nominal,-0.5680257509225427,-0.548302811348864
4397,131910,validation,8.868151013226422,0,True,nominal,-1.262200629768521,-1.2253880138463467
4398,131940,validation,8.733925216934853,0,True,nominal,-1.4075036875607614,-1.3671139006608009
4399,131970,validation,8.852637408160774,0,True,nominal,-1.2789945271839123,-1.2417684675025285
4400,132000,validation,8.847949657489945,0,True,nominal,-1.2840691441760104,-1.2467181540705643
4401,132030,validation,9.380772196113613,0,True,nominal,-0.7072743233468767,-0.6841232662955415
4402,132060,validation,9.81283969508216,0,True,nominal,-0.23954956024395055,-0.22791327427579577
4403,132090,validation,9.030347224246519,0,True,nominal,-1.086618840912216,-1.0541288186702285
4404,132120,validation,10.00970139403069,0,True,nominal,-0.026441442358313586,-0.020051599142390252
4405,132150,validation,9.553720558003864,0,True,nominal,-0.5200530401277805,-0.5015111258634668
4406,132180,validation,9.81048795862272,0,True,nominal,-0.242095378619547,-0.23039641793727217
4407,132210,validation,10.969365613799159,0,True,nominal,1.0124210523238824,0.9932354615306922
4408,132240,validation,9.041576419193852,0,True,nominal,-1.0744629334229552,-1.0422721737026237
4409,132270,validation,9.132976328636742,0,True,nominal,-0.9755200573819208,-0.9457651416831155
4410,132300,validation,10.762879525628025,0,True,nominal,0.7888942725858756,0.775211618354283
4411,132330,validation,11.538198945847943,0,True,nominal,1.6281985317980658,1.5938533059509525
4412,132360,validation,10.482898731968533,0,True,nominal,0.4858074847567168,0.47958643028528314
4413,132390,validation,9.505003299976927,0,True,nominal,-0.5727907906507187,-0.5529505420397588
4414,132420,validation,9.304022254061914,0,True,nominal,-0.7903582131325956,-0.7651617395306465
4415,132450,validation,9.138188587527102,0,True,nominal,-0.9698776460444686,-0.9402616391228614
4416,132480,validation,8.742715520955185,0,True,nominal,-1.397987945517383,-1.3578324237236552
4417,132510,validation,9.761158065021,0,True,nominal,-0.29549632373538465,-0.28248270172417983
4418,132540,validation,10.015894548475135,0,True,nominal,-0.01973718503207926,-0.01351239185088615
4419,132570,validation,8.90878535315948,0,True,nominal,-1.218212856875617,-1.1824831623107819
4420,132600,validation,8.302098614732605,0,True,nominal,-1.8749676733934275,-1.8230695354051372
4421,132630,validation,8.909599356432661,0,True,nominal,-1.217331676298456,-1.1816236752453386
4422,132660,validation,9.00981570763633,0,True,nominal,-1.1088447634024972,-1.0758075680583412
4423,132690,validation,8.71624668795194,0,True,nominal,-1.4266411737180875,-1.3857802469735157
4424,132720,validation,9.143541684930605,0,True,nominal,-0.9640827732042349,-0.9346094284623437
4425,132750,validation,9.853388714852862,0,True,nominal,-0.1956541487362951,-0.18509851030914176
4426,132780,validation,10.669174928575192,0,True,nominal,0.6874565098223729,0.6762711204558323
4427,132810,validation,11.639906511950423,0,True,nominal,1.7382997251871122,1.7012439521595393
4428,132840,validation,11.18289161673584,0,True,nominal,1.2435687303563479,1.2186925864667275
4429,132870,validation,10.3006496256096,0,True,nominal,0.2885178938919864,0.28715385075523325
4430,132900,validation,10.363401336652581,0,True,nominal,0.35644831969802093,0.3534119184471704
4431,132930,validation,9.320869100290395,0,True,nominal,-0.7721210460694441,-0.7473735476351658
4432,132960,validation,8.205382713001496,0,True,nominal,-1.9796652549830158,-1.9251895996595971
4433,132990,validation,8.953708412149348,0,True,nominal,-1.1695824295140247,-1.1350499523790112
4434,133020,validation,9.13479580362539,0,True,nominal,-0.9735504264560378,-0.9438440004909798
4435,133050,validation,9.491876317343868,0,True,nominal,-0.5870011046802651,-0.5668110167493069
4436,133080,validation,9.719212883006351,0,True,nominal,-0.3409031186642921,-0.3267716408317306
4437,133110,validation,9.858305189146407,0,True,nominal,-0.19033193223137543,-0.17990731980400604
4438,133140,validation,9.623273790228781,0,True,nominal,-0.444759783534531,-0.4280714906351132
4439,133170,validation,8.660041337954775,0,True,nominal,-1.4874849864910893,-1.445126164763876
4440,133200,validation,9.950030295781822,0,True,nominal,-0.09103702142679418,-0.08305691965576555
4441,133230,validation,9.88889671464474,0,True,nominal,-0.157215777809154,-0.14760644173105758
4442,133260,validation,10.792517646114781,0,True,nominal,0.8209783402757102,0.8065058183184601
4443,133290,validation,11.588415266295335,0,True,nominal,1.6825590579686929,1.646875547163855
4444,133320,validation,11.956192117494718,0,True,nominal,2.0806874546026033,2.035202544105904
4445,133350,validation,10.714492046253088,0,True,nominal,0.7365135163803799,0.7241204077628975
4446,133380,validation,10.450173378672945,0,True,nominal,0.45038140398420184,0.44503249322344873
4447,133410,validation,10.777941016031653,0,True,nominal,0.8051987436415122,0.79111469468668
4448,133440,validation,11.384903927396163,0,True,nominal,1.4622525248399323,1.4319926723427656
4449,133470,validation,11.281695121087738,0,True,nominal,1.3505261982914547,1.3230169016246778
4450,133500,validation,12.228077406143516,0,True,nominal,2.375010639123565,2.3222798773023636
4451,133530,validation,11.24832240939246,0,True,nominal,1.314399334528178,1.2877794339314905
4452,133560,validation,10.677323452804098,0,True,nominal,0.6962775078694418,0.6848749570839432
4453,133590,validation,11.055106210591767,0,True,nominal,1.1052375692312217,1.0837669573546151
4454,133620,validation,10.09324708042073,0,True,nominal,0.06399902462505705,0.06816234199475259
4455,133650,validation,9.346472997058417,0,True,nominal,-0.7444041347559954,-0.7203389903771019
4456,133680,validation,9.481895233674987,0,True,nominal,-0.5978058979259564,-0.5773498101364491
4457,133710,validation,9.177427800661299,0,True,nominal,-0.9274001356754846,-0.8988298694258859
4458,133740,validation,9.821708406814217,0,True,nominal,-0.22994893973024033,-0.21854900846509182
4459,133770,validation,9.604325754579408,0,True,nominal,-0.4652715450220898,-0.4480782794193343
4460,133800,validation,9.344839361478154,0,True,nominal,-0.7461725894918844,-0.7220639080735585
4461,133830,validation,9.366524805072196,0,True,nominal,-0.7226975098063764,-0.6991667541043302
4462,133860,validation,9.748531478546129,0,True,nominal,-0.3091649453786611,-0.29581481980454727
4463,133890,validation,10.136765011501634,0,True,nominal,0.11110836299032768,0.11411191014910368
4464,133920,validation,10.236081802370197,0,True,nominal,0.21862147747368155,0.21897819256501974
4465,133950,validation,10.277174683353266,0,True,nominal,0.26310563346529364,0.2623672068975207
4466,133980,validation,10.739936428616362,0,True,nominal,0.7640577490328545,0.7509865374824614
4467,134010,validation,10.96092722193994,0,True,nominal,1.003286264720684,0.98432556043435
4468,134040,validation,11.634304538652867,0,True,nominal,1.7322354374548397,1.695328959248769
4469,134070,validation,11.087581426016818,0,True,nominal,1.1403928689879956,1.1180567796746712
4470,134100,validation,11.373525374949967,0,True,nominal,1.4499349338152516,1.4199783242766242
4471,134130,validation,9.632705403094217,0,True,nominal,-0.434549807306984,-0.41811287065016706
4472,134160,validation,10.022276622575026,0,True,nominal,-0.012828417065030337,-0.006773708702694402
4473,134190,validation,10.522345595250398,0,True,nominal,0.5285097820313543,0.5212374529287009
4474,134220,validation,9.075492968906419,0,True,nominal,-1.0377473502850212,-1.006460480134731
4475,134250,validation,9.875175718863854,0,True,nominal,-0.17206912715033765,-0.16209412106506096
4476,134280,validation,9.92547298702368,0,True,nominal,-0.11762097288985873,-0.10898640905111144
4477,134310,validation,10.635338701149132,0,True,nominal,0.6508278777337965,0.6405442373163427
4478,134340,validation,11.186958134975372,0,True,nominal,1.2479708464256636,1.2229863282039177
4479,134370,validation,11.18233365217809,0,True,nominal,1.2429647186192532,1.218103444707519
4480,134400,validation,11.781897081156322,0,True,nominal,1.8920083598407755,1.8511684815419673
4481,134430,validation,9.945544675461207,0,True,nominal,-0.09589282684339677,-0.08779318150271467
4482,134460,validation,9.559624541478295,0,True,nominal,-0.5136618182040441,-0.4952772474528372
4483,134490,validation,10.433382519798208,0,True,nominal,0.4322048447469778,0.42730341706859987
4484,134520,validation,9.086978051273785,0,True,nominal,-1.0253144377370556,-0.9943336496101701
4485,134550,validation,10.440106579725281,0,True,nominal,0.43948382162903477,0.434403195073179
4486,134580,validation,9.986356254955727,0,True,nominal,-0.05171318732758112,-0.04470118684920472
4487,134610,validation,10.520919821383302,0,True,nominal,0.5269663432264968,0.5197320115657598
4488,134640,validation,11.261459129812227,0,True,nominal,1.3286201899754246,1.3016501905428415
4489,134670,validation,12.328047157684622,0,True,nominal,2.4832306012096885,2.4278356056588355
4490,134700,validation,12.57106688736275,0,True,nominal,2.746306036794151,2.684434468572083
4491,134730,validation,11.709473121283,0,True,nominal,1.8136074628615033,1.7746977119637828
4492,134760,validation,10.573546124762697,0,True,nominal,0.5839357411559206,0.5752988975316261
4493,134790,validation,10.601820548374894,0,True,nominal,0.6145435700656566,0.6051532017810243
4494,134820,validation,8.929519769126403,0,True,nominal,-1.1957672903394674,-1.16059017622554
4495,134850,validation,9.671733715806718,0,True,nominal,-0.392300602353268,-0.37690378578814987
4496,134880,validation,10.881213904699589,0,True,nominal,0.9169944410787816,0.9001581284731335
4497,134910,validation,10.853626757769423,0,True,nominal,0.8871306077809733,0.8710295036381169
4498,134940,validation,8.916760371427113,0,True,nominal,-1.2095796837281925,-1.1740625265792826
4499,134970,validation,10.022053452580634,0,True,nominal,-0.01307000462486267,-0.007009348693213624
4500,135000,test,10.083119934201614,0,True,shifted,0.053036114715026055,0.05746932456845942
4501,135030,test,10.524944221550946,0,True,shifted,0.5313228653429167,0.5239812818134597
4502,135060,test,10.126629875340226,0,True,shifted,0.10013680375148915,0.10341045632915008
4503,135090,test,10.93074969721868,0,True,shifted,0.9706182773460731,0.9524618161232694
4504,135120,test,10.598230376172692,0,True,shifted,0.6106571114757784,0.60136242271149
4505,135150,test,11.513570169628684,0,True,shifted,1.6015372148738167,1.56784835573075
4506,135180,test,10.769766571951058,0,True,shifted,0.7963496866533756,0.7824834898918812
4507,135210,test,11.520929236902452,0,True,shifted,1.6095036043974411,1.5756186231779734
4508,135240,test,11.044828945292721,0,True,shifted,1.0941121513536511,1.0729154326941048
4509,135270,test,10.90245961115096,0,True,shifted,0.9399934934042726,0.92259097425249
4510,135300,test,10.89437218378493,0,True,shifted,0.9312386343650743,0.9140516483764988
4511,135330,test,10.268479986696425,0,True,shifted,0.25369338898085314,0.25318667954496404
4512,135360,test,11.642191174343544,0,True,shifted,1.7407729340703162,1.7036562738792285
4513,135390,test,11.070520503572133,0,True,shifted,1.1219239586260557,1.1000425496969013
4514,135420,test,10.840762968319854,0,True,shifted,0.8732052074968311,0.857446928470716
4515,135450,test,11.658284943538948,0,True,shifted,1.758194874860409,1.720649309304782
4516,135480,test,11.416810714177446,0,True,shifted,1.4967924852032495,1.4656823041193148
4517,135510,test,9.376802334621004,0,True,shifted,-0.711571805871284,-0.6883149504286595
4518,135540,test,11.90493110709879,0,True,shifted,2.025196023284374,1.9810772391489742
4519,135570,test,11.360335396264858,0,True,shifted,1.4356564248541455,1.406051333505416
4520,135600,test,11.728053306311017,0,True,shifted,1.8337210160942354,1.7943160958588735
4521,135630,test,11.341857171054533,0,True,shifted,1.415653245883975,1.3865406066031012
4522,135660,test,11.388785785782726,0,True,shifted,1.4664547416199236,1.4360914360493244
4523,135690,test,10.964658790046311,0,True,shifted,1.007325788204217,0.988265636140328
4524,135720,test,11.042324700952408,0,True,shifted,1.0914012390688321,1.0702712595192254
4525,135750,test,11.533873872900195,0,True,shifted,1.6235165232583861,1.5892865623294403
4526,135780,test,12.351035538802794,0,True,shifted,2.508116146033784,2.4521085009622414
4527,135810,test,12.965598827463984,0,True,shifted,3.1733975413875584,3.101011539688976
4528,135840,test,12.310906839368121,0,True,shifted,2.464675742667371,2.4097375434323216
4529,135870,test,11.114528968061322,0,True,shifted,1.1695643126838544,1.1465100606329077
4530,135900,test,11.880216881841761,0,True,shifted,1.998442205463753,1.9549820652833187
4531,135930,test,11.540662530343125,0,True,shifted,1.630865428699924,1.5964545473439522
4532,135960,test,11.856134448188438,0,True,shifted,1.9723723191558675,1.9295539854323083
4533,135990,test,12.141882696029544,0,True,shifted,2.2817025322536293,2.2312688938168828
4534,136020,test,11.52453988209866,0,True,shifted,1.6134122255575063,1.5794310192042433
4535,136050,test,10.534035232683324,0,True,shifted,0.5411641309748111,0.5335802683747138
4536,136080,test,9.428962929657667,0,True,shifted,-0.6551065498289483,-0.6332397950369015
4537,136110,test,10.733865858143062,0,True,shifted,0.7574861921735626,0.7445767637462029
4538,136140,test,11.77897487850103,0,True,shifted,1.888844996366439,1.848082995933276
4539,136170,test,10.981374603248508,0,True,shifted,1.0254211084695337,1.0059154733203584
4540,136200,test,9.5365269937254,0,True,shifted,-0.5386655388652178,-0.5196654092589887
4541,136230,test,10.051685644520314,0,True,shifted,0.01900764525228309,0.024278591456417756
4542,136260,test,9.163171163303907,0,True,shifted,-0.9428333315223114,-0.9138831202039951
4543,136290,test,10.197857820265181,0,True,shifted,0.1772429821746849,0.17861838162640095
4544,136320,test,11.319597175790662,0,True,shifted,1.391556198463557,1.3630367969299981
4545,136350,test,13.302549742023611,0,True,shifted,3.5381560271934744,3.456790149302666
4546,136380,test,13.820433161968802,0,True,shifted,4.098778847671881,4.003611170194945
4547,136410,test,12.202406282729092,0,True,shifted,2.347220953145653,2.295174336996762
4548,136440,test,11.513891570133143,0,True,shifted,1.601885139619761,1.5681877150251302
4549,136470,test,11.396823769102392,0,True,shifted,1.4751560761405502,1.4445785551102894
4550,136500,test,11.468744932132513,0,True,shifted,1.5530126819270433,1.5205184332319965
4551,136530,test,10.916781463464604,0,True,shifted,0.955497286206522,0.9377130839814408
4552,136560,test,10.648810568884436,0,True,shifted,0.6654115392220847,0.6547688681591758
4553,136590,test,9.12014442156476,0,True,shifted,-0.9894109441293144,-0.9593140529918398
4554,136620,test,10.696887281845832,0,True,shifted,0.717455882372907,0.7055319477446899
4555,136650,test,10.818484060985961,0,True,shifted,0.8490876872486905,0.8339231499840957
4556,136680,test,10.890029394704802,0,True,shifted,0.9265374476325443,0.9094661987041263
4557,136710,test,10.475000940147487,0,True,shifted,0.47725791132813583,0.47124733615704084
4558,136740,test,11.935791864801589,0,True,shifted,2.058603628855672,2.0136623932254256
4559,136770,test,12.58845427595691,0,True,shifted,2.765128355599883,2.702793406540622
4560,136800,test,12.140779716578416,0,True,shifted,2.2805085271416554,2.230104283546964
4561,136830,test,11.15387180894186,0,True,shifted,1.2121540028933127,1.1880512484496082
4562,136860,test,10.94145284966203,0,True,shifted,0.9822047295855292,0.9637630250834976
4563,136890,test,10.368287285943772,0,True,shifted,0.36173749206162353,0.35857087831447
4564,136920,test,10.213569120854629,0,True,shifted,0.19425089034593432,0.19520757737392397
4565,136950,test,10.322959260527705,0,True,shifted,0.31266867758178973,0.31071007378114823
4566,136980,test,10.417737555212742,0,True,shifted,0.4152687470956631,0.41078426396006185
4567,137010,test,9.709432433394232,0,True,shifted,-0.35149072011265187,-0.3370985893991332
4568,137040,test,9.801811602709552,0,True,shifted,-0.2514877687525018,-0.23955757972647326
4569,137070,test,10.14953787367524,0,True,shifted,0.1249353320369646,0.12759847732715016
4570,137100,test,9.546276902884395,0,True,shifted,-0.5281109982840515,-0.5093707076435294
4571,137130,test,10.321726278026736,0,True,shifted,0.31133394064935976,0.3094081963238747
4572,137160,test,10.948644289432979,0,True,shifted,0.9899896577999077,0.9713562985612466
4573,137190,test,11.527622022270451,0,True,shifted,1.6167487257227413,1.5826853791052622
4574,137220,test,11.51539538120194,0,True,shifted,1.6035130558078177,1.5697755540487373
4575,137250,test,10.160905692841093,0,True,shifted,0.13724130399513934,0.13960149237298533
4576,137280,test,10.258149413041998,0,True,shifted,0.24251026336559864,0.24227886783569094
4577,137310,test,11.48033865457248,0,True,shifted,1.5655632002943352,1.5327599742746416
4578,137340,test,11.61913688349382,0,True,shifted,1.7158160401777292,1.6793137860279506
4579,137370,test,12.908982604786681,0,True,shifted,3.1121089478165533,3.041231791021325
4580,137400,test,12.302084776604342,0,True,shifted,2.455125620924546,2.4004225331789026
4581,137430,test,11.694061730144409,0,True,shifted,1.7969242147889395,1.7584251836085267
4582,137460,test,11.922139453218117,0,True,shifted,2.0438245237646693,1.9992471303454022
4583,137490,test,11.381282412839694,0,True,shifted,1.4583321373031652,1.4281687996125778
4584,137520,test,10.616544044742295,0,True,shifted,0.6304821534280459,0.6206993980959745
4585,137550,test,12.537822515866289,0,True,shifted,2.7103181047700846,2.6493325123006475
4586,137580,test,11.428444540297864,0,True,shifted,1.509386416890181,1.4779661897025287
4587,137610,test,12.356315805163947,0,True,shifted,2.5138321772992374,2.4576838110242902
4588,137640,test,10.531833039345333,0,True,shifted,0.5387801970761082,0.5312550238063318
4589,137670,test,9.927151186378753,0,True,shifted,-0.11580427666145733,-0.10721443750450567
4590,137700,test,12.04858739207811,0,True,shifted,2.1807078403513884,2.132760558955385
4591,137730,test,12.233957247441431,0,True,shifted,2.3813757264877276,2.328488264552048
4592,137760,test,11.525510821233226,0,True,shifted,1.6144632934526535,1.5804562111844074
4593,137790,test,11.165635142568444,0,True,shifted,1.224888129961258,1.200471877987171
4594,137820,test,11.250861656853232,0,True,shifted,1.3171481386383799,1.2904605660846393
4595,137850,test,10.275264319364076,0,True,shifted,0.26103761273608556,0.2603500981301556
4596,137880,test,11.514757885655259,0,True,shifted,1.6028229496224136,1.5691024373737779
4597,137910,test,11.958676063672199,0,True,shifted,2.0833763935767133,2.037825284924205
4598,137940,test,11.954396340541136,0,True,shifted,2.078743477441153,2.0333064251161193
4599,137970,test,12.309443763500804,0,True,shifted,2.46309192343756,2.408192715757603
4600,138000,test,11.317266878641359,0,True,shifted,1.3890335887215162,1.360576290535916
4601,138030,test,10.966765721940005,0,True,shifted,1.0096065990108725,0.9904902963721274
4602,138060,test,10.905864725605499,0,True,shifted,0.9436796219730489,0.9261863551636672
4603,138090,test,12.4143993400943,0,True,shifted,2.5767091761022836,2.519012860467522
4604,138120,test,11.55162164689787,0,True,shifted,1.642728969018559,1.6080260228377554
4605,138150,test,11.657259787264529,0,True,shifted,1.7570851154437879,1.7195668707115337
4606,138180,test,11.908381568337147,0,True,shifted,2.028931240974108,1.9847205006712434
4607,138210,test,11.494412270720737,0,True,shifted,1.5807982707281436,1.5476199772279138
4608,138240,test,10.918531431500176,0,True,shifted,0.9573916739742424,0.939560834403421
4609,138270,test,11.616672606996389,0,True,shifted,1.7131483941647043,1.6767118139659203
4610,138300,test,12.527164520108835,0,True,shifted,2.69878053586544,2.638078983231551
4611,138330,test,10.46704563804772,0,True,shifted,0.4686460814661162,0.46284751826721304
4612,138360,test,11.525542503554416,0,True,shifted,1.614497590422938,1.5804896638082024
4613,138390,test,12.476278655891162,0,True,shifted,2.6436952104398608,2.5843497863720755
4614,138420,test,12.537367476990227,0,True,shifted,2.709825512869475,2.6488520473674773
4615,138450,test,11.525695933110201,0,True,shifted,1.6146636820702018,1.5806516664966428
4616,138480,test,10.248310030728213,0,True,shifted,0.23185886567245845,0.23188969360349984
4617,138510,test,10.604802009197797,0,True,shifted,0.6177710821104696,0.608301256706403
4618,138540,test,11.351323890057689,0,True,shifted,1.4259012254558778,1.3965362943398385
4619,138570,test,11.382077117202009,0,True,shifted,1.4591924262869191,1.429007909408282
4620,138600,test,11.668032712721237,0,True,shifted,1.768747098858863,1.7309417513687613
4621,138630,test,11.909428952881223,0,True,shifted,2.0300650630943213,1.9858264095758367
4622,138660,test,12.477680822859352,0,True,shifted,2.6452130941376457,2.5858303017612103
4623,138690,test,12.22045016166841,0,True,shifted,2.3667539405203057,2.3142264478048253
4624,138720,test,12.381875060777775,0,True,shifted,2.541500763354897,2.48467123272912
4625,138750,test,12.098187705042,0,True,shifted,2.2344015217466535,2.1851323722379203
4626,138780,test,11.823015699075217,0,True,shifted,1.9365203767620836,1.8945846709045648
4627,138810,test,11.308683196582605,0,True,shifted,1.3797415205445163,1.3515129809075068
4628,138840,test,10.555416888766345,0,True,shifted,0.5643103524565318,0.5561566601984226
4629,138870,test,9.993920423743733,0,True,shifted,-0.04352476986297966,-0.03671435749811875
4630,138900,test,12.15985611469604,0,True,shifted,2.3011592444756905,2.250246607266713
4631,138930,test,10.59160305475077,0,True,shifted,0.6034828566441253,0.5943647886375895
4632,138960,test,11.40643056582987,0,True,shifted,1.485555693640743,1.4547221476481242
4633,138990,test,10.969463519829642,0,True,shifted,1.0125270382520608,0.9933388382241299
4634,139020,test,11.174979387446065,0,True,shifted,1.2350035279770646,1.2103382481520797
4635,139050,test,11.70756439152083,0,True,shifted,1.811541211227279,1.7726823287386002
4636,139080,test,11.993114449139012,0,True,shifted,2.1206568780439916,2.074187972690571
4637,139110,test,11.239588777775127,0,True,shifted,1.30494494189509,1.2785577960625045
4638,139140,test,10.470511912313976,0,True,shifted,0.47239841718658687,0.4665074763967223
4639,139170,test,10.318389662113933,0,True,shifted,0.30772196360617415,0.3058851414248451
4640,139200,test,10.637047346765804,0,True,shifted,0.6526775328645169,0.6423483563602591
4641,139230,test,10.617054296187442,0,True,shifted,0.631034514429219,0.6212381606927321
4642,139260,test,9.56914800808348,0,True,shifted,-0.5033524078168637,-0.4852216412470378
4643,139290,test,9.832515772872096,0,True,shifted,-0.21824967343213816,-0.2071377627805875
4644,139320,test,10.000812984915378,0,True,shifted,-0.03606338582257839,-0.02943666296053307
4645,139350,test,9.898532867704454,0,True,shifted,-0.14678438128468213,-0.13743185252690018
4646,139380,test,10.287041619942686,0,True,shifted,0.2737868594076643,0.2727854750465126
4647,139410,test,11.617777181349416,0,True,shifted,1.7143441258011558,1.6778781082555456
4648,139440,test,12.700439446089609,0,True,shifted,2.886355333552166,2.821035935068064
4649,139470,test,12.966983212693867,0,True,shifted,3.1748961758723,3.1024732797554817
4650,139500,test,13.446435026018325,0,True,shifted,3.693915741893338,3.6087152638268796
4651,139530,test,12.641029685655136,0,True,shifted,2.8220426597418213,2.7583065550558934
4652,139560,test,11.3862745797723,0,True,shifted,1.463736293138764,1.4334399122093884
4653,139590,test,11.89183046718306,0,True,shifted,2.0110142259593986,1.967244579100079
4654,139620,test,10.965805599193368,0,True,shifted,1.0085672401484436,0.9894765251636314
4655,139650,test,11.090453946952444,0,True,shifted,1.1435024506559779,1.121089807514642
4656,139680,test,11.510468158736854,0,True,shifted,1.5981792041162675,1.564573014800027
4657,139710,test,11.403298119288776,0,True,shifted,1.4821647354690135,1.4514146704254065
4658,139740,test,11.432655974341104,0,True,shifted,1.513945408239682,1.4824129446559675
4659,139770,test,10.868261237565129,0,True,shifted,0.9029728282949481,0.8864817094317731
4660,139800,test,10.625954064115621,0,True,shifted,0.6406687541158789,0.6306352180163791
4661,139830,test,9.531395168754482,0,True,shifted,-0.544220878307638,-0.5250839835202273
4662,139860,test,10.794639910160672,0,True,shifted,0.8232757485521388,0.8087466674120648
4663,139890,test,10.743312628732737,0,True,shifted,0.7677125770478963,0.7545513884185424
4664,139920,test,10.113795723181788,0,True,shifted,0.08624348663723529,0.08985917448601455
4665,139950,test,10.340038917273967,0,True,shifted,0.3311578683322981,0.3287440848708814
4666,139980,test,12.624695336756542,0,True,shifted,2.8043602849108655,2.7410594971344695
4667,140010,test,13.22519727799358,0,True,shifted,3.4544198910567734,3.3751154871674856
4668,140040,test,14.640429036503111,0,True,shifted,4.986446578009211,4.869425683599839
4669,140070,test,13.516204317308958,0,True,shifted,3.769442888273645,3.6823830307820615
4670,140100,test,13.965914930409571,0,True,shifted,4.256266799999226,4.157221975399743
4671,140130,test,12.937066011103738,0,True,shifted,3.142509995333726,3.0708844045652204
4672,140160,test,14.260422429015023,0,True,shifted,4.575079139150192,4.46818557231294
4673,140190,test,13.876831253140123,0,True,shifted,4.159831307983143,4.0631605988944415
4674,140220,test,13.749840997997516,0,True,shifted,4.022360919340743,3.9290745511738936
4675,140250,test,11.890618012794762,0,True,shifted,2.009701711264603,1.9659643767980537
4676,140280,test,10.308421773090991,0,True,shifted,0.2969314539218732,0.295360279956519
4677,140310,test,11.691674500123964,0,True,shifted,1.7943399736727945,1.7559045631240515
4678,140340,test,9.517753301272414,0,True,shifted,-0.5589885691234574,-0.539488113129573
4679,140370,test,10.402580010163696,0,True,shifted,0.39886029428629505,0.3947797657685242
4680,140400,test,11.012111935280233,0,True,shifted,1.0586951024109321,1.0383703051102458
4681,140430,test,11.272164638861904,0,True,shifted,1.34020919330502,1.3129538877887108
4682,140460,test,10.315648764875025,0,True,shifted,0.3047548681527595,0.302991091975455
4683,140490,test,10.230734059228444,0,True,shifted,0.21283240076672513,0.21333163534456934
4684,140520,test,11.39961697259364,0,True,shifted,1.47817979452798,1.447527833511219
4685,140550,test,11.339035761208589,0,True,shifted,1.4125989933540783,1.3835615457703017
4686,140580,test,11.456187219341382,0,True,shifted,1.5394186179107319,1.5072590372674672
4687,140610,test,11.04441373405224,0,True,shifted,1.0936626739466362,1.0724770208321648
4688,140640,test,10.901560400370757,0,True,shifted,0.9390200733943115,0.9216415185682749
4689,140670,test,10.41698045937913,0,True,shifted,0.41444917036224194,0.4099848641324086
4690,140700,test,10.907742837724962,0,True,shifted,0.945712729180265,0.9281694099342253
4691,140730,test,11.32110667949081,0,True,shifted,1.3931902770791447,1.3646306466702416
4692,140760,test,11.054332930846115,0,True,shifted,1.1044004729749413,1.08295046931181
4693,140790,test,11.421821858620747,0,True,shifted,1.502217184707871,1.4709734546269229
4694,140820,test,12.127239007711815,0,True,shifted,2.2658503432653023,2.2158069649596572
4695,140850,test,13.472154229357232,0,True,shifted,3.7217574756909597,3.635871570603037
4696,140880,test,12.389624679542926,0,True,shifted,2.5498899354396327,2.4928538743845228
4697,140910,test,12.020918098211421,0,True,shifted,2.150755080771191,2.1035451970865835
4698,140940,test,11.945075587213044,0,True,shifted,2.068653509663595,2.0234648591303
4699,140970,test,12.38459382937713,0,True,shifted,2.5444439039570033,2.4875419170642665
4700,141000,test,12.24653691783273,0,True,shifted,2.394993560200583,2.3417708450343238
4701,141030,test,10.456653699797164,0,True,shifted,0.4573965270144964,0.4518749131125234
4702,141060,test,10.476558077521734,0,True,shifted,0.4789435546853129,0.4728914811824704
4703,141090,test,9.00641235811036,0,True,shifted,-1.1125289813883228,-1.0794010854226177
4704,141120,test,9.564055926590985,0,True,shifted,-0.508864723868092,-0.49059825129662754
4705,141150,test,10.031010123391546,0,True,shifted,-0.00337416602736212,0.002447791056765966
4706,141180,test,9.519682390746961,0,True,shifted,-0.5569002775494765,-0.5374512325590844
4707,141210,test,9.771426611364497,0,True,shifted,-0.28438034436320553,-0.2716403832054199
4708,141240,test,11.635651536419227,0,True,shifted,1.7336935989982905,1.6967512227647907
4709,141270,test,12.474027445635919,0,True,shifted,2.6412582144014123,2.581972785984332
4710,141300,test,11.536659091561564,0,True,shifted,1.6265315978513346,1.5922274097347877
4711,141330,test,11.899032471931081,0,True,shifted,2.0188105910474357,1.9748490078906362
4712,141360,test,10.852673904964671,0,True,shifted,0.886099118827423,0.8700234085916503
4713,141390,test,10.74498992415912,0,True,shifted,0.7695282947490225,0.756322405527933
4714,141420,test,9.143460740475106,0,True,shifted,-0.9641703977683672,-0.9346948958244701
4715,141450,test,8.352827896139729,0,True,shifted,-1.820051853098747,-1.7695056706822407
4716,141480,test,8.866757975645527,0,True,shifted,-1.26370863065744,-1.2268588897284263
4717,141510,test,8.67551950020772,0,True,shifted,-1.4707294568798366,-1.4287831343467454
4718,141540,test,8.624683604294628,0,True,shifted,-1.5257606902631349,-1.4824595708391761
4719,141570,test,9.686726881816044,0,True,shifted,-0.3760700943039105,-0.36107285158968744
4720,141600,test,8.617497847760479,0,True,shifted,-1.5335394662198396,-1.4900468435197776
4721,141630,test,10.428852302787462,0,True,shifted,0.4273007622061377,0.4225200666169829
4722,141660,test,9.437363624561652,0,True,shifted,-0.6460125702001951,-0.6243696972761201
4723,141690,test,9.499738927672052,0,True,shifted,-0.5784896161700217,-0.5585090699385928
4724,141720,test,11.174455638297907,0,True,shifted,1.2344365553470187,1.209785233645615
4725,141750,test,11.663299706956087,0,True,shifted,1.7636234920021696,1.725944281002434
4726,141780,test,11.27231450439409,0,True,shifted,1.3403714268002647,1.3131121273077817
4727,141810,test,11.588091747287894,0,True,shifted,1.6822088398859256,1.6465339509916008
4728,141840,test,10.484960594212527,0,True,shifted,0.4880395064475997,0.48176350252544053
4729,141870,test,8.648824475515458,0,True,shifted,-1.4996275437065993,-1.4569697881239847
4730,141900,test,9.177563338346811,0,True,shifted,-0.9272534124620999,-0.8986867583458497
4731,141930,test,9.502401075183265,0,True,shifted,-0.5756077694284834,-0.5556981704894439
4732,141960,test,9.765568195572225,0,True,shifted,-0.29072223803755054,-0.2778261477635524
4733,141990,test,10.317545823271823,0,True,shifted,0.30680848521803983,0.3049941516782336
4734,142020,test,9.768489126750865,0,True,shifted,-0.28756025097110705,-0.2747420046773945
4735,142050,test,11.408591994208432,0,True,shifted,1.4878954983674124,1.4570043494468918
4736,142080,test,11.19162749580827,0,True,shifted,1.2530255559204133,1.227916597371117
4737,142110,test,11.322669524709912,0,True,shifted,1.3948820993328803,1.3662808184758888
4738,142140,test,10.908412142615362,0,True,shifted,0.9464372698412798,0.928876113353105
4739,142170,test,10.435147760790782,0,True,shifted,0.43411576590407097,0.4291672938495604
4740,142200,test,10.381684269532292,0,True,shifted,0.37624008943400794,0.37271644073376214
4741,142230,test,10.188053055297692,0,True,shifted,0.16662905869595399,0.16826575904254076
4742,142260,test,9.954660654096829,0,True,shifted,-0.0860245332134055,-0.07816783233727798
4743,142290,test,10.04809996709293,0,True,shifted,0.015126052377813674,0.020492558314751674
4744,142320,test,10.050809888880412,0,True,shifted,0.018059616066596066,0.023353901507637796
4745,142350,test,11.45078375549879,0,True,shifted,1.5335692220368347,1.5015536458589656
4746,142380,test,11.41835812341224,0,True,shifted,1.4984675975861412,1.4673161774292536
4747,142410,test,10.903394781299752,0,True,shifted,0.9410058404041033,0.9235783985950671
4748,142440,test,11.646280667667892,0,True,shifted,1.7451999212908489,1.7079742744724669
4749,142470,test,12.580592201018005,0,True,shifted,2.7566174466630273,2.6944920250349575
4750,142500,test,19.115266202965522,1,True,shifted,9.830578938356373,9.59430184965021
4751,142530,test,17.056347211911977,1,True,shifted,7.601743398452133,7.420337321607289
4752,142560,test,16.74114174830926,1,True,shifted,7.260524951926349,7.08751922633731
4753,142590,test,16.15739624509783,1,True,shifted,6.628604643516756,6.471155968287584
4754,142620,test,14.791921420218378,1,True,shifted,5.15044118407024,5.029382957245235
4755,142650,test,15.116794168136122,1,True,shifted,5.502124727547056,5.372408512485568
4756,142680,test,15.486052400686802,1,True,shifted,5.901856759592689,5.762299665435802
4757,142710,test,15.24683626643739,1,True,shifted,5.642898819017877,5.509716930197798
4758,142740,test,16.101394748256695,1,True,shifted,6.567981507303181,6.412025294288781
4759,142770,test,17.24511282689489,1,True,shifted,7.806087286295195,7.619650530563157
4760,142800,test,16.628102266006522,1,True,shifted,7.138156652511228,6.9681634741866425
4761,142830,test,16.670433417647345,1,True,shifted,7.1839812700081325,7.012859949617794
4762,142860,test,16.57025262460165,1,True,shifted,7.07553284978069,6.907081387460228
4763,142890,test,15.9453893031022,1,True,shifted,6.399101390071858,6.247302784359492
4764,142920,test,15.593655683540776,1,True,shifted,6.018340225954124,5.875915461415133
4765,142950,test,16.806943585750012,1,True,shifted,7.331757222120672,7.156997851333159
4766,142980,test,15.72948185076951,1,True,shifted,6.165375728605674,6.019331142565462
4767,143010,test,17.27035070182918,1,True,shifted,7.8334079690659255,7.646298613906279
4768,143040,test,17.6801228122931,1,True,shifted,8.276997370607269,8.078967425355733
4769,143070,test,17.47870735558154,1,True,shifted,8.058959686679232,7.866297543639583
4770,143100,test,17.308831772599646,1,True,shifted,7.875064769804306,7.686929878768864
4771,143130,test,16.746187355495056,1,True,shifted,7.265986958282579,7.092846765250702
4772,143160,test,16.58549129352175,1,True,shifted,7.092029121376383,6.923171542454589
4773,143190,test,16.888311809807966,1,True,shifted,7.419840527188668,7.242912660794081
4774,143220,test,17.168112997052695,1,True,shifted,7.722732886212148,7.538348206639953
4775,143250,test,11.479518104150134,0,True,shifted,1.5646749322509819,1.531893574227141
4776,143280,test,11.262430651797697,0,True,shifted,1.329671888822452,1.3026759979416767
4777,143310,test,11.181995229212434,0,True,shifted,1.2425983665982905,1.217746111793497
4778,143340,test,11.340678431474187,0,True,shifted,1.4143772283814,1.385296002980225
4779,143370,test,10.891966791789347,0,True,shifted,0.9286347324192228,0.9115118510861944
4780,143400,test,10.154051678423462,0,True,shifted,0.12982164785936606,0.1323644984536672
4781,143430,test,9.93247161119423,0,True,shifted,-0.11004477278216279,-0.10159672506743198
4782,143460,test,12.208880049285055,0,True,shifted,2.3542289806783883,2.302009836070134
4783,143490,test,11.500475451390392,0,True,shifted,1.5873618279249575,1.5540219482429072
4784,143520,test,12.544033383896709,0,True,shifted,2.7170415375326202,2.655890422954325
4785,143550,test,12.397110075323532,0,True,shifted,2.557993078991447,2.5007575291548703
4786,143580,test,12.155042516306587,0,True,shifted,2.2959483939216576,2.2451640410286102
4787,143610,test,11.448782292169474,0,True,shifted,1.5314025838060066,1.4994403474237097
4788,143640,test,10.336350920575097,0,True,shifted,0.3271655120768023,0.32485001519756174
4789,143670,test,10.807376318550403,0,True,shifted,0.8370632553909784,0.8221947438901859
4790,143700,test,12.08581320578005,0,True,shifted,2.2210057913350183,2.17206642716448
4791,143730,test,11.428335965746886,0,True,shifted,1.509268881999784,1.4778515483671966
4792,143760,test,12.132896105719341,0,True,shifted,2.2719743049882672,2.221780162765625
4793,143790,test,11.607565249410694,0,True,shifted,1.7032894330546193,1.6670955675659727
4794,143820,test,11.740200321564204,0,True,shifted,1.84687048890871,1.8071418458746689
4795,143850,test,10.993631804281023,0,True,shifted,1.0386898603727066,1.0188575659299095
4796,143880,test,11.643397242315402,0,True,shifted,1.7420785352964432,1.704929732913129
4797,143910,test,12.259894317769557,0,True,shifted,2.409453307198537,2.355874611999282
4798,143940,test,10.86725379163829,0,True,shifted,0.9018822408089783,0.8854179707813531
4799,143970,test,12.420007273117093,0,True,shifted,2.5827799153984454,2.5249341461131283
4800,144000,test,12.488166659557521,0,True,shifted,2.6565642962005076,2.596902052096082
4801,144030,test,12.932294012454815,0,True,shifted,3.1373441776248647,3.0658457625226214
4802,144060,test,11.923791754015499,0,True,shifted,2.0456131841033316,2.0009917562091553
4803,144090,test,10.559769474009276,0,True,shifted,0.5690221438004652,0.5607524534105548
4804,144120,test,11.92385185338872,0,True,shifted,2.0456782433016514,2.001055213735221
4805,144150,test,12.233743937930797,0,True,shifted,2.3811448131684725,2.328263036016283
4806,144180,test,10.916556990861462,0,True,shifted,0.9552542885374582,0.9374760685967326
4807,144210,test,10.297480884724727,0,True,shifted,0.28508764611068016,0.2838080511816684
4808,144240,test,10.908012572333524,0,True,shifted,0.946004724195376,0.9284542164144933
4809,144270,test,11.770441958418232,0,True,shifted,1.879607879402468,1.8390732846910012
4810,144300,test,12.265319892583515,0,True,shifted,2.41532663879745,2.3616033498665985
4811,144330,test,13.000597751091838,0,True,shifted,3.2112848235871563,3.137966086622222
4812,144360,test,13.161082556545509,0,True,shifted,3.385013969592423,3.3074182485878674
4813,144390,test,11.537834604005356,0,True,shifted,1.6278041218912354,1.5934686058994652
4814,144420,test,10.652168090417074,0,True,shifted,0.6690461471646292,0.6583139968144619
4815,144450,test,10.678414479108314,0,True,shifted,0.6974585733763287,0.6860269463049055
4816,144480,test,10.970164588186945,0,True,shifted,1.013285963725792,0.9940790799466712
4817,144510,test,11.308597777502012,0,True,shifted,1.3796490520775981,1.3514227888931374
4818,144540,test,11.176064791349903,0,True,shifted,1.2361785070833515,1.2114843008116531
4819,144570,test,11.113299074717368,0,True,shifted,1.168232919847513,1.1452114449444568
4820,144600,test,12.240274826112618,0,True,shifted,2.388214676407402,2.33515884848175
4821,144630,test,11.669204301360901,0,True,shifted,1.7700153752745833,1.7321788044802027
4822,144660,test,12.895035398698102,0,True,shifted,3.0970107196940924,3.026505261500919
4823,144690,test,13.374517846390335,0,True,shifted,3.616063448247477,3.5327795916865496
4824,144720,test,11.971734695921999,0,True,shifted,2.0975127164662313,2.051613590058685
4825,144750,test,12.090974211756091,0,True,shifted,2.2265927200053737,2.177515812968235
4826,144780,test,11.2576602229974,0,True,shifted,1.324507770517222,1.2976390134656175
4827,144810,test,12.379170384402427,0,True,shifted,2.5385728779667347,2.4818154280445297
4828,144840,test,12.41480444651021,0,True,shifted,2.577147714763176,2.5194406028809424
4829,144870,test,11.530327923577534,0,True,shifted,1.6196779371326637,1.5855424771666935
4830,144900,test,12.536855495952535,0,True,shifted,2.709271279537555,2.648311458534304
4831,144930,test,11.886699335593303,0,True,shifted,2.0054596371208517,1.9618267369638291
4832,144960,test,12.49291124730151,0,True,shifted,2.6617004408628024,2.601911751603658
4833,144990,test,12.338712864222902,0,True,shifted,2.4947765172432974,2.439097276361514
4834,145020,test,12.667982575250221,0,True,shifted,2.8512198923059358,2.786765482368031
4835,145050,test,12.193003718529656,0,True,shifted,2.337042422885359,2.28524638882054
4836,145080,test,11.753366168386377,0,True,shifted,1.8611228744749713,1.8210433563747994
4837,145110,test,11.74606484861177,0,True,shifted,1.8532189981823337,1.8133340631646904
4838,145140,test,11.002552756777026,0,True,shifted,1.0483470329274733,1.028276991544486
4839,145170,test,12.633958099983253,0,True,shifted,2.8143874768339674,2.750839832725151
4840,145200,test,12.20972730645632,0,True,shifted,2.355146159500363,2.3029044351507513
4841,145230,test,11.01955669426544,0,True,shifted,1.0667542555317449,1.0462310524363883
4842,145260,test,10.58390945062833,0,True,shifted,0.595154321926363,0.5862412915366023
4843,145290,test,10.926481772895858,0,True,shifted,0.9659981337398118,0.9479554144015399
4844,145320,test,10.712805858224144,0,True,shifted,0.7346881721962699,0.7223400011619264
4845,145350,test,11.264258446703428,0,True,shifted,1.3316505262837852,1.304605923940156
4846,145380,test,12.351903424513623,0,True,shifted,2.5090556558082215,2.453024881236519
4847,145410,test,11.552259312926449,0,True,shifted,1.6434192597552333,1.608699319520574
4848,145440,test,12.563131692808167,0,True,shifted,2.737715973894075,2.676055881770104
4849,145470,test,11.022451803996502,0,True,shifted,1.069888290182235,1.0492879312584638
4850,145500,test,11.45962824296705,0,True,shifted,1.5431436191292658,1.5108923338346771
4851,145530,test,10.289099371516189,0,True,shifted,0.2760144311864694,0.2749582069255995
4852,145560,test,10.104271286872425,0,True,shifted,0.07593302651903536,0.07980254439219844
4853,145590,test,9.785112900649494,0,True,shifted,-0.2695645657432783,-0.2571893496507224
4854,145620,test,10.376240303202476,0,True,shifted,0.370346848521345,0.36696828369392465
4855,145650,test,10.577171882129113,0,True,shifted,0.5878607216493023,0.579127250145852
4856,145680,test,10.014109157059517,0,True,shifted,-0.021669919567561525,-0.015397544993429128
4857,145710,test,10.090571075048059,0,True,shifted,0.06110217637337786,0.06533681035299481
4858,145740,test,10.535571049177234,0,True,shifted,0.542826693901896,0.5352019011800113
4859,145770,test,10.889007274457429,0,True,shifted,0.9254309747973812,0.9083869657810049
4860,145800,test,11.78838479814394,0,True,shifted,1.8990314890933955,1.8580187105506594
4861,145830,test,11.720379400938326,0,True,shifted,1.825413805806295,1.7862133982081747
4862,145860,test,11.026286964405562,0,True,shifted,1.07403995513753,1.053337387660042
4863,145890,test,11.284848202821635,0,True,shifted,1.353939494617959,1.3263461670660563
4864,145920,test,11.603059117394869,0,True,shifted,1.6984114231727288,1.6623376478985896
4865,145950,test,11.480896830766541,0,True,shifted,1.5661674411334645,1.5333493394956925
4866,145980,test,11.41293130862088,0,True,shifted,1.4925929236781255,1.461586130298726
4867,146010,test,11.34790736688731,0,True,shifted,1.4222027466433862,1.392928867231771
4868,146040,test,12.196892944543807,0,True,shifted,2.3412526153216446,2.2893529318331813
4869,146070,test,12.899082011498406,0,True,shifted,3.1013912875866314,3.0307779855492227
4870,146100,test,12.71179802227929,0,True,shifted,2.898651299738439,2.833029190670997
4871,146130,test,13.206247786552883,0,True,shifted,3.4339065536357003,3.3551071612471692
4872,146160,test,10.903264742464856,0,True,shifted,0.9408650698453563,0.9234410936231078
4873,146190,test,11.207340563217858,0,True,shifted,1.2700353767222907,1.2445076586628068
4874,146220,test,10.574127538541383,0,True,shifted,0.5845651373094153,0.575912798776149
4875,146250,test,11.070462292363477,0,True,shifted,1.1218609434169877,1.099981085839749
4876,146280,test,11.815460143670808,0,True,shifted,1.9283412835183789,1.886606936224269
4877,146310,test,11.479098719531411,0,True,shifted,1.564220937049052,1.5314507557924801
4878,146340,test,10.6287385092894,0,True,shifted,0.6436829913875733,0.6335752487142251
4879,146370,test,11.774613224732764,0,True,shifted,1.884123388098358,1.8434776274768114
4880,146400,test,12.028843356760584,0,True,shifted,2.1593343876764446,2.111913292692245
4881,146430,test,9.98198847835637,0,True,shifted,-0.05644142372605385,-0.04931302026017175
4882,146460,test,10.432939389088125,0,True,shifted,0.43172514375837723,0.42683552569006883
4883,146490,test,10.699370022545931,0,True,shifted,0.7201435163851205,0.7081534157275473
4884,146520,test,11.50929228614391,0,True,shifted,1.5969062902051616,1.5633314383622627
4885,146550,test,11.935564075685951,0,True,shifted,2.0583570409720586,2.0134218760125475
4886,146580,test,11.962922456621504,0,True,shifted,2.087973228888319,2.042308952170966
4887,146610,test,12.225395603689742,0,True,shifted,2.3721075153746725,2.319448224657915
4888,146640,test,13.287611101473658,0,True,shifted,3.521984544429816,3.441016787264675
4889,146670,test,13.250109900261432,0,True,shifted,3.481388479011944,3.4014201438082643
4890,146700,test,12.429582345012026,0,True,shifted,2.5931451899086597,2.535044241140419
4891,146730,test,10.688960511999747,0,True,shifted,0.7088749394478262,0.6971622563958665
4892,146760,test,9.909743096029088,0,True,shifted,-0.13464900567789329,-0.12559523397371175
4893,146790,test,10.313107941484594,0,True,shifted,0.30200435805604353,0.300308295834946
4894,146820,test,11.756992240342637,0,True,shifted,1.8650481955203744,1.8248720411571022
4895,146850,test,10.787680370116965,0,True,shifted,0.815741858069704,0.801398251446086
4896,146880,test,11.379888416786137,0,True,shifted,1.456823098841646,1.4266969117015764
4897,146910,test,11.887244327242135,0,True,shifted,2.0060496053328825,1.9624021809311678
4898,146940,test,11.376369366211733,0,True,shifted,1.4530136313390227,1.422981228299565
4899,146970,test,11.366890393771136,0,True,shifted,1.4427523870894057,1.412972602444106
4900,147000,test,9.87377681061313,0,False,shifted,,
4901,147030,test,11.403538537373345,0,False,shifted,,
4902,147060,test,10.183091803283334,0,False,shifted,,
4903,147090,test,10.266479314685597,0,False,shifted,,
4904,147120,test,10.86801217616513,0,False,shifted,,
4905,147150,test,11.065499565356314,0,False,shifted,,
4906,147180,test,11.598402039873003,0,False,shifted,,
4907,147210,test,10.404283378269284,0,False,shifted,,
4908,147240,test,9.358179240585647,0,False,shifted,,
4909,147270,test,9.546533899964968,0,False,shifted,,
4910,147300,test,11.596013182575927,0,False,shifted,,
4911,147330,test,11.83114814331335,0,False,shifted,,
4912,147360,test,11.088404264303675,0,False,shifted,,
4913,147390,test,10.25896735028561,0,False,shifted,,
4914,147420,test,11.061935417079102,0,False,shifted,,
4915,147450,test,11.789943728777082,0,False,shifted,,
4916,147480,test,10.918525521034313,0,False,shifted,,
4917,147510,test,12.109432277849162,0,False,shifted,,
4918,147540,test,10.817272610332317,0,False,shifted,,
4919,147570,test,11.368530492128917,0,False,shifted,,
4920,147600,test,10.84607539258111,0,False,shifted,,
4921,147630,test,11.120704575564647,0,False,shifted,,
4922,147660,test,9.09761427285568,0,False,shifted,,
4923,147690,test,8.93708953153296,0,False,shifted,,
4924,147720,test,9.219835116183585,0,False,shifted,,
4925,147750,test,10.232288201264433,0,False,shifted,,
4926,147780,test,10.052879729553373,0,False,shifted,,
4927,147810,test,10.644517449868964,0,False,shifted,,
4928,147840,test,11.71276724655603,0,False,shifted,,
4929,147870,test,10.76801568605556,0,False,shifted,,
4930,147900,test,11.018363906097692,0,False,shifted,,
4931,147930,test,11.406921580557817,0,False,shifted,,
4932,147960,test,11.156222238632573,0,False,shifted,,
4933,147990,test,10.343929823814491,0,False,shifted,,
4934,148020,test,10.655907614839109,0,False,shifted,,
4935,148050,test,10.63193607104883,0,False,shifted,,
4936,148080,test,10.435601616932681,0,False,shifted,,
4937,148110,test,11.485947356678256,0,False,shifted,,
4938,148140,test,11.84184611177367,0,False,shifted,,
4939,148170,test,10.625857310371133,0,False,shifted,,
4940,148200,test,10.797871970977038,0,True,shifted,0.8267745418732698,0.8121593250240389
4941,148230,test,12.456031822595302,0,True,shifted,2.6217774653433237,2.562971627453896
4942,148260,test,12.563132516434333,0,True,shifted,2.737716865491694,2.676056751417758
4943,148290,test,11.977034108043622,0,True,shifted,2.103249473535643,2.057209115682544
4944,148320,test,12.668513862325744,0,True,shifted,2.8517950249463953,2.78732645599614
4945,148350,test,9.964662373951036,0,True,shifted,-0.07519740073850605,-0.06760724968349266
4946,148380,test,10.80338759657641,0,True,shifted,0.8327453558849449,0.8179831454147891
4947,148410,test,11.557291093741135,0,True,shifted,1.648866298690477,1.6140122594912807
4948,148440,test,12.081755592137277,0,True,shifted,2.216613314732728,2.1677820875832614
4949,148470,test,11.857628226557562,0,True,shifted,1.973989374674958,1.9311312311623947
4950,148500,test,12.02710907718244,0,True,shifted,2.157456983088554,2.1100821073464506
4951,148530,test,12.08761278462087,0,True,shifted,2.2229538841423144,2.1739665604782994
4952,148560,test,12.179805437432448,0,True,shifted,2.3227549263384195,2.2713106317260907
4953,148590,test,11.906909990977683,0,True,shifted,2.027338218648925,1.983166696469307
4954,148620,test,13.095330310864416,0,True,shifted,3.313835383820311,3.2379919863740656
4955,148650,test,13.930052398753862,0,True,shifted,4.2174446387328,4.119355564897873
4956,148680,test,13.75703921565122,0,True,shifted,4.030153184796671,3.936674981259915
4957,148710,test,12.80998498157735,0,True,shifted,3.004941340963745,2.9367025102906053
4958,148740,test,13.33290266668315,0,True,shifted,3.5710138897491057,3.4888390943164915
4959,148770,test,12.134062420869817,0,True,shifted,2.273236872709195,2.2230116477228625
4960,148800,test,11.869282556029045,0,True,shifted,1.9866055017944146,1.9434367657556546
4961,148830,test,10.420333655870976,0,True,shifted,0.41807909633105506,0.4135254260780246
4962,148860,test,10.876075161330018,0,True,shifted,0.911431612282547,0.8947322492361625
4963,148890,test,10.314718881912286,0,True,shifted,0.3037482446749495,0.3020092502492825
4964,148920,test,11.696693992678771,0,True,shifted,1.799773710234092,1.7612045282078361
4965,148950,test,12.446295023346499,0,True,shifted,2.6112371165948094,2.552690768286756
4966,148980,test,12.609021101834433,0,True,shifted,2.7873925013278265,2.724509438160347
4967,149010,test,12.151070036499359,0,True,shifted,2.2916480770008008,2.240969592278171
4968,149040,test,11.027218120668344,0,True,shifted,1.0750479569971032,1.054320573834024
4969,149070,test,11.688455537879062,0,True,shifted,1.7908553599098322,1.7525057359880953
4970,149100,test,11.823130739436195,0,True,shifted,1.9366449110668253,1.894706139337828
4971,149130,test,11.285904807050551,0,True,shifted,1.3550832972965754,1.3274618108207763
4972,149160,test,10.399326946102166,0,True,shifted,0.3953387643837447,0.39134493131998704
4973,149190,test,9.582134771811075,0,True,shifted,-0.48929388454801437,-0.4715092204084605
4974,149220,test,10.417007662463153,0,True,shifted,0.4144786184370454,0.41001358723417886
4975,149250,test,9.740025699283787,0,True,shifted,-0.3183726816698233,-0.30479587368769745
4976,149280,test,9.6962025033889,0,True,shifted,-0.365812477459327,-0.35106776383730076
4977,149310,test,11.078071508364781,0,True,shifted,1.1300981257093503,1.1080154794924042
4978,149340,test,11.981169885021682,0,True,shifted,2.107726564064155,2.0615759861059395
4979,149370,test,11.517267414937754,0,True,shifted,1.6055395830002004,1.5717521907958092
4980,149400,test,10.677695477084365,0,True,shifted,0.6966802342230136,0.6852677688421454
4981,149430,test,11.676202663332818,0,True,shifted,1.7775912915451602,1.7395682116144613
4982,149460,test,12.363701134999358,0,True,shifted,2.521826996756732,2.465481808497647
4983,149490,test,13.31967006774178,0,True,shifted,3.5566892432069253,3.4748671018110286
4984,149520,test,11.739468843411267,0,True,shifted,1.8460786440080532,1.806369495158378
4985,149550,test,11.812797217472504,0,True,shifted,1.9254585938269857,1.8837952145775867
4986,149580,test,11.065767761718348,0,True,shifted,1.116778986919186,1.0950242404550272
4987,149610,test,11.007096268755271,0,True,shifted,1.0532655076305069,1.033074379842113
4988,149640,test,10.824024250681957,0,True,shifted,0.8550850925598766,0.8397729070313898
4989,149670,test,10.552400480188787,0,True,shifted,0.5610450085213178,0.5529717047542357
4990,149700,test,10.97277592833068,0,True,shifted,1.0161128101167507,0.9968363330818372
4991,149730,test,11.555002338673157,0,True,shifted,1.6463886593759574,1.6115956164116925
4992,149760,test,12.095185361647145,0,True,shifted,2.231151403752442,2.1819622678920094
4993,149790,test,10.86802927764897,0,True,shifted,0.9027217254068726,0.8862367883679296
4994,149820,test,10.76183267733706,0,True,shifted,0.7877610309741708,0.7741062756668391
4995,149850,test,8.835738361294473,0,True,shifted,-1.2972882028505042,-1.2596117768336428
4996,149880,test,10.7653364703538,0,True,shifted,0.7915539817576223,0.7778058489696724
4997,149910,test,10.797082919719847,0,True,shifted,0.8259203725288341,0.8113261842101478
4998,149940,test,10.402367874053029,0,True,shifted,0.39863065120426694,0.3945557761984094
4999,149970,test,10.360569489012551,0,True,shifted,0.35338276797349066,0.3504218365911103
5000,150000,test,9.575177205565117,0,True,shifted,-0.49682563834095755,-0.4788555522874446
5001,150030,test,9.192523045760236,0,True,shifted,-0.911059124248483,-0.8828911522982096
5002,150060,test,9.152814332406225,0,True,shifted,-0.9540448813141379,-0.9248186563238404
5003,150090,test,9.986743000430524,0,True,shifted,-0.05129452488244815,-0.04429283132514398
5004,150120,test,10.567000402158293,0,True,shifted,0.5768498192529978,0.5683874217454412
5005,150150,test,10.437338404157124,0,True,shifted,0.4364871966458217,0.43148034307233896
5006,150180,test,11.137647303628123,0,True,shifted,1.1945905367162786,1.1709201718067823
5007,150210,test,11.841010745780789,0,True,shifted,1.9560005019218851,1.9135852208962723
5008,150240,test,11.496622744442416,0,True,shifted,1.5831911683663265,1.5499539648602496
5009,150270,test,12.771764020105692,0,True,shifted,2.963566115582124,2.896345888768279
5010,150300,test,11.585130636486202,0,True,shifted,1.6790033572899208,1.6434073831788527
5011,150330,test,11.687444662938304,0,True,shifted,1.7897610604234764,1.7514383767218773
5012,150360,test,11.181129037153216,0,True,shifted,1.2416606902475655,1.2168315198064417
5013,150390,test,11.433709979433152,0,True,shifted,1.515086397282283,1.4835258440427062
5014,150420,test,11.815261505780981,0,True,shifted,1.9281262526257879,1.8863971991106252
5015,150450,test,12.826179938052475,0,True,shifted,3.0224728197231356,2.953802387004116
5016,150480,test,11.570862480445914,0,True,shifted,1.6635576921570638,1.6283419700922044
5017,150510,test,11.761844556343267,0,True,shifted,1.8703009589365376,1.829995488417563
5018,150540,test,12.035013783986019,0,True,shifted,2.166014042172906,2.118428502843423
5019,150570,test,11.702517863399152,0,True,shifted,1.8060782079330278,1.767353817430496
5020,150600,test,12.331389056961529,0,True,shifted,2.4868482976375295,2.431364239138761
5021,150630,test,13.174000613548358,0,True,shifted,3.3989981159719402,3.321058123598715
5022,150660,test,14.446715564155937,0,True,shifted,4.776746500637683,4.664888147486633
5023,150690,test,13.473964665986692,0,True,shifted,3.7237173223483655,3.637783168402571
5024,150720,test,13.291225943012577,0,True,shifted,3.525897708244456,3.4448336141113134
5025,150750,test,13.805614651392077,0,True,shifted,4.082737408855994,3.987964650593051
5026,150780,test,12.33702562821594,0,True,shifted,2.4929500385946164,2.437315763225004
5027,150810,test,11.992017879694131,0,True,shifted,2.11946981193729,2.0730301305967025
5028,150840,test,11.677530778698987,0,True,shifted,1.779029012379284,1.740970537644648
5029,150870,test,11.29431430670828,0,True,shifted,1.3641868083095887,1.336341205315621
5030,150900,test,12.459223346121192,0,True,shifted,2.6252323759502265,2.566341482686593
5031,150930,test,12.659745561213414,0,True,shifted,2.8423031016465177,2.778068211416226
5032,150960,test,12.581413686069636,0,True,shifted,2.7575067264678816,2.6953594119357165
5033,150990,test,12.040927114651728,0,True,shifted,2.1724153826842176,2.124672250735254
5034,151020,test,11.076259005468735,0,True,shifted,1.1281360422624347,1.106101699970189
5035,151050,test,10.966348706985437,0,True,shifted,1.0091551690345348,0.9900499800105642
5036,151080,test,10.911930166000493,0,True,shifted,0.9502456253837112,0.932590712169928
5037,151110,test,10.424531072971394,0,True,shifted,0.4226229139605315,0.4179573808685527
5038,151140,test,10.422659808478858,0,True,shifted,0.4205972194948203,0.4159815563475124
5039,151170,test,10.047921505988185,0,True,shifted,0.014932863401231438,0.020304125397751106
5040,151200,test,10.831055346013661,0,True,shifted,0.8626964435784709,0.8471968765565788
5041,151230,test,12.185692027919433,0,True,shifted,2.329127319882443,2.2775261452870557
5042,151260,test,11.14247135318413,0,True,shifted,1.1998127009410036,1.1760137731878222
5043,151290,test,11.869216916976702,0,True,shifted,1.9865344457434952,1.9433674590116459
5044,151320,test,12.775073557490764,0,True,shifted,2.9671487793860627,2.89984035208162
5045,151350,test,11.173165843317255,0,True,shifted,1.2330403173674973,1.2084233692164807
5046,151380,test,10.646434725638345,0,True,shifted,0.6628396245974019,0.6522602707040869
5047,151410,test,11.196631518292698,0,True,shifted,1.258442545711773,1.2332002279685061
5048,151440,test,11.942421026153479,0,True,shifted,2.0657798754613204,2.0206619700384545
5049,151470,test,10.24816099788124,0,True,shifted,0.2316975335814966,0.231732333297319
5050,151500,test,11.41691453272829,0,True,shifted,1.4969048715947628,1.465791923705063
5051,151530,test,11.644520393521605,0,True,shifted,1.7432943768793072,1.7061156420686243
5052,151560,test,13.101924842900026,0,True,shifted,3.3209741432537183,3.244954998899936
5053,151590,test,12.718659376586281,0,True,shifted,2.9060789015031263,2.840273934608252
5054,151620,test,13.06502618818616,0,True,shifted,3.2810303507304206,3.205994570233725
5055,151650,test,12.058273379119637,0,True,shifted,2.1911931835101113,2.142987766698312
5056,151680,test,13.126741503474644,0,True,shifted,3.3478388500784133,3.2711583318276176
5057,151710,test,11.77273191011213,0,True,shifted,1.8820868140969371,1.8414911912599814
5058,151740,test,12.085313477909873,0,True,shifted,2.2204648223886085,2.1715387761650176
5059,151770,test,11.699130069248664,0,True,shifted,1.8024108290622238,1.7637767246242837
5060,151800,test,10.60304498441738,0,True,shifted,0.6158690552254378,0.6064460552321745
5061,151830,test,10.768532967526284,0,True,shifted,0.7950142764715922,0.7811809557597715
5062,151860,test,10.505474948273736,0,True,shifted,0.5102468500140435,0.5034241303784875
5063,151890,test,11.015147741256069,0,True,shifted,1.0619814445548426,1.0415757418147327
5064,151920,test,10.88808353521471,0,True,shifted,0.9244310020627947,0.9074116110654683
5065,151950,test,10.839884500157217,0,True,shifted,0.8722542419318579,0.8565193744324621
5066,151980,test,10.997767047256401,0,True,shifted,1.0431663728288603,1.0232238725123315
5067,152010,test,9.798811545862307,0,True,shifted,-0.2547354114970334,-0.24272526976010889
5068,152040,test,9.52332045552211,0,True,shifted,-0.5529619739529968,-0.5336098848391093
5069,152070,test,9.886131936301272,0,True,shifted,-0.1602087252046839,-0.1505257066816066
5070,152100,test,10.218206806217596,0,True,shifted,0.19927131028707315,0.20010440115141273
5071,152130,test,8.527551081030017,0,True,shifted,-1.6309092759401074,-1.5850195360510737
5072,152160,test,10.350659031388783,0,True,shifted,0.34265442933338425,0.3399576155972968
5073,152190,test,9.975158640466455,0,True,shifted,-0.06383490811615057,-0.056524486747914444
5074,152220,test,9.965717141167008,0,True,shifted,-0.07405558667612654,-0.06649354558788213
5075,152250,test,10.571354798973626,0,True,shifted,0.5815635716730945,0.57298512775461
5076,152280,test,10.890450107886442,0,True,shifted,0.9269928810397935,0.9099104199373752
5077,152310,test,10.508300616945439,0,True,shifted,0.5133057128381033,0.5064076880060464
5078,152340,test,12.283611656883144,0,True,shifted,2.4351279687845535,2.3809171970434457
5079,152370,test,12.042454556264948,0,True,shifted,2.1740688795762595,2.1262850406994174
5080,152400,test,11.613724081451203,0,True,shifted,1.709956535449533,1.6735985346319031
5081,152430,test,11.892910862223093,0,True,shifted,2.012183782835033,1.9683853430172173
5082,152460,test,12.488949703540078,0,True,shifted,2.6574119625075423,2.597728849968836
5083,152490,test,11.897649943688927,0,True,shifted,2.0173139668021776,1.9733892285741506
5084,152520,test,11.242503260264867,0,True,shifted,1.308099948081242,1.2816351301285005
5085,152550,test,10.807726124760558,0,True,shifted,0.8374419300822409,0.8225640961065039
5086,152580,test,9.414031117755798,0,True,shifted,-0.6712706403962132,-0.6490059468646926
5087,152610,test,9.805903201375783,0,True,shifted,-0.24705850244239203,-0.23523735615185817
5088,152640,test,10.74861222023322,0,True,shifted,0.7734495282997798,0.7601471034443545
5089,152670,test,11.945787787224909,0,True,shifted,2.0694244854547077,2.0242168545071912
5090,152700,test,11.01600737546043,0,True,shifted,1.062912021850173,1.0424834095158397
5091,152730,test,11.051193773573717,0,True,shifted,1.101002250254925,1.0796359063844698
5092,152760,test,11.04041093991858,0,True,shifted,1.0893295409468495,1.0682505638916795
5093,152790,test,11.596423528993293,0,True,shifted,1.6912282191118249,1.6553312849137414
5094,152820,test,11.487311560608994,0,True,shifted,1.573111559825782,1.540122503080596
5095,152850,test,10.402524472154289,0,True,shifted,0.3988001728877745,0.3947211244800935
5096,152880,test,9.878158242219321,0,True,shifted,-0.16884046488526364,-0.1589449442363376
5097,152910,test,10.295216758741544,0,True,shifted,0.2826366684471261,0.28141741337811793
5098,152940,test,9.987801848701274,0,True,shifted,-0.0501482929678033,-0.04317481813900478
5099,152970,test,10.590144173803234,0,True,shifted,0.6019035785285277,0.5928243902807996
5100,153000,test,9.488462871890581,0,True,shifted,-0.5906962517806944,-0.5704151941676995
5101,153030,test,9.806567821406372,0,True,shifted,-0.24633903326893455,-0.2345355993671543
5102,153060,test,8.92859018337932,0,True,shifted,-1.1967735920732838,-1.1615717041286349
5103,153090,test,10.617546262589228,0,True,shifted,0.6315670813760017,0.6217576165387939
5104,153120,test,10.716005157892482,0,True,shifted,0.7381515006878625,0.7257180670420166
5105,153150,test,10.510047193759544,0,True,shifted,0.5151964295167899,0.5082518577163967
5106,153180,test,11.449258392558459,0,True,shifted,1.5319179753644616,1.49994305071701
5107,153210,test,11.780453656839102,0,True,shifted,1.890445813945886,1.8496444034805257
5108,153240,test,11.608530147478529,0,True,shifted,1.7043339613315065,1.6681143809247134
5109,153270,test,10.976984029269873,0,True,shifted,1.0206681932908983,1.0012795686884741
5110,153300,test,9.88985613359235,0,True,shifted,-0.15617718082822363,-0.1465934136475355
5111,153330,test,10.352141445394096,0,True,shifted,0.3442591826210318,0.34152286196076603
5112,153360,test,12.55636572578816,0,True,shifted,2.73039163144955,2.6689118550437896
5113,153390,test,12.366687274104946,0,True,shifted,2.525059573169185,2.4686348031125673
5114,153420,test,11.948086516030111,0,True,shifted,2.0719129216097483,2.0266440286232275
5115,153450,test,12.21257939655494,0,True,shifted,2.3582336242342516,2.3059158905465793
5116,153480,test,12.226963543587884,0,True,shifted,2.373804852756374,2.3211037758163013
5117,153510,test,11.460317601041405,0,True,shifted,1.543889867904725,1.5116202109426549
5118,153540,test,11.33454094207426,0,True,shifted,1.4077332299726328,1.3788155711105619
5119,153570,test,11.493347449937259,0,True,shifted,1.5796455734068031,1.5464956578049238
5120,153600,test,11.187270948095307,0,True,shifted,1.2483094750954116,1.2233166202793224
5121,153630,test,11.088447313250525,0,True,shifted,1.141330215356852,1.1189710498035794
5122,153660,test,11.35075804375175,0,True,shifted,1.4252886815130221,1.3959388304266003
5123,153690,test,12.637287043282878,0,True,shifted,2.817991148065701,2.7543547862909286
5124,153720,test,11.585417535415731,0,True,shifted,1.679313933147093,1.6437103130651862
5125,153750,test,11.613668766839739,0,True,shifted,1.7098966558853335,1.6735401292241492
5126,153780,test,11.070089264177499,0,True,shifted,1.1214571303083098,1.0995872140809282
5127,153810,test,11.733608770516184,0,True,shifted,1.8397349564750602,1.800181980904048
5128,153840,test,11.663992684332515,0,True,shifted,1.7643736587700916,1.7266759796470315
5129,153870,test,9.657374846019408,0,True,shifted,-0.4078444675727725,-0.3920649814039262
5130,153900,test,8.920552886039179,0,True,shifted,-1.2054741840025074,-1.1700580988798246
5131,153930,test,9.787741313237442,0,True,shifted,-0.2667192379693326,-0.2544140701200132
5132,153960,test,12.097087396285854,0,True,shifted,2.2332104077342905,2.183970581892526
5133,153990,test,12.428644540689014,0,True,shifted,2.5921299913439335,2.534054035434739
5134,154020,test,12.931633170563348,0,True,shifted,3.1366287983892764,3.065147994986873
5135,154050,test,12.848946026291893,0,True,shifted,3.04711772648882,2.9778405684429425
5136,154080,test,11.992967696066444,0,True,shifted,2.120498013870533,2.074033019544997
5137,154110,test,12.683569321492818,0,True,shifted,2.8680929670252056,2.8032231640865692
5138,154140,test,11.612423384636276,0,True,shifted,1.708548495939312,1.6722251592102984
5139,154170,test,11.450072900487955,0,True,shifted,1.5327997022457438,1.5008030706372826
5140,154200,test,12.284723485954487,0,True,shifted,2.436331553849957,2.382091151420888
5141,154230,test,12.298887837429731,0,True,shifted,2.4516648477313088,2.397046959689069
5142,154260,test,11.867994906204856,0,True,shifted,1.985211586004831,1.9420771663471832
5143,154290,test,13.379038862152289,0,True,shifted,3.6209575701874344,3.5375532267542322
5144,154320,test,11.856973221692945,0,True,shifted,1.9732803141789343,1.9304396268071184
5145,154350,test,11.212266324565205,0,True,shifted,1.2753676467143382,1.2497086551513845
5146,154380,test,10.06155612127707,0,True,shifted,0.02969270352162257,0.034700597585507795
5147,154410,test,10.675668251342106,0,True,shifted,0.6944857074828222,0.6831272684761011
5148,154440,test,12.188839421334524,0,True,shifted,2.3325344584498646,2.2808494045653154
5149,154470,test,11.399588909914375,0,True,shifted,1.478149415918058,1.447498202782886
5150,154500,test,11.480532660089853,0,True,shifted,1.565773216518353,1.532964820174285
5151,154530,test,11.71290387853979,0,True,shifted,1.8173213504578298,1.7783201685116083
5152,154560,test,11.856896938598402,0,True,shifted,1.9731977356642134,1.930359081267276
5153,154590,test,12.226827327971566,0,True,shifted,2.3736573956645426,2.3209599489249446
5154,154620,test,12.199142134629014,0,True,shifted,2.3436874244713453,2.291727799170513
5155,154650,test,10.80778090186257,0,True,shifted,0.8375012277779088,0.8226219339705675
5156,154680,test,10.961270169417539,0,True,shifted,1.0036575146482982,0.9846876706749764
5157,154710,test,10.349772181321063,0,True,shifted,0.3416943901292722,0.3390212113010158
5158,154740,test,9.936985534453047,0,True,shifted,-0.10515832866883612,-0.09683057880834427
5159,154770,test,9.450568999575669,0,True,shifted,-0.631717394296288,-0.6104264498804137
5160,154800,test,9.69700634404208,0,True,shifted,-0.36494229819340485,-0.35021900724522204
5161,154830,test,10.287837710773879,0,True,shifted,0.27464864928150773,0.273626048782358
5162,154860,test,9.54510970474727,0,True,shifted,-0.5293745218619282,-0.51060312492577
5163,154890,test,10.127980354820728,0,True,shifted,0.10159873434474377,0.10483639610590581
5164,154920,test,11.336219595404316,0,True,shifted,1.4095504176412408,1.3805880219987599
5165,154950,test,11.690428575096394,0,True,shifted,1.792991226104983,1.7545890199548895
5166,154980,test,11.16131897236097,0,True,shifted,1.2202157588789109,1.195914534561414
5167,155010,test,10.161884947535079,0,True,shifted,0.138301373708449,0.1406354645583386
5168,155040,test,11.786094808010366,0,True,shifted,1.896552512786938,1.8556007633941236
5169,155070,test,11.363610104822271,0,True,shifted,1.4392013855093755,1.409509021872189
5170,155100,test,10.694851881920181,0,True,shifted,0.7152525068579296,0.7033828164491053
5171,155130,test,10.5377623684457,0,True,shifted,0.5451988563259912,0.5375156640720733
5172,155160,test,11.161002404955113,0,True,shifted,1.2198730660930286,1.1955802784230916
5173,155190,test,10.473502372101649,0,True,shifted,0.47563567085435265,0.46966503311905544
5174,155220,test,11.845343132834344,0,True,shifted,1.9606904281790827,1.9181596873114672
5175,155250,test,12.041853494531782,0,True,shifted,2.1734182139801983,2.125650393638147
5176,155280,test,11.962807263277663,0,True,shifted,2.087848528975486,2.042187322206666
5177,155310,test,11.288849175643163,0,True,shifted,1.3582706559980622,1.3305707009255523
5178,155340,test,12.165136821014322,0,True,shifted,2.3068757520066447,2.25582238186923
5179,155370,test,12.690500090537299,0,True,shifted,2.8755957121221853,2.8105412014256914
5180,155400,test,11.540002276847545,0,True,shifted,1.63015068641881,1.595757401081693
5181,155430,test,10.594020827240914,0,True,shifted,0.6061001608104629,0.5969176582032647
5182,155460,test,11.192487281468129,0,True,shifted,1.2539562971704192,1.2288244249905502
5183,155490,test,13.46351034362992,0,True,shifted,3.7124002354131163,3.626744693325551
5184,155520,test,12.51121263569942,0,True,shifted,2.6815121891968063,2.6212357606413494
5185,155550,test,11.549000029178602,0,True,shifted,1.6398909968738873,1.6052579178503612
5186,155580,test,10.20259324017259,0,True,shifted,0.18236920240572055,0.18361840102921714
5187,155610,test,10.733193664949328,0,True,shifted,0.756758524846005,0.7438670106352157
5188,155640,test,10.130004544518814,0,True,shifted,0.10378997448493593,0.10697369078373845
5189,155670,test,11.679628201218012,0,True,shifted,1.7812995290304545,1.7431851571495882
5190,155700,test,10.013954107347278,0,True,shifted,-0.021837765078041586,-0.015561258367270334
5191,155730,test,10.512845276137195,0,True,shifted,0.5182254294308168,0.5112062876196558
5192,155760,test,11.86913100455153,0,True,shifted,1.9864414432177158,1.9432767460862448
5193,155790,test,11.797375221992043,0,True,shifted,1.908763866267304,1.867511489345151
5194,155820,test,12.673653723752205,0,True,shifted,2.8573590640694775,2.792753515763297
5195,155850,test,11.88164105396474,0,True,shifted,1.999983910337247,1.9564858154020155
5196,155880,test,12.025781297569669,0,True,shifted,2.1560196257165725,2.108680135830444
5197,155910,test,10.834958017386723,0,True,shifted,0.8669211909797258,0.8513176162100142
5198,155940,test,10.910378218053681,0,True,shifted,0.9485655997222034,0.930952046539858
5199,155970,test,11.664277376214729,0,True,shifted,1.764681845438804,1.7269765791635958
5200,156000,test,11.12611624423412,0,True,shifted,1.1821078527924453,1.1587447952124414
5201,156030,test,12.162834163309896,0,True,shifted,2.3043830627118447,2.2533910593201645
5202,156060,test,11.933622047955815,0,True,shifted,2.056254743386182,2.0113713342398327
5203,156090,test,11.30475774914247,0,True,shifted,1.375492117434138,1.3473681925362149
5204,156120,test,11.138761793717343,0,True,shifted,1.1957970024055644,1.1720969358909197
5205,156150,test,11.894318839272872,0,True,shifted,2.013707956103409,1.9698719931359527
5206,156180,test,11.084889377967656,0,True,shifted,1.1374786541047606,1.1152143089450812
5207,156210,test,11.45379104379618,0,True,shifted,1.536824693021893,1.5047289714120988
5208,156240,test,11.325108385587155,0,True,shifted,1.397522232249086,1.3688559547775094
5209,156270,test,10.356480790533315,0,True,shifted,0.3489566411943056,0.34610467525628047
5210,156300,test,11.030515140816949,0,True,shifted,1.078617070553742,1.0578018204894066
5211,156330,test,10.551669932680252,0,True,shifted,0.5602541710684179,0.5522003366836575
5212,156360,test,10.670627397428449,0,True,shifted,0.6890288466723463,0.6778047484318667
5213,156390,test,10.775416668724183,0,True,shifted,0.8024660693505874,0.7884492952577834
5214,156420,test,11.226603874127663,0,True,shifted,1.290888432213332,1.2648473392391415
5215,156450,test,11.335624703180954,0,True,shifted,1.4089064307065426,1.379959889178957
5216,156480,test,10.007243410321779,0,True,shifted,-0.02910227625742877,-0.02264692679583348
5217,156510,test,10.48760551476367,0,True,shifted,0.4909027045385523,0.4845562124293568
5218,156540,test,10.212073188344712,0,True,shifted,0.19263150291112596,0.19362805713683057
5219,156570,test,9.646850993993592,0,True,shifted,-0.4192368222568341,-0.4031768712363621
5220,156600,test,11.037339144026687,0,True,shifted,1.08600423874461,1.0650071262744734
5221,156630,test,9.827619791764365,0,True,shifted,-0.22354970550869285,-0.21230731500892935
5222,156660,test,9.72746871952141,0,True,shifted,-0.3319659521626682,-0.3180544956642687
5223,156690,test,10.454925300688666,0,True,shifted,0.45552548819417527,0.4500499368174379
5224,156720,test,10.84761167356148,0,True,shifted,0.8806191163058663,0.8646783165549531
5225,156750,test,10.532545897715002,0,True,shifted,0.5395518855573646,0.5320077143278688
5226,156780,test,12.112528829966363,0,True,shifted,2.24992617767169,2.2002748314668996
5227,156810,test,12.158624115521281,0,True,shifted,2.2998255720205,2.2489457680806435
5228,156840,test,11.11965744280576,0,True,shifted,1.1751160254154256,1.1519250974681685
5229,156870,test,11.857207510910806,0,True,shifted,1.973533938599154,1.9306870073262872
5230,156900,test,11.216317930404738,0,True,shifted,1.2797536197069985,1.253986651233324
5231,156930,test,10.649655852814107,0,True,shifted,0.6663265819566201,0.6556613837400287
5232,156960,test,9.77700821897958,0,True,shifted,-0.27833810303348167,-0.265746893943642
5233,156990,test,10.214353785854485,0,True,shifted,0.19510031144807397,0.19603608684102536
5234,157020,test,8.71298855596696,0,True,shifted,-1.4301681897849539,-1.3892204325241886
5235,157050,test,9.113361286747772,0,True,shifted,-0.9967538711787799,-0.9664762067944621
5236,157080,test,9.291014275868013,0,True,shifted,-0.8044397016354679,-0.7788965602292628
5237,157110,test,9.802746379382832,0,True,shifted,-0.2504758477005654,-0.2385705708455111
5238,157140,test,9.959265955149338,0,True,shifted,-0.08103917016493611,-0.07330520239767552
5239,157170,test,11.148791529726134,0,True,shifted,1.2066544631261593,1.1826871001487127
5240,157200,test,11.25622442109841,0,True,shifted,1.3229534760963955,1.2961229837377546
5241,157230,test,10.800660704824601,0,True,shifted,0.829793421750424,0.8151038840324786
5242,157260,test,10.322463917124944,0,True,shifted,0.31213245494004,0.31018705223854154
5243,157290,test,9.942116915535488,0,True,shifted,-0.09960346974770691,-0.09141247323859168
5244,157320,test,9.430224156695173,0,True,shifted,-0.6537412374211764,-0.6319080948324438
5245,157350,test,10.214414836321794,0,True,shifted,0.19516640023148774,0.19610054860514872
5246,157380,test,11.919463407930802,0,True,shifted,2.0409276323043075,1.996421556558703
5247,157410,test,11.677229708717215,0,True,shifted,1.778703095974468,1.7406526448748623
5248,157440,test,13.391567931980086,0,True,shifted,3.6345206274206125,3.550782379282019
5249,157470,test,13.002503642116881,0,True,shifted,3.2133480022115988,3.139978472491099
5250,157500,test,12.34617174235142,0,True,shifted,2.5028509547189297,2.446972931761678
5251,157530,test,11.990250183243138,0,True,shifted,2.1175562326799917,2.0711636611544826
5252,157560,test,11.309983794395055,0,True,shifted,1.3811494528818775,1.3528862517947073
5253,157590,test,12.333530366395761,0,True,shifted,2.4891663230623706,2.433625197813587
5254,157620,test,11.352034938298477,0,True,shifted,1.4266709544236231,1.3972870735885208
5255,157650,test,12.12118072913457,0,True,shifted,2.2592920927162154,2.209410169949674
5256,157680,test,11.60446887045121,0,True,shifted,1.6999375190162833,1.663826173261221
5257,157710,test,11.899626269795526,0,True,shifted,2.019453393308984,1.9754759852023906
5258,157740,test,12.23109014634022,0,True,shifted,2.3782720119372063,2.3254609593887903
5259,157770,test,11.918829085012586,0,True,shifted,2.0402409605750944,1.9957517897881214
5260,157800,test,10.994175152516164,0,True,shifted,1.0392780495449314,1.0194312746550722
5261,157830,test,12.512962154320391,0,True,shifted,2.6834060904610553,2.623083036536937
5262,157860,test,12.572557556200202,0,True,shifted,2.7479197261610353,2.686008431020222
5263,157890,test,12.23022842857764,0,True,shifted,2.377339179133705,2.3245510917071694
5264,157920,test,9.72829358150286,0,True,shifted,-0.3310730167398745,-0.3171835431420965
5265,157950,test,9.234015409713997,0,True,shifted,-0.8661425171276449,-0.839080333216898
5266,157980,test,9.634831335399939,0,True,shifted,-0.4322484280399936,-0.4158681483265874
5267,158010,test,10.174682777329561,0,True,shifted,0.1521553708805247,0.15414839446477466
5268,158040,test,10.0210791274244,0,True,shifted,-0.014124737980119798,-0.008038115894660528
5269,158070,test,10.286282559513943,0,True,shifted,0.2729651559468339,0.2719840008486936
5270,158100,test,10.512936691107605,0,True,shifted,0.5183243886107619,0.5113028105541985
5271,158130,test,10.875271469816626,0,True,shifted,0.910561594464483,0.893883650117307
5272,158160,test,10.872348523041184,0,True,shifted,0.9073974254599415,0.8907973788095094
5273,158190,test,10.696852460705912,0,True,shifted,0.7174181875463836,0.7054951809154261
5274,158220,test,10.357221499402161,0,True,shifted,0.34975847859479653,0.3468867724701468
5275,158250,test,12.615059404903304,0,True,shifted,2.793929127848391,2.7308851414970685
5276,158280,test,11.506953744602557,0,True,shifted,1.5943747556855614,1.5608622269069559
5277,158310,test,12.089073536638402,0,True,shifted,2.2245351877418296,2.1755089344542458
5278,158340,test,11.741837729017742,0,True,shifted,1.8486430267995195,1.8088707462041196
5279,158370,test,10.981217374881702,0,True,shifted,1.0252509045065117,1.0057494595559877
5280,158400,test,12.110165492781194,0,True,shifted,2.247367801196476,2.197779438869771
5281,158430,test,10.758017661041213,0,True,shifted,0.7836311725667042,0.770078088964442
5282,158460,test,11.736793207689889,0,True,shifted,1.8431821959139043,1.8035443538227962
5283,158490,test,11.481041499686656,0,True,shifted,1.566324049155476,1.5335020920333136
5284,158520,test,11.999324109301138,0,True,shifted,2.127379003256403,2.0807446079842964
5285,158550,test,11.697367081572176,0,True,shifted,1.8005023471807886,1.7619152270672092
5286,158580,test,12.217529644426579,0,True,shifted,2.3635924015516623,2.311142741784886
5287,158610,test,10.792040046480658,0,True,shifted,0.8204613257438098,0.8060015320071955
5288,158640,test,13.144290762131568,0,True,shifted,3.366836397608688,3.2896881846189996
5289,158670,test,13.734540251858498,0,True,shifted,4.005797447475224,3.9129188502923373
5290,158700,test,14.017996259463013,0,True,shifted,4.312646248469105,4.212213435689095
5291,158730,test,14.346196119706837,0,True,shifted,4.667931481099229,4.558752011212954
5292,158760,test,14.099923835653712,0,True,shifted,4.401335067361685,4.29871885201729
5293,158790,test,12.72937885886091,0,True,shifted,2.917683031226968,2.8515923858563523
5294,158820,test,12.872613329083727,0,True,shifted,3.0727382224021254,3.0028303213023158
5295,158850,test,11.59629634580459,0,True,shifted,1.6910905398673794,1.6551969951519743
5296,158880,test,9.605972449413212,0,True,shifted,-0.46348895329074596,-0.44633957276173564
5297,158910,test,10.468093677290751,0,True,shifted,0.4697806123156697,0.4639541184531584
5298,158940,test,10.32395462912407,0,True,shifted,0.3137461910306063,0.3117610602600865
5299,158970,test,10.220559331061692,0,True,shifted,0.20181798211039947,0.20258837724985368
5300,159000,test,15.756226685892107,1,True,shifted,6.194327736571573,6.047570390014013
5301,159030,test,16.147099726147403,1,True,shifted,6.617458383040396,6.460284114145769
5302,159060,test,16.718513934839176,1,True,shifted,7.236029731341375,7.063627046001471
5303,159090,test,16.847858851624622,1,True,shifted,7.3760491049495815,7.200199326016401
5304,159120,test,17.35281592057126,1,True,shifted,7.922678800573616,7.733371714461268
5305,159150,test,16.064983918165495,1,True,shifted,6.528565798138659,6.373579948260688
5306,159180,test,15.773557509446007,1,True,shifted,6.213088822190088,6.065869602276207
5307,159210,test,15.134330991775844,1,True,shifted,5.521108813834609,5.390925235432395
5308,159240,test,16.596511122720763,1,True,shifted,7.103958384775848,6.93480712301305
5309,159270,test,15.997788654366403,1,True,shifted,6.455825106193307,6.302630036881724
5310,159300,test,16.882248996942884,1,True,shifted,7.4132773681502595,7.236511078135355
5311,159330,test,16.107517844916668,1,True,shifted,6.574609925181358,6.418490529200111
5312,159360,test,15.530160116693903,1,True,shifted,5.949604556105229,5.808871973734033
5313,159390,test,16.158954815651438,1,True,shifted,6.630291838329386,6.472801626573665
5314,159420,test,15.985733507888645,1,True,shifted,6.442775083814996,6.289901288962605
5315,159450,test,17.303743015733538,1,True,shifted,7.869556052751135,7.681556779114713
5316,159480,test,16.32317400014915,1,True,shifted,6.808063550734305,6.6461968322487985
5317,159510,test,15.80420676535068,1,True,shifted,6.246267471339853,6.098231436538357
5318,159540,test,16.196691333017842,1,True,shifted,6.67114263985384,6.512646734867344
5319,159570,test,16.18144041219559,1,True,shifted,6.654633105242425,6.496543643375338
5320,159600,test,16.446881080180624,1,True,shifted,6.941979813447895,6.776816251966023
5321,159630,test,15.491403009743328,1,True,shifted,5.907648938729963,5.767949248708799
5322,159660,test,14.09580000811872,1,True,shifted,4.39687091242875,4.29436459873205
5323,159690,test,15.721145219730554,1,True,shifted,6.156351099844934,6.010528688345154
5324,159720,test,15.176621485174852,1,True,shifted,5.566889417684187,5.435578780774571
5325,159750,test,15.230477125894907,1,True,shifted,5.625189606561338,5.4924436953579825
5326,159780,test,16.718095019250022,1,True,shifted,7.23557624387665,7.0631847228041895
5327,159810,test,16.927337017020136,1,True,shifted,7.462086370354213,7.28411846663075
5328,159840,test,17.494603368175053,1,True,shifted,8.076167550594779,7.883081772482862
5329,159870,test,17.4364775008695,1,True,shifted,8.013244725849702,7.821708025272274
5330,159900,test,16.872702583680088,1,True,shifted,7.402943117385082,7.226431243089131
5331,159930,test,16.10802083532935,1,True,shifted,6.57515442591834,6.419021625042086
5332,159960,test,16.557797328129844,1,True,shifted,7.0620496542023155,6.893930130497899
5333,159990,test,16.355136272412185,1,True,shifted,6.842663575633533,6.67994504985105
5334,160020,test,17.38649829340899,1,True,shifted,7.9591408809056965,7.768936146130371
5335,160050,test,12.482093341325683,0,True,shifted,2.6499897648182205,2.5904893770656887
5336,160080,test,12.023060517139067,0,True,shifted,2.153074307252684,2.105807327249619
5337,160110,test,12.701463390373798,0,True,shifted,2.8874637809565553,2.822117093949103
5338,160140,test,11.240147703145825,0,True,shifted,1.3055499937382065,1.2791479523216864
5339,160170,test,11.291235760610629,0,True,shifted,1.3608541988268976,1.333090640313637
5340,160200,test,10.234304841913106,0,True,shifted,0.216697869679019,0.2171019414748909
5341,160230,test,10.41621116621367,0,True,shifted,0.4136163896869279,0.4091725854266185
5342,160260,test,12.14257343909913,0,True,shifted,2.282450280323914,2.2319982333090116
5343,160290,test,12.089280856286981,0,True,shifted,2.2247596168732726,2.17572783843441
5344,160320,test,11.929475535225748,0,True,shifted,2.0517660311155215,2.0069931281863584
5345,160350,test,12.126443544314347,0,True,shifted,2.2649892326054495,2.2149670537164434
5346,160380,test,11.612864907143484,0,True,shifted,1.7090264560047677,1.6726913525249323
5347,160410,test,11.168100894898885,0,True,shifted,1.2275573736034644,1.203075408346845
5348,160440,test,12.578764090914872,0,True,shifted,2.754638467991974,2.692561766226895
5349,160470,test,12.603290793994617,0,True,shifted,2.7811892879797204,2.718458939800452
5350,160500,test,11.554584535536483,0,True,shifted,1.6459363761711547,1.6111544678270315
5351,160530,test,11.44276928811727,0,True,shifted,1.5248933441557952,1.4930913567284616
5352,160560,test,12.873882180820821,0,True,shifted,3.0741117887535916,3.004170072249184
5353,160590,test,11.535273444355791,0,True,shifted,1.625031597243533,1.5907643371773823
5354,160620,test,11.15110402577458,0,True,shifted,1.2091578026946717,1.1851288107757005
5355,160650,test,12.280880736881526,0,True,shifted,2.4321716739605757,2.3780336823261417
5356,160680,test,12.150959074679312,0,True,shifted,2.2915279578270167,2.2408524302811244
5357,160710,test,12.551613582495694,0,True,shifted,2.7252473077015114,2.663894177808848
5358,160740,test,11.14917378651388,0,True,shifted,1.2070682664460557,1.1830907161728361
5359,160770,test,9.729429746831917,0,True,shifted,-0.3298430870167477,-0.31598389267790017
5360,160800,test,12.23160080974383,0,True,shifted,2.3788248188945653,2.3260001569628765
5361,160830,test,11.684454385589955,0,True,shifted,1.7865240042512174,1.74828101263297
5362,160860,test,11.908417093840027,0,True,shifted,2.0289696982926024,1.9847580112209247
5363,160890,test,11.078335690036065,0,True,shifted,1.1303841095195475,1.1082944227557505
5364,160920,test,13.019486615844865,0,True,shifted,3.2317325309777463,3.157910398237449
5365,160950,test,12.344243033630022,0,True,shifted,2.50076307532054,2.4449364532195577
5366,160980,test,11.496575881857224,0,True,shifted,1.5831404383493508,1.5499044837498501
5367,161010,test,11.785850495132756,0,True,shifted,1.8962880374837132,1.855342799126478
5368,161040,test,12.653882816180303,0,True,shifted,2.8359565214517772,2.771877875713692
5369,161070,test,11.9628704448587,0,True,shifted,2.087916924747197,2.0422540341640563
5370,161100,test,11.694731824853845,0,True,shifted,1.797649610450441,1.759132720978901
5371,161130,test,10.520843794785005,0,True,shifted,0.5268840423759056,0.5196517368543198
5372,161160,test,10.510167354766251,0,True,shifted,0.5153265070591428,0.5083787329200209
5373,161190,test,10.295770619740853,0,True,shifted,0.28323623797112935,0.2820022222857032
5374,161220,test,8.642164345252231,0,True,shifted,-1.5068373149970542,-1.4640020642879874
5375,161250,test,8.601169431466355,0,True,shifted,-1.5512154188458696,-1.5072876373425497
5376,161280,test,9.13930481132559,0,True,shifted,-0.9686693035679705,-0.9390830444555549
5377,161310,test,9.020259830058922,0,True,shifted,-1.097538718172095,-1.0647798628538563
5378,161340,test,9.571615407352523,0,True,shifted,-0.5006813813190409,-0.4826163719233178
5379,161370,test,10.62408717582537,0,True,shifted,0.638647797007598,0.6286640142252338
5380,161400,test,10.100366726981825,0,True,shifted,0.07170623474642618,0.07567981069715389
5381,161430,test,10.32416781673615,0,True,shifted,0.3139769723913758,0.3119861600860108
5382,161460,test,10.81417373948957,0,True,shifted,0.8444216475544077,0.829371982075921
5383,161490,test,10.972112781784892,0,True,shifted,1.0153949360304755,0.9961361321153581
5384,161520,test,11.36218425738311,0,True,shifted,1.4376578670607651,1.40800350282622
5385,161550,test,10.514806433783665,0,True,shifted,0.5203484356689448,0.5132770282247263
5386,161580,test,11.639199609025624,0,True,shifted,1.737534483636133,1.7004975498532997
5387,161610,test,11.178167678745705,0,True,shifted,1.2384549396115598,1.2137046905524864
5388,161640,test,11.345609143337994,0,True,shifted,1.41971485744152,1.390502226603638
5389,161670,test,10.125954095627712,0,True,shifted,0.09940525392027046,0.1026969162966569
5390,161700,test,10.206552568688716,0,True,shifted,0.18665528269797294,0.18779896363820212
5391,161730,test,10.868187023345875,0,True,shifted,0.9028924893937298,0.8864033483690821
5392,161760,test,11.14737043527808,0,True,shifted,1.2051160899190807,1.1811865996751676
5393,161790,test,10.65503955777821,0,True,shifted,0.6721545883097073,0.6613459122097088
5394,161820,test,10.233471745751267,0,True,shifted,0.2157960205330672,0.21622229467375037
5395,161850,test,9.013857856378461,0,True,shifted,-1.1044690279737652,-1.0715395575049145
5396,161880,test,11.131313485855157,0,True,shifted,1.1877340075293585,1.1642324413883705
5397,161910,test,10.484709372403588,0,True,shifted,0.48776755203919564,0.4814982432783897
5398,161940,test,11.06451092665822,0,True,shifted,1.1154184289458118,1.093697177637019
5399,161970,test,11.709295156516403,0,True,shifted,1.8134148111844008,1.7745098031186526
5400,162000,test,11.617846818768205,0,True,shifted,1.7144195101919844,1.6779516367814036
5401,162030,test,11.642175715807866,0,True,shifted,1.7407561997870034,1.7036399515720537
5402,162060,test,11.583040539838597,0,True,shifted,1.6767407710928641,1.6412004988906328
5403,162090,test,9.984368349243482,0,True,shifted,-0.053865149070943356,-0.04680017011289401
5404,162120,test,9.759552704226158,0,True,shifted,-0.29723417025069754,-0.28417776473436296
5405,162150,test,9.894711103266438,0,True,shifted,-0.1509215447387101,-0.1414671644351798
5406,162180,test,9.910844340038263,0,True,shifted,-0.13345687922880864,-0.12443245611646209
5407,162210,test,10.371553915759565,0,True,shifted,0.36527370726036884,0.36202003652644327
5408,162240,test,12.15037461843946,0,True,shifted,2.290895268126956,2.2402353165728384
5409,162270,test,11.599391032682108,0,True,shifted,1.6944406221811867,1.6584646028268561
5410,162300,test,11.25988135521167,0,True,shifted,1.326912206262146,1.2999842551516179
5411,162330,test,10.479796564043644,0,True,shifted,0.48244930400663094,0.4763109235470171
5412,162360,test,11.866011939908914,0,True,shifted,1.9830649713133184,1.9399833984979302
5413,162390,test,12.089987677974303,0,True,shifted,2.2255247704824836,2.1764741549638926
5414,162420,test,11.903726882396876,0,True,shifted,2.0238924174478563,1.9798057263808038
5415,162450,test,11.540615430939182,0,True,shifted,1.63081444232024,1.5964048161821585
5416,162480,test,11.139727157563575,0,True,shifted,1.1968420349001745,1.1731162410542033
5417,162510,test,11.532448238172712,0,True,shifted,1.6219732350759266,1.587781267880771
5418,162540,test,11.827302850113892,0,True,shifted,1.9411613338086966,1.8991113736670042
5419,162570,test,12.675871794099962,0,True,shifted,2.85976018526102,2.7950955244958795
5420,162600,test,12.064990175552593,0,True,shifted,2.198464297463173,2.15007987534891
5421,162630,test,12.020307979371834,0,True,shifted,2.150094610612265,2.1029009868379447
5422,162660,test,12.25326593385128,0,True,shifted,2.4022779021858183,2.348875856060267
5423,162690,test,12.923591478801592,0,True,shifted,3.1279234493797046,3.056656960268423
5424,162720,test,12.4729640315293,0,True,shifted,2.640107039845848,2.5808499518386196
5425,162750,test,11.32545107804458,0,True,shifted,1.3978932061104588,1.3692177957482838
5426,162780,test,10.94822725190255,0,True,shifted,0.9895382033845891,0.9709159583623583
5427,162810,test,9.484231243150823,0,True,shifted,-0.5952771044358183,-0.5748832722300488
5428,162840,test,9.427865998792088,0,True,shifted,-0.6562940071833385,-0.6343980187464529
5429,162870,test,9.65541270012748,0,True,shifted,-0.40996854361336,-0.3941367654743209
5430,162900,test,10.598027658539102,0,True,shifted,0.6104376641501316,0.601148377891588
5431,162930,test,11.271820211351468,0,True,shifted,1.3398363412017966,1.3125902148159403
5432,162960,test,11.465066290022872,0,True,shifted,1.5490304522676042,1.5166342408512015
5433,162990,test,12.327561626647512,0,True,shifted,2.482705000719363,2.427322944764197
5434,163020,test,11.024104013557723,0,True,shifted,1.0716768517552846,1.0510324607880843
5435,163050,test,12.023293722386141,0,True,shifted,2.1533267582451847,2.106053563229323
5436,163080,test,11.95296718916358,0,True,shifted,2.0771963823897983,2.031797417518681
5437,163110,test,11.212937197399123,0,True,shifted,1.2760938847166545,1.2504170141252458
5438,163140,test,11.159032725335036,0,True,shifted,1.2177408345877934,1.1935005396649074
5439,163170,test,11.819586024533065,0,True,shifted,1.9328076612336582,1.8909633575698637
5440,163200,test,10.810153712120051,0,True,shifted,0.8400698591103241,0.8251273289637441
5441,163230,test,11.35741146451141,0,True,shifted,1.4324911895842498,1.4029640221823205
5442,163260,test,12.26938825797641,0,True,shifted,2.4197307544602813,2.3658990419699313
5443,163290,test,11.020577936690406,0,True,shifted,1.0678597781003913,1.0473093584873099
5444,163320,test,10.200574889843326,0,True,shifted,0.18018428354034116,0.18148727200469045
5445,163350,test,10.12740409710801,0,True,shifted,0.10097491977222797,0.10422793903114835
5446,163380,test,10.118766761498655,0,True,shifted,0.09162477017437444,0.09510797787039726
5447,163410,test,10.561092350702133,0,True,shifted,0.5704541936289249,0.5621492480478097
5448,163440,test,11.328189153830253,0,True,shifted,1.400857247264374,1.3721088660910281
5449,163470,test,11.4413539963968,0,True,shifted,1.5233612525583957,1.4915969832195926
5450,163500,test,12.425211403372337,0,True,shifted,2.5884135272683535,2.530429065837205
5451,163530,test,12.499281564453312,0,True,shifted,2.668596481615301,2.6086380208646527
5452,163560,test,11.389311027579152,0,True,shifted,1.4670233300821236,1.436646026608272
5453,163590,test,9.699185397212812,0,True,shifted,-0.3625834141521329,-0.34791819583958905
5454,163620,test,9.83125531460205,0,True,shifted,-0.2196141536283248,-0.20846865126141914
5455,163650,test,10.53385168955258,0,True,shifted,0.5409654405675224,0.5333864694650254
5456,163680,test,12.064272344640333,0,True,shifted,2.1976872260699625,2.149321934435661
5457,163710,test,10.61909268661288,0,True,shifted,0.633241127241165,0.6233904495872737
5458,163740,test,11.211562095873209,0,True,shifted,1.2746053000927562,1.2489650765051719
5459,163770,test,11.495961930871523,0,True,shifted,1.5824758197885263,1.5492562272275348
5460,163800,test,11.609205384865266,0,True,shifted,1.7050649240803912,1.668827348328071
5461,163830,test,11.357014546581679,0,True,shifted,1.432061515181297,1.402544925800419
5462,163860,test,11.24036176949155,0,True,shifted,1.3057817263519336,1.2793739799819666
5463,163890,test,11.237972670145554,0,True,shifted,1.3031954616402794,1.276851385720253
5464,163920,test,11.676572806433239,0,True,shifted,1.7779919814706273,1.7399590370787512
5465,163950,test,11.547906055143422,0,True,shifted,1.6387067403684406,1.6041028161890445
5466,163980,test,10.566736112865936,0,True,shifted,0.5765637189400761,0.5681083648475148
5467,164010,test,10.92014385888922,0,True,shifted,0.9591371702690621,0.9412633588655586
5468,164040,test,10.731791787716329,0,True,shifted,0.7552409547944067,0.742386801170709
5469,164070,test,10.381417427171597,0,True,shifted,0.37595122535550224,0.3724346881105407
5470,164100,test,10.748900835947039,0,True,shifted,0.7737619626224168,0.7604518460431671
5471,164130,test,10.943874825800082,0,True,shifted,0.9848265843145142,0.9663203331829278
5472,164160,test,10.711065065879845,0,True,shifted,0.7328037173627263,0.7205019391382929
5473,164190,test,10.922424055696004,0,True,shifted,0.961605545034178,0.9436709654768156
5474,164220,test,11.10357541770035,0,True,shifted,1.1577067979206475,1.1349444623532496
5475,164250,test,10.235863596318582,0,True,shifted,0.2183852635162722,0.2187477938858697
5476,164280,test,10.642104852725977,0,True,shifted,0.6581524199660932,0.6476884589119162
5477,164310,test,11.34619463945938,0,True,shifted,1.420348672841491,1.391120438298577
5478,164340,test,12.392613541580747,0,True,shifted,2.5531254594999346,2.4960097440800624
5479,164370,test,11.581288407239024,0,True,shifted,1.6748440401260198,1.6393504629560225
5480,164400,test,11.377809227486198,0,True,shifted,1.4545723201436833,1.4245015442272875
5481,164430,test,9.51601793189452,0,True,shifted,-0.5608671534490757,-0.5413204491694976
5482,164460,test,9.822337267591852,0,True,shifted,-0.22926818091605938,-0.21788500904131847
5483,164490,test,10.141736362403496,0,True,shifted,0.11648998490918444,0.11936104358468928
5484,164520,test,9.635712289695867,0,True,shifted,-0.4312947711684374,-0.41493796923819376
5485,164550,test,8.993230741237243,0,True,shifted,-1.1267984384616057,-1.0933192471516255
5486,164580,test,9.216267529301577,0,True,shifted,-0.8853550780846601,-0.85781990608606
5487,164610,test,8.95675380848348,0,True,shifted,-1.166285705547661,-1.1318343894389429
5488,164640,test,9.826977187852236,0,True,shifted,-0.2242453416379707,-0.21298582548778688
5489,164670,test,11.719779283381481,0,True,shifted,1.8247641623066586,1.7855797480806541
5490,164700,test,11.7681597562241,0,True,shifted,1.8771373337512631,1.8366635606380275
5491,164730,test,12.829898988681883,0,True,shifted,3.026498792699026,2.9577292457982023
5492,164760,test,12.506213057701046,0,True,shifted,2.676100010681906,2.6159568228730947
5493,164790,test,12.06429247525491,0,True,shifted,2.197709018005149,2.1493431898819444
5494,164820,test,11.273970901131989,0,True,shifted,1.3421645211054076,1.314861077979568
5495,164850,test,12.502682074136867,0,True,shifted,2.672277625394842,2.612228539705577
5496,164880,test,12.3348838231077,0,True,shifted,2.490631476589246,2.435054281179559
5497,164910,test,11.527788041480857,0,True,shifted,1.616928446011916,1.582860674916299
5498,164940,test,11.873015002182115,0,True,shifted,1.990645975787266,1.9473777685706568
5499,164970,test,11.761640885377155,0,True,shifted,1.87008047960263,1.829780436996092
5500,165000,test,11.218655556331548,0,True,shifted,1.28228416304907,1.256454895912595
5501,165030,test,10.721082219550105,0,True,shifted,0.7436475573612749,0.7310788179983772
5502,165060,test,11.412847478029324,0,True,shifted,1.4925021747935876,1.4614976155328707
5503,165090,test,10.074959423637491,0,True,shifted,0.04420214113563151,0.04885283184863443
5504,165120,test,10.572019580760525,0,True,shifted,0.5822832159521357,0.5736870553340274
5505,165150,test,11.204499582175771,0,True,shifted,1.2669599378428043,1.2415079330605965
5506,165180,test,10.720095663820798,0,True,shifted,0.7425795840796011,0.7300371368201615
5507,165210,test,10.477410381493575,0,True,shifted,0.47986619680552084,0.4737914090620736
5508,165240,test,10.036838165900704,0,True,shifted,0.0029348477458497686,0.008601485173868093
5509,165270,test,10.391222260913958,0,True,shifted,0.38656522328489373,0.38278738331218376
5510,165300,test,10.769187875518407,0,True,shifted,0.7957232321005189,0.7818724578296413
5511,165330,test,10.453012624978921,0,True,shifted,0.4534549649648909,0.4480303871582708
5512,165360,test,10.893613753492952,0,True,shifted,0.9304176130443499,0.9132508395253897
5513,165390,test,11.60592295456899,0,True,shifted,1.7015116044338259,1.665361506757381
5514,165420,test,11.214852967277983,0,True,shifted,1.2781677574677603,1.2524398308453941
5515,165450,test,10.047837061833185,0,True,shifted,0.01484145031765739,0.0202149627845699
5516,165480,test,11.365983324224318,0,True,shifted,1.4417704597518575,1.412014848871567
5517,165510,test,10.05816174452093,0,True,shifted,0.026018198802018777,0.031116554359560247
5518,165540,test,9.51072466091963,0,True,shifted,-0.5665972625609172,-0.5469094904997944
5519,165570,test,10.804018356318132,0,True,shifted,0.8334281703791518,0.8186491499104385
5520,165600,test,9.99693524376233,0,True,shifted,-0.04026114558584087,-0.03353107937627747
5521,165630,test,10.052544433745057,0,True,shifted,0.019937307834304044,0.025185366963258956
5522,165660,test,9.70500137451037,0,True,shifted,-0.3562874612970662,-0.3417772410979334
5523,165690,test,9.673060117900974,0,True,shifted,-0.39086473618236683,-0.37550326876180606
5524,165720,test,9.093176178768779,0,True,shifted,-1.0186047969489882,-0.9877891913906125
5525,165750,test,9.907786021205201,0,True,shifted,-0.13676759215005863,-0.12766166362166906
5526,165780,test,9.37141726155442,0,True,shifted,-0.7174012932323397,-0.6940009234458315
5527,165810,test,10.24777354071015,0,True,shifted,0.2312781007058618,0.23132322630974636
5528,165840,test,10.819530711030067,0,True,shifted,0.8502207142528043,0.8350282833473064
5529,165870,test,10.867891247424865,0,True,shifted,0.9025723039529909,0.8860910454745438
5530,165900,test,10.902620281660734,0,True,shifted,0.9401674235802325,0.9227606224953161
5531,165930,test,10.949870941612883,0,True,shifted,0.991317541988431,0.9726514919801935
5532,165960,test,10.971579499571396,0,True,shifted,1.0148176435991543,0.9955730518676096
5533,165990,test,10.67942417479488,0,True,shifted,0.6985515962881017,0.6870930604241351
5534,166020,test,11.278563222243502,0,True,shifted,1.3471358330164,1.3197100027022952
5535,166050,test,10.979368979387099,0,True,shifted,1.023249966350095,1.0037977818763306
5536,166080,test,11.471154466441153,0,True,shifted,1.5556210680389067,1.5230626042940185
5537,166110,test,12.768739687574188,0,True,shifted,2.960292193752273,2.8931525666059863
5538,166140,test,12.265231014140614,0,True,shifted,2.4152304254771937,2.3615095051922754
5539,166170,test,11.46860039564279,0,True,shifted,1.5528562172645157,1.520365820524537
5540,166200,test,10.13209975938417,0,True,shifted,0.10605810129125207,0.10918597927867442
5541,166230,test,11.212656015693543,0,True,shifted,1.2757894979091646,1.2501201209222976
5542,166260,test,11.514868493865421,0,True,shifted,1.6029426860039258,1.5692192260023974
5543,166290,test,11.12946197335179,0,True,shifted,1.1857296951265806,1.1622774725318783
5544,166320,test,12.01808482501943,0,True,shifted,2.147687985848075,2.100553610023466
5545,166350,test,13.047101491592873,0,True,shifted,3.261626381471448,3.1870683012843104
5546,166380,test,11.756251507373886,0,True,shifted,1.8642463320310847,1.824089918496709
5547,166410,test,12.734807190804506,0,True,shifted,2.9235593474933474,2.8573240349125313
5548,166440,test,12.75230247684097,0,True,shifted,2.9424984682010096,2.8757968992731517
5549,166470,test,12.840408228999761,0,True,shifted,3.037875329813726,2.968825707469118
5550,166500,test,13.121817810642808,0,True,shifted,3.342508819310397,3.2659595194363082
5551,166530,test,12.846438277120946,0,True,shifted,3.0444030201299688,2.9751926945991647
5552,166560,test,12.57889172893326,0,True,shifted,2.7547766396018627,2.692696536232713
5553,166590,test,12.582709244419588,0,True,shifted,2.758909203450677,2.696727361772035
5554,166620,test,13.594413060178994,0,True,shifted,3.8541059694329345,3.764961817767404
5555,166650,test,14.738533770534726,0,True,shifted,5.092647608157867,4.973012183478924
5556,166680,test,14.804704202006015,0,True,shifted,5.164278891367576,5.042879998312313
5557,166710,test,13.769714679152816,0,True,shifted,4.04387471714441,3.9500587074524995
5558,166740,test,11.344383231894032,0,True,shifted,1.4183877751197043,1.3892078153104908
5559,166770,test,9.836579735351325,0,True,shifted,-0.2138503240425304,-0.2028467196110742
5560,166800,test,11.03442411777837,0,True,shifted,1.0828486439250788,1.0619292180664808
5561,166830,test,10.419684153502919,0,True,shifted,0.4173759924365022,0.41283963168049254
5562,166860,test,11.307807018837156,0,True,shifted,1.3787930344181487,1.3505878452673277
5563,166890,test,10.709703638738143,0,True,shifted,0.7313299356298839,0.7190644399814844
5564,166920,test,9.968640962488188,0,True,shifted,-0.07089047095215184,-0.06340635086764382
5565,166950,test,10.549617022097738,0,True,shifted,0.5580318397933978,0.550032716294016
5566,166980,test,10.664586570440498,0,True,shifted,0.6824894879410601,0.6714263801478726
5567,167010,test,12.152938602399336,0,True,shifted,2.29367085016702,2.2429425674182872
5568,167040,test,10.77406284228768,0,True,shifted,0.801000515586864,0.7870198215082704
5569,167070,test,10.17472875032771,0,True,shifted,0.15220513789544526,0.15419693628096828
5570,167100,test,11.410893863477865,0,True,shifted,1.49038733415999,1.4594348395058416
5571,167130,test,11.314495813043555,0,True,shifted,1.3860338352029815,1.3576503870201964
5572,167160,test,10.822057919507234,0,True,shifted,0.8529564858373747,0.8376967038185357
5573,167190,test,11.289254426103035,0,True,shifted,1.358709350590443,1.3309985954316321
5574,167220,test,11.508460797780364,0,True,shifted,1.5960061815443825,1.5624534891978297
5575,167250,test,10.142415241485281,0,True,shifted,0.11722488989153512,0.12007785616888786
5576,167280,test,9.803798011255239,0,True,shifted,-0.24933742773246467,-0.23746017728602345
5577,167310,test,9.411727163739016,0,True,shifted,-0.6737647329842271,-0.6514386381597309
5578,167340,test,10.534283679958314,0,True,shifted,0.5414330818751113,0.5338425980560967
5579,167370,test,10.351857028120879,0,True,shifted,0.34395129322399176,0.3412225523974349
5580,167400,test,10.683902929536632,0,True,shifted,0.7033999695297437,0.6918220730665371
5581,167430,test,11.507548843388937,0,True,shifted,1.5950189662303194,1.5614905778318318
5582,167460,test,11.195643854836948,0,True,shifted,1.2573733732862409,1.2321573771677834
5583,167490,test,9.92687721113042,0,True,shifted,-0.11610086228390751,-0.10750372157737266
5584,167520,test,10.26868492432683,0,True,shifted,0.25391523951314515,0.25340306840771115
5585,167550,test,10.717227879445192,0,True,shifted,0.7394751298660514,0.7270091102034105
5586,167580,test,11.512670948265232,0,True,shifted,1.600563783407201,1.5668988888719284
5587,167610,test,10.628712537659682,0,True,shifted,0.6436548763953875,0.6335478258763244
5588,167640,test,10.824811364227745,0,True,shifted,0.8559371642792677,0.8406040018610175
5589,167670,test,11.357428461617234,0,True,shifted,1.4325095894113924,1.4029819690298175
5590,167700,test,11.415936607921575,0,True,shifted,1.4958462415204217,1.4647593557166523
5591,167730,test,10.890524265036932,0,True,shifted,0.92707315816253,0.9099887207424898
5592,167760,test,11.585469533529654,0,True,shifted,1.6793702225129319,1.643765216660561
5593,167790,test,9.735215205676084,0,True,shifted,-0.3235801712135691,-0.30987516165918416
5594,167820,test,9.46253382214332,0,True,shifted,-0.6187651499956118,-0.5977930728707193
5595,167850,test,9.491973037893171,0,True,shifted,-0.5868964020675532,-0.5667088917777897
5596,167880,test,10.508865665887159,0,True,shifted,0.5139173936126084,0.5070043100010083
5597,167910,test,11.257987349489483,0,True,shifted,1.3248618937997634,1.297984418696742
5598,167940,test,12.552349838619786,0,True,shifted,2.726044324885276,2.664671573473411
5599,167970,test,12.459091643192089,0,True,shifted,2.6250898039644563,2.566202420636384
5600,168000,test,11.586272559159973,0,True,shifted,1.6802395194945448,1.6446131126890144
5601,168030,test,11.375906268162744,0,True,shifted,1.4525123151655683,1.4224922538737217
5602,168060,test,11.843520941848743,0,True,shifted,1.9587178571129802,1.9162356783615133
5603,168090,test,10.921103524898987,0,True,shifted,0.9601760347014655,0.9422766478162486
5604,168120,test,11.089846726501785,0,True,shifted,1.1428451180815218,1.1204486576072532
5605,168150,test,9.937478637168258,0,True,shifted,-0.10462453163201178,-0.09630992315544654
5606,168180,test,9.93436555882143,0,True,shifted,-0.10799452320917785,-0.09959694995369886
5607,168210,test,10.295619911322737,0,True,shifted,0.2830730920290496,0.28184309278304337
5608,168240,test,9.905868475322704,0,True,shifted,-0.1388433874731761,-0.129686355582624
5609,168270,test,10.89653281438555,0,True,shifted,0.9335775754755273,0.9163330078201501
5610,168300,test,11.376844689905239,0,False,shifted,,
5611,168330,test,11.990183029186282,0,False,shifted,,
5612,168360,test,11.614953856509564,0,False,shifted,,
5613,168390,test,10.965767321126167,0,False,shifted,,
5614,168420,test,10.579334372391074,0,False,shifted,,
5615,168450,test,11.803649394130082,0,False,shifted,,
5616,168480,test,12.401607897110406,0,False,shifted,,
5617,168510,test,12.235271514105118,0,False,shifted,,
5618,168540,test,10.992212220045598,0,False,shifted,,
5619,168570,test,11.392032275600254,0,False,shifted,,
5620,168600,test,11.082194243572491,0,False,shifted,,
5621,168630,test,12.2498419977423,0,False,shifted,,
5622,168660,test,11.982123980771242,0,False,shifted,,
5623,168690,test,11.075798138935344,0,False,shifted,,
5624,168720,test,11.2117093223157,0,False,shifted,,
5625,168750,test,10.775651897664325,0,False,shifted,,
5626,168780,test,10.229229757697642,0,False,shifted,,
5627,168810,test,11.015624725591362,0,False,shifted,,
5628,168840,test,11.577905708942259,0,False,shifted,,
5629,168870,test,10.909017003842369,0,False,shifted,,
5630,168900,test,11.392923999216489,0,True,shifted,1.4709344696776843,1.4404608790694535
5631,168930,test,11.095790196951022,0,True,shifted,1.149279085724344,1.126724229393349
5632,168960,test,10.763725967703653,0,True,shifted,0.7898105690447597,0.7761053567944332
5633,168990,test,10.902102661335594,0,True,shifted,0.9396070855670013,0.9222140792700896
5634,169020,test,11.668821750506888,0,True,shifted,1.7696012536199917,1.7317748779583673
5635,169050,test,11.786906837127992,0,True,shifted,1.8974315562872726,1.856458165994773
5636,169080,test,12.50922126572401,0,True,shifted,2.6793564772947938,2.6191331195430045
5637,169110,test,12.038325372702943,0,True,shifted,2.169598926599102,2.1219251321102095
5638,169140,test,11.588163436533089,0,True,shifted,1.6822864454343773,1.6466096459930906
5639,169170,test,10.010359432887272,0,True,shifted,-0.025729097483862536,-0.019356791265782047
5640,169200,test,10.079065676684724,0,True,shifted,0.048647271209850754,0.05318852864226354
5641,169230,test,11.540715031647059,0,True,shifted,1.63092226278257,1.5965099822459194
5642,169260,test,12.303079710378634,0,True,shifted,2.456202663666698,2.401473060539358
5643,169290,test,10.126045707350631,0,True,shifted,0.0995044260901327,0.10279364697758404
5644,169320,test,10.46739047837651,0,True,shifted,0.46901938045638175,0.4632116271252522
5645,169350,test,9.786768566763694,0,True,shifted,-0.26777226235806584,-0.2554411704274538
5646,169380,test,10.453259800765137,0,True,shifted,0.45372253944417595,0.4482913743043212
5647,169410,test,10.218287587060175,0,True,shifted,0.1993587577357902,0.2001896957584733
5648,169440,test,11.9580267200793,0,True,shifted,2.082673461560567,2.037139658173658
5649,169470,test,10.804971009571851,0,True,shifted,0.8344594433133087,0.8196550342556262
5650,169500,test,10.843632274230485,0,True,shifted,0.8763113088132303,0.8604765616408014
5651,169530,test,12.062272688440896,0,True,shifted,2.195522544106144,2.1472105441066835
5652,169560,test,11.393516709253035,0,True,shifted,1.4715760943360863,1.4410867077691087
5653,169590,test,11.84178853184671,0,True,shifted,1.9568424763918375,1.9144064670575178
5654,169620,test,13.466036398058975,0,True,shifted,3.7151347577093667,3.629411895264303
5655,169650,test,11.698638724851255,0,True,shifted,1.801878935452016,1.763257925538132
5656,169680,test,11.214944039356679,0,True,shifted,1.2782663454581442,1.2525359917285765
5657,169710,test,11.634674815735314,0,True,shifted,1.7326362724194777,1.6957199261815559
5658,169740,test,11.05324643337516,0,True,shifted,1.103224310052648,1.0818032619802298
5659,169770,test,10.405212782873415,0,True,shifted,0.40171034201008055,0.39755964905008984
5660,169800,test,10.40547477189837,0,True,shifted,0.4019939522212742,0.3978362771493314
5661,169830,test,10.550489330451953,0,True,shifted,0.5589761371990152,0.5509537663342641
5662,169860,test,10.488193357313762,0,True,shifted,0.49153906001111075,0.4851769016636229
5663,169890,test,10.184755729757619,0,True,shifted,0.16305961454478413,0.1647841899314313
5664,169920,test,10.959151580061619,0,True,shifted,1.0013640843232319,0.9824507016007816
5665,169950,test,10.481736230191206,0,True,shifted,0.4845490451154462,0.47835897177978803
5666,169980,test,11.566628110028603,0,True,shifted,1.658973871561775,1.62387099715649
5667,170010,test,10.802751539613094,0,True,shifted,0.8320568070049734,0.8173115477064422
5668,170040,test,10.387998153164018,0,True,shifted,0.3830750393734471,0.3793831231575036
5669,170070,test,10.997180753649408,0,True,shifted,1.0425316941291332,1.022604818770946
5670,170100,test,10.783940943636386,0,True,shifted,0.8116938276833763,0.7974498782661185
5671,170130,test,11.67449899881407,0,True,shifted,1.7757470285877734,1.737769351995633
5672,170160,test,11.88804744366299,0,True,shifted,2.006919000597708,1.96325017282323
5673,170190,test,11.415134755138414,0,True,shifted,1.494978214177605,1.4639126980701502
5674,170220,test,12.579261943132348,0,True,shifted,2.7551774064935626,2.6930874367684283
5675,170250,test,12.512891702685806,0,True,shifted,2.683329824659589,2.623008648299616
5676,170280,test,12.38346882150252,0,True,shifted,2.543226052480332,2.486354047495917
5677,170310,test,12.292635242961053,0,True,shifted,2.4448962449698817,2.390444991062713
5678,170340,test,11.837055462737094,0,True,shifted,1.9517188009630453,1.909408929807247
5679,170370,test,11.098855141548905,0,True,shifted,1.1525969712153623,1.1299604328890507
5680,170400,test,10.81791504776757,0,True,shifted,0.8484717150373823,0.833322342201884
5681,170430,test,10.424719272429066,0,True,shifted,0.4228266449677597,0.4181560962852117
5682,170460,test,11.310770113537547,0,True,shifted,1.3820006646381964,1.3537165078324271
5683,170490,test,11.682582318659264,0,True,shifted,1.7844974411244825,1.7463043408362027
5684,170520,test,11.539263241114586,0,True,shifted,1.6293506602332068,1.5949770704929762
5685,170550,test,11.132214448721662,0,True,shifted,1.188709324220168,1.1651837470596353
5686,170580,test,10.201516252239154,0,True,shifted,0.18120333381520284,0.18248123459644672
5687,170610,test,11.442826789137518,0,True,shifted,1.524955590566686,1.4931520707142414
5688,170640,test,12.812825173525148,0,True,shifted,3.008015925627304,2.939701402706566
5689,170670,test,12.043090400176487,0,True,shifted,2.1747571978219153,2.126956413451363
5690,170700,test,11.332418660042325,0,True,shifted,1.405435802225824,1.3765747030259123
5691,170730,test,10.941159440619918,0,True,shifted,0.9818871063552668,0.9634532213211695
5692,170760,test,10.743155712650172,0,True,shifted,0.7675427111410185,0.7543857043878166
5693,170790,test,9.185212394910058,0,True,shifted,-0.9189731016830053,-0.8906102979733197
5694,170820,test,10.141946088907494,0,True,shifted,0.11671701952676881,0.11958248890733854
5695,170850,test,10.914912875191439,0,True,shifted,0.953474488820721,0.9357400852179977
5696,170880,test,10.657023620181494,0,True,shifted,0.6743023895670873,0.6634408374131318
5697,170910,test,10.769617647194202,0,True,shifted,0.7961884715728925,0.7823262437155345
5698,170940,test,11.524925381798955,0,True,shifted,1.6138295394180193,1.579838059344071
5699,170970,test,11.852395947628926,0,True,shifted,1.968325291104157,1.9256065899107926
5700,171000,test,10.1438682540708,0,True,shifted,0.11879781534639906,0.12161205825913132
5701,171030,test,11.538842046396326,0,True,shifted,1.6288947055495318,1.594532340816444
5702,171060,test,10.007141276799953,0,True,shifted,-0.02921283855941913,-0.022754767198753537
5703,171090,test,10.24519122080932,0,True,shifted,0.22848266951338633,0.22859661497202177
5704,171120,test,10.962790805025918,0,True,shifted,1.0053036438558711,0.9862932743374131
5705,171150,test,10.065324393546554,0,True,shifted,0.03377196025525661,0.03867942836100846
5706,171180,test,10.375333516732274,0,True,shifted,0.36936522762189655,0.3660108290153807
5707,171210,test,11.593073874312758,0,True,shifted,1.6876021272496267,1.651794462684057
5708,171240,test,12.374225621719061,0,True,shifted,2.5332200385141066,2.4765943684885503
5709,171270,test,12.103719886999212,0,True,shifted,2.2403902584638486,2.190973674100654
5710,171300,test,10.996744596242443,0,True,shifted,1.0420595419299166,1.0221442903404911
5711,171330,test,11.1892958883267,0,True,shifted,1.250501527708226,1.2254547074277655
5712,171360,test,11.581235119825884,0,True,shifted,1.6747863550588795,1.6392941980196842
5713,171390,test,10.350762505596023,0,True,shifted,0.342766442963625,0.3400668715986666
5714,171420,test,11.551705201211604,0,True,shifted,1.6428194188248764,1.6081142458883042
5715,171450,test,12.265510167027234,0,True,shifted,2.415532616033242,2.3618042562126162
5716,171480,test,11.315867656333802,0,True,shifted,1.387518892698574,1.3590988843452443
5717,171510,test,11.701584168671037,0,True,shifted,1.8050674581160187,1.7663679509501913
5718,171540,test,11.579350837766711,0,True,shifted,1.6727465687249161,1.6373046285537318
5719,171570,test,10.699554364707497,0,True,shifted,0.7203430717649026,0.7083480583152392
5720,171600,test,10.176532255099799,0,True,shifted,0.15415748062961154,0.1561012148940248
5721,171630,test,9.90991591238356,0,True,shifted,-0.13446192729627665,-0.12541276121683187
5722,171660,test,11.69539583025796,0,True,shifted,1.798368414274103,1.75983382879385
5723,171690,test,9.547765065147463,0,True,shifted,-0.5265000223517876,-0.5077993918288044
5724,171720,test,10.750245911942278,0,True,shifted,0.7752180437966096,0.7618720804058972
5725,171750,test,11.354466873300257,0,True,shifted,1.4293035898921669,1.3998548970198212
5726,171780,test,10.68188183380084,0,True,shifted,0.7012120786874835,0.689688045231308
5727,171810,test,11.468885348784752,0,True,shifted,1.5531646867539775,1.520666695899174
5728,171840,test,11.70483098956367,0,True,shifted,1.8085822296192438,1.769796193382343
5729,171870,test,11.626476562029259,0,True,shifted,1.7237614408672866,1.6870635813587123
5730,171900,test,11.294466798271433,0,True,shifted,1.3643518845544373,1.3365022175995234
5731,171930,test,11.546835852117846,0,True,shifted,1.63754821662434,1.602972813782192
5732,171960,test,12.31108585839129,0,True,shifted,2.4648695356057493,2.4099265654423703
5733,171990,test,11.429319332636899,0,True,shifted,1.5103334032766045,1.4788898625243976
5734,172020,test,11.511110961284068,0,True,shifted,1.598875055273402,1.5652517350130368
5735,172050,test,11.852509924417564,0,True,shifted,1.968448674063052,1.9257269353428357
5736,172080,test,11.35616200115105,0,True,shifted,1.431138611675416,1.4016447429701155
5737,172110,test,12.13724151232525,0,True,shifted,2.2766783252633087,2.2263683762224034
5738,172140,test,12.816123240985057,0,True,shifted,3.011586172926779,2.943183755193521
5739,172170,test,11.03553191388868,0,True,shifted,1.0840478632009969,1.063098914134457
5740,172200,test,12.091288949549025,0,True,shifted,2.2269334321857412,2.1778481372609564
5741,172230,test,9.699096466482597,0,True,shifted,-0.362679684074822,-0.34801209572286734
5742,172260,test,9.81312347993576,0,True,shifted,-0.23924235545826475,-0.227613632469584
5743,172290,test,12.272431122146237,0,True,shifted,2.423024737290244,2.3691119312567865
5744,172320,test,11.403060951717132,0,True,shifted,1.481907995152911,1.4511642507196305
5745,172350,test,11.884246777552072,0,True,shifted,2.002804676653866,1.959237138146309
5746,172380,test,11.65041562697794,0,True,shifted,1.749676126671605,1.7123402815392856
5747,172410,test,11.595783090274708,0,True,shifted,1.6905349268631658,1.6546550606122317
5748,172440,test,11.814947663987862,0,True,shifted,1.9277865103894734,1.8860658208832046
5749,172470,test,12.565962349022255,0,True,shifted,2.7407802358677738,2.6790447056273092
5750,172500,test,12.262546543839518,0,True,shifted,2.4123244137113597,2.3586750356300796
5751,172530,test,12.661749878778702,0,True,shifted,2.8444728296650448,2.7801845235726543
5752,172560,test,13.106589151396946,0,True,shifted,3.326023383458013,3.2498799334234483
5753,172590,test,11.982802903728128,0,True,shifted,2.10949435101744,2.0633002524597255
5754,172620,test,12.996768122393489,0,True,shifted,3.2071391468584416,3.1339224710249285
5755,172650,test,12.05564850496584,0,True,shifted,2.1883516861869134,2.1402162233176703
5756,172680,test,12.065612831912997,0,True,shifted,2.199138339827757,2.1507373236732787
5757,172710,test,10.87019049503283,0,True,shifted,0.9050613017260651,0.8885187673823133
5758,172740,test,10.467732958607229,0,True,shifted,0.4693901245766012,0.46357324401079963
5759,172770,test,9.993301962531019,0,True,shifted,-0.044194270866631566,-0.03736737626391378
5760,172800,test,12.293732806540989,0,True,shifted,2.4460843872546905,2.391603882840593
5761,172830,test,10.908789984678583,0,True,shifted,0.9468462941023787,0.9292750679725994
5762,172860,test,11.006418501111952,0,True,shifted,1.0525318058103814,1.0323587407998613
5763,172890,test,10.118205232471833,0,True,shifted,0.09101689980302599,0.09451507247145671
5764,172920,test,10.013277874298833,0,True,shifted,-0.022569805657676294,-0.016275277066596264
5765,172950,test,10.151357541948629,0,True,shifted,0.12690517219881184,0.12951982260413467
5766,172980,test,10.631171798255465,0,True,shifted,0.646317092559105,0.6361445017648258
5767,173010,test,10.67467063137945,0,True,shifted,0.6934057568690556,0.6820739048320217
5768,173040,test,11.805138357393517,0,True,shifted,1.9171676704767353,1.8757084029015034
5769,173070,test,11.725318942099475,0,True,shifted,1.8307609928197857,1.7914289444806646
5770,173100,test,10.870404104921626,0,True,shifted,0.9052925402128109,0.888744313080371
5771,173130,test,11.129758933916383,0,True,shifted,1.186051162976065,1.1625910262639383
5772,173160,test,13.230031556001343,0,True,shifted,3.459653127857395,3.3802198885321055
5773,173190,test,12.275852894116943,0,True,shifted,2.426728898071166,2.3727249004506636
5774,173220,test,10.408198856908886,0,True,shifted,0.4049428479823711,0.40071257495899226
5775,173250,test,13.34271798586615,0,True,shifted,3.5816392384518143,3.4992028608502794
5776,173280,test,12.00823851658386,0,True,shifted,2.1370290904406226,2.090157122660869
5777,173310,test,12.276561909329441,0,True,shifted,2.4274964262307566,2.3734735330722057
5778,173340,test,11.919499667219661,0,True,shifted,2.040966883965986,1.996459841895879
5779,173370,test,12.58273343164211,0,True,shifted,2.7589353867737714,2.6967529004960076
5780,173400,test,11.392810664095869,0,True,shifted,1.4708117813417882,1.440341211159701
5781,173430,test,10.835728937279734,0,True,shifted,0.867755732631645,0.8521316125394719
5782,173460,test,11.897446158216434,0,True,shifted,2.017093363512013,1.973174056248063
5783,173490,test,12.026095880955491,0,True,shifted,2.1563601707470625,2.109012297088299
5784,173520,test,10.675785662748495,0,True,shifted,0.694612808508403,0.6832512404408977
5785,173550,test,11.069573807594534,0,True,shifted,1.1208991346045534,1.0990429555005847
5786,173580,test,10.174266584339446,0,True,shifted,0.1517048307029558,0.15370894599629992
5787,173610,test,10.067958534325713,0,True,shifted,0.03662348895124355,0.0414607561551796
5788,173640,test,10.953761462922657,0,True,shifted,0.9955291366172914,0.9767594026652644
5789,173670,test,12.052072136946013,0,True,shifted,2.184480170998116,2.136440019762254
5790,173700,test,11.300932139545314,0,True,shifted,1.3713507914912573,1.3433288206141065
5791,173730,test,11.198784587385568,0,True,shifted,1.2607733012854063,1.2354736033925338
5792,173760,test,10.407420040609995,0,True,shifted,0.4040997582573427,0.39989024099878984
5793,173790,test,11.46023639055103,0,True,shifted,1.5438019553506384,1.5115344626805098
5794,173820,test,11.407588252510205,0,True,shifted,1.4868089208091824,1.4559445220050424
5795,173850,test,10.613157517595535,0,True,shifted,0.6268161461230743,0.61712364308944
5796,173880,test,9.69540232363943,0,True,shifted,-0.36667869369788747,-0.3519126549665611
5797,173910,test,10.106275388197794,0,True,shifted,0.07810252045199757,0.08191862822594187
5798,173940,test,10.693148756624788,0,True,shifted,0.7134088276244213,0.7015845261836384
5799,173970,test,11.046309353845515,0,True,shifted,1.0957147336846624,1.0744785615470467
5800,174000,test,16.828772450893617,1,True,shifted,7.355387559515805,7.1800464407705435
5801,174030,test,15.959320677581308,1,True,shifted,6.414182480048528,6.26201259765281
5802,174060,test,15.563924284998375,1,True,shifted,5.986155182244147,5.8445227713281795
5803,174090,test,16.23144718815435,1,True,shifted,6.708766793832025,6.549344631451366
5804,174120,test,16.84122640962688,1,True,shifted,7.368869306955998,7.193196285245956
5805,174150,test,18.108052118832898,1,True,shifted,8.740242428390932,8.530807996534055
5806,174180,test,17.837309742079576,1,True,shifted,8.447156476933866,8.244937437343875
5807,174210,test,15.923022413893914,1,True,shifted,6.374888627063141,6.22368610786432
5808,174240,test,17.41512761691008,1,True,shifted,7.990132898551807,7.799165180892631
5809,174270,test,18.309258237077977,1,True,shifted,8.958053497762501,8.743256842647318
5810,174300,test,18.312565051515385,1,True,shifted,8.961633213901889,8.746748430863747
5811,174330,test,17.01710196068266,1,True,shifted,7.559259351681738,7.378899176426544
5812,174360,test,17.68430232129865,1,True,shifted,8.281521802239304,8.083380471406684
5813,174390,test,17.846206055199822,1,True,shifted,8.456786976697423,8.254330846816426
5814,174420,test,17.958501427927473,1,True,shifted,8.578349757355495,8.372900911026846
5815,174450,test,17.45232906510467,1,True,shifted,8.030404473214189,7.838445322130962
5816,174480,test,17.404442672338156,1,True,shifted,7.978566156826031,7.787883197199052
5817,174510,test,17.802410938416244,1,True,shifted,8.409377577305975,8.20808860474537
5818,174540,test,17.014085009688145,1,True,shifted,7.555993420565487,7.375713648256949
5819,174570,test,16.87878346971614,1,True,shifted,7.4095258411202805,7.2328519087874374
5820,174600,test,10.323837729092801,0,True,shifted,0.31361964358243516,0.3116376282443487
5821,174630,test,9.114545565293916,0,True,shifted,-0.9954718575957964,-0.9652257547068239
5822,174660,test,9.747381741525873,0,True,shifted,-0.3104095668248791,-0.2970288003008541
5823,174690,test,10.195043591262241,0,True,shifted,0.1741965031017164,0.17564690287820084
5824,174720,test,11.80985814143602,0,True,shifted,1.92227696446077,1.8806919127593513
5825,174750,test,11.668706412494483,0,True,shifted,1.769476397099523,1.7316530952419065
5826,174780,test,12.326990581099054,0,True,shifted,2.482086828455744,2.426719991092081
5827,174810,test,12.872405872943034,0,True,shifted,3.0725136455142747,3.002611273203313
5828,174840,test,12.723076695783716,0,True,shifted,2.9108607691050694,2.844938078892701
5829,174870,test,13.107925906528004,0,True,shifted,3.3274704570714957,3.251291381979816
5830,174900,test,11.033058246255022,0,True,shifted,1.0813700510288025,1.0604870261907808
5831,174930,test,10.724605945064045,0,True,shifted,0.7474620856124898,0.734799437559978
5832,174960,test,10.500122280980614,0,True,shifted,0.5044524427799398,0.4977723738614868
5833,174990,test,11.486441086535805,0,True,shifted,1.5721692480790266,1.5392033898148894
5834,175020,test,10.95093856695252,0,True,shifted,0.992473275317729,0.9737787726686011
5835,175050,test,11.803918008844645,0,True,shifted,1.915846610139435,1.8744198653394997
5836,175080,test,11.378464599318033,0,True,shifted,1.4552817778916534,1.4251935360546872
5837,175110,test,12.457054859791798,0,True,shifted,2.622884930800733,2.564051828562204
5838,175140,test,13.211785500051052,0,True,shifted,3.439901278395712,3.3609543037349483
5839,175170,test,13.572946817656888,0,True,shifted,3.830868180841266,3.742296113096068
5840,175200,test,12.470067313568006,0,True,shifted,2.6369712642425998,2.577791374923762
5841,175230,test,10.511029860881719,0,True,shifted,0.5162601932759837,0.5092894330050626
5842,175260,test,10.596759290854571,0,True,shifted,0.6090646217986679,0.5998091380445282
5843,175290,test,9.626950065617777,0,True,shifted,-0.4407801159142542,-0.4241897972194319
5844,175320,test,10.420347606493372,0,True,shifted,0.4180941982574227,0.41354015621474427
5845,175350,test,9.39250756068637,0,True,shifted,-0.6945704735367823,-0.6717321686293959
5846,175380,test,9.729841230340808,0,True,shifted,-0.3293976449800835,-0.3155494168407782
5847,175410,test,10.538026360250255,0,True,shifted,0.5454846346003153,0.5377944068595705
5848,175440,test,11.73657491517796,0,True,shifted,1.842945888360864,1.8033138638522173
5849,175470,test,11.042311874598854,0,True,shifted,1.0913873541939179,1.0702577164717464
5850,175500,test,10.671751512178009,0,True,shifted,0.6902457313169762,0.6789916749703133
5851,175530,test,11.808464128320907,0,True,shifted,1.9207679075296529,1.8792200068334493
5852,175560,test,12.276883673855428,0,True,shifted,2.427844745039858,2.373813276728424
5853,175590,test,12.488454724373222,0,True,shifted,2.6568761341610196,2.5972062130144242
5854,175620,test,12.614114663860484,0,True,shifted,2.7929064200967044,2.729887611470777
5855,175650,test,12.092041354584167,0,True,shifted,2.227747931002846,2.1786425841839416
5856,175680,test,11.375401952888907,0,True,shifted,1.4519663802305234,1.4219597591417603
5857,175710,test,12.256340051247662,0,True,shifted,2.4056057174795074,2.352121744899903
5858,175740,test,13.256273747064359,0,True,shifted,3.4880610100229186,3.4079284058448382
5859,175770,test,11.706010054013195,0,True,shifted,1.8098585988014984,1.7710411400270056
5860,175800,test,11.562223171627748,0,True,shifted,1.654205406507261,1.6192199254663053
5861,175830,test,11.213634448082136,0,True,shifted,1.276848677454627,1.2511532248545703
5862,175860,test,12.291438595856595,0,True,shifted,2.443600842087725,2.389181479302911
5863,175890,test,12.266218909778667,0,True,shifted,2.416299849246354,2.3625526011488756
5864,175920,test,11.470145933257548,0,True,shifted,1.5545293035680565,1.5219977176345445
5865,175950,test,11.92963207885689,0,True,shifted,2.0519354938336525,2.0071584189543166
5866,175980,test,10.48583728914411,0,True,shifted,0.4889885524419566,0.48268918425039264
5867,176010,test,9.588465402275824,0,True,shifted,-0.48244080570851466,-0.4648248553944344
5868,176040,test,9.489865135504354,0,True,shifted,-0.5891782634614489,-0.5689345767327473
5869,176070,test,10.941768212818891,0,True,shifted,0.9825461187392762,0.9640960096834006
5870,176100,test,11.138347931174122,0,True,shifted,1.1953489849998413,1.171659948086952
5871,176130,test,12.1443110985588,0,True,shifted,2.284331343725046,2.2338329873928573
5872,176160,test,13.563235520785781,0,True,shifted,3.8203554391069217,3.7320421812945663
5873,176190,test,12.289652259430232,0,True,shifted,2.441667084552531,2.3872953283455693
5874,176220,test,11.274399034662371,0,True,shifted,1.3426279872410294,1.3153131341859374
5875,176250,test,11.242233972495658,0,True,shifted,1.3078084367818261,1.2813507954554808
5876,176280,test,10.758225904341568,0,True,shifted,0.7838566015761963,0.7702979682069673
5877,176310,test,10.6746243967229,0,True,shifted,0.6933557066018305,0.6820250867368244
5878,176340,test,10.173991954290983,0,True,shifted,0.15140753624163977,0.15341897053525158
5879,176370,test,10.773744118517,0,True,shifted,0.8006554884776905,0.7866832885146389
5880,176400,test,10.31365542643673,0,True,shifted,0.3025970253363914,0.3008863724230747
5881,176430,test,10.327458770161016,0,True,shifted,0.3175395185553497,0.3154610010293347
5882,176460,test,11.416163112105073,0,True,shifted,1.4960914384302133,1.464998516199662
5883,176490,test,14.052648397446482,0,True,shifted,4.350158125821648,4.248801819750948
5884,176520,test,12.372726427419785,0,True,shifted,2.5315971201040246,2.47501140420417
5885,176550,test,13.264473158031448,0,True,shifted,3.4969370943415043,3.4165859725926087
5886,176580,test,13.265432079595563,0,True,shifted,3.4979751528913385,3.417598475500503
5887,176610,test,11.271382019693194,0,True,shifted,1.339361986870473,1.3121275384669866
5888,176640,test,10.857972694002004,0,True,shifted,0.8918352013912249,0.8756182763153436
5889,176670,test,10.445723410786401,0,True,shifted,0.4455641932925439,0.44033387594986406
5890,176700,test,11.190987933168477,0,True,shifted,1.2523332120507624,1.2272412981007663
5891,176730,test,11.305315132327763,0,True,shifted,1.3760954998198103,1.3479567204378087
5892,176760,test,11.88875786158837,0,True,shifted,2.0076880472319636,1.9640002865365795
5893,176790,test,11.645784627725922,0,True,shifted,1.7446629446265516,1.7074505174703603
5894,176820,test,11.673426383284692,0,True,shifted,1.7745858932430039,1.7366368022822996
5895,176850,test,11.113909817948793,0,True,shifted,1.1688940659275047,1.1458563144738696
5896,176880,test,12.467249565985398,0,True,shifted,2.633920976211898,2.5748161809893797
5897,176910,test,11.720842029028436,0,True,shifted,1.8259146132365418,1.7867018764154021
5898,176940,test,11.669214381122838,0,True,shifted,1.7700262868897254,1.7321894474656712
5899,176970,test,12.790345523251876,0,True,shifted,2.9836810957134525,2.915965664433591
5900,177000,test,12.264221553504,0,True,shifted,2.414137657013355,2.3604436392568053
5901,177030,test,11.209760647160126,0,True,shifted,1.2726551830981192,1.2470629688368526
5902,177060,test,10.964189834495672,0,True,shifted,1.0068181311266722,0.987770476915148
5903,177090,test,10.85168384201367,0,True,shifted,0.8850273488833302,0.8689780242198719
5904,177120,test,11.780686998998238,0,True,shifted,1.8906984131494002,1.8498907840224816
5905,177150,test,11.180649705717716,0,True,shifted,1.2411418009937982,1.2163254049265069
5906,177180,test,10.716361277235764,0,True,shifted,0.7385370095166232,0.7260940851483184
5907,177210,test,10.419588507860922,0,True,shifted,0.41727245344004554,0.4127386416785225
5908,177240,test,9.915073279960842,0,True,shifted,-0.1288789372910642,-0.11996721711344258
5909,177270,test,10.559666366350989,0,True,shifted,0.5689105269693879,0.5606435844396729
5910,177300,test,11.15885330307259,0,True,shifted,1.2175466051319825,1.1933110918839143
5911,177330,test,11.571337791217848,0,True,shifted,1.6640722289336876,1.6288438396472824
5912,177360,test,10.484183927439394,0,True,shifted,0.4871987436423883,0.4809434381993369
5913,177390,test,11.294148145115363,0,True,shifted,1.3640069338874918,1.3361657591662124
5914,177420,test,9.779714537962487,0,True,shifted,-0.27540843947817334,-0.2628893548680518
5915,177450,test,10.822071694581469,0,True,shifted,0.8529713977281064,0.8377112485980477
5916,177480,test,10.810006537154292,0,True,shifted,0.8399105382260669,0.8249719303509929
5917,177510,test,10.564430947406823,0,True,shifted,0.5740683149329464,0.5656743944187818
5918,177540,test,10.576932409235026,0,True,shifted,0.587601485759253,0.5788743963038916
5919,177570,test,11.062847502321565,0,True,shifted,1.1136177270747867,1.091940806687659
5920,177600,test,11.921482945970283,0,True,shifted,2.043113836898146,1.998553939658738
5921,177630,test,11.33083319458034,0,True,shifted,1.4037194929468677,1.374900647033534
5922,177660,test,12.081696387767884,0,True,shifted,2.21654922440028,2.1677195750708584
5923,177690,test,10.913447905528004,0,True,shifted,0.9518886195053512,0.9341932579281412
5924,177720,test,11.871643936148821,0,True,shifted,1.9891617596933653,1.945930091933093
5925,177750,test,10.6663460390681,0,True,shifted,0.6843941603568213,0.6732841620233289
5926,177780,test,9.692619216282896,0,True,shifted,-0.36969148274620084,-0.3548512730943889
5927,177810,test,11.492556769713515,0,True,shifted,1.5787896406619801,1.5456607970032537
5928,177840,test,11.847222568987894,0,True,shifted,1.9627249686890367,1.9201441400987267
5929,177870,test,12.19782229310023,0,True,shifted,2.3422586602901534,2.2903342092921934
5930,177900,test,10.987507236230849,0,True,shifted,1.032059849674809,1.0123907774119942
5931,177930,test,10.463754613793316,0,True,shifted,0.46508345862725037,0.4593726025366327
5932,177960,test,10.471634521237675,0,True,shifted,0.4736136717339621,0.46769281296877385
5933,177990,test,11.723253078868225,0,True,shifted,1.8285246399518977,1.7892476476914074
5934,178020,test,12.566724378141252,0,True,shifted,2.741605153016162,2.6798493143959075
5935,178050,test,12.280240743072154,0,True,shifted,2.4314788633381834,2.3773579277938905
5936,178080,test,11.934078949970912,0,True,shifted,2.0567493521852303,2.0118537664180427
5937,178110,test,11.985637491755307,0,True,shifted,2.112562869285238,2.0662932278266433
5938,178140,test,11.831503603404919,0,True,shifted,1.9457087629548135,1.903546851063363
5939,178170,test,11.710644146156929,0,True,shifted,1.8148751289855538,1.775934169808136
5940,178200,test,10.926387189504393,0,True,shifted,0.9658957446583086,0.9478555460051232
5941,178230,test,11.242953920001442,0,True,shifted,1.3085877994448205,1.2821109712304524
5942,178260,test,11.865106142953207,0,True,shifted,1.982084421590096,1.9390269886246565
5943,178290,test,12.285098460907541,0,True,shifted,2.4367374743866916,2.3824870787256467
5944,178320,test,12.575175665146407,0,True,shifted,2.7507538999638896,2.6887728311759993
5945,178350,test,10.97434666564779,0,True,shifted,1.0178131757802082,0.9984948379696484
5946,178380,test,11.208491102149429,0,True,shifted,1.271280866259213,1.2457224858785618
5947,178410,test,12.004369772266054,0,True,shifted,2.132841069995041,2.0860722057935597
5948,178440,test,12.726900034842068,0,True,shifted,2.914999637128234,2.8489750534058578
5949,178470,test,11.259308796201445,0,True,shifted,1.326292395635197,1.2993797034505317
5950,178500,test,11.633698214557771,0,True,shifted,1.7315790752095448,1.6946887557823083
5951,178530,test,12.643717426079732,0,True,shifted,2.8249522115048618,2.7611444774652005
5952,178560,test,11.91565139048193,0,True,shifted,2.036801020229864,1.992396536268862
5953,178590,test,11.42572324609357,0,True,shifted,1.5064405422523632,1.4750928386400488
5954,178620,test,10.332546441280593,0,True,shifted,0.32304706025851104,0.3208329542690539
5955,178650,test,11.433852525297262,0,True,shifted,1.5152407070387013,1.4836763548950227
5956,178680,test,10.58935563537237,0,True,shifted,0.6010499643324726,0.5919917909482632
5957,178710,test,10.130471195366741,0,True,shifted,0.10429513665941072,0.10746641652709428
5958,178740,test,10.357882125426473,0,True,shifted,0.35047362414834615,0.3475843120768023
5959,178770,test,10.002028917886467,0,True,shifted,-0.03474710546775112,-0.02815278770409438
5960,178800,test,10.713003157789197,0,True,shifted,0.7349017543160667,0.7225483251696648
5961,178830,test,9.48540826512404,0,True,shifted,-0.594002946289455,-0.5736404821884697
5962,178860,test,10.220308447935093,0,True,shifted,0.2015463943347971,0.20232347560958505
5963,178890,test,10.625888179008571,0,True,shifted,0.6405974317040785,0.6305656514689455
5964,178920,test,9.675409775034522,0,True,shifted,-0.38832116873333283,-0.3730223206120282
5965,178950,test,9.931356561707572,0,True,shifted,-0.11125184403431794,-0.10277407980627393
5966,178980,test,9.49329880593172,0,True,shifted,-0.5854612222791165,-0.5653090442360731
5967,179010,test,9.976185242538287,0,True,shifted,-0.06272358358469464,-0.05544052157090864
5968,179040,test,11.150223392563767,0,True,shifted,1.2082044934064429,1.1841989707135878
5969,179070,test,10.289245536444588,0,True,shifted,0.2761726586779436,0.275112539063466
5970,179100,test,9.508679272375515,0,True,shifted,-0.5688114510257599,-0.5490691685445804
5971,179130,test,10.801557984808365,0,True,shifted,0.8307647516209768,0.8160513010337801
5972,179160,test,11.292798445753263,0,True,shifted,1.362545847793524,1.334740643098277
5973,179190,test,11.840069148088235,0,True,shifted,1.9549811969319482,1.9125910098601924
5974,179220,test,11.893983780924088,0,True,shifted,2.0133452463712853,1.9695182128423887
5975,179250,test,11.978451612784077,0,True,shifted,2.1047839607870786,2.0587058258675843
5976,179280,test,10.796613041096558,0,True,shifted,0.8254117162001599,0.8108300503340926
5977,179310,test,11.511888988531052,0,True,shifted,1.599717290828383,1.5660732358317397
5978,179340,test,11.188010370191563,0,True,shifted,1.249109919529742,1.2240973588200308
5979,179370,test,11.842335795527806,0,True,shifted,1.9574349041402943,1.9149843100107171
5980,179400,test,11.97895313369417,0,True,shifted,2.1053268707477306,2.05923537009606
5981,179430,test,12.097203521861696,0,True,shifted,2.2333361168134975,2.184093196178846
5982,179460,test,12.30904263655349,0,True,shifted,2.462657692659142,2.4077691751722328
5983,179490,test,12.295410160406952,0,True,shifted,2.447900168218244,2.393374961654973
5984,179520,test,12.30993883419988,0,True,shifted,2.4636278508701888,2.4087154493587506
5985,179550,test,12.26407647489105,0,True,shifted,2.4139806054877604,2.360290454134079
5986,179580,test,11.40712214519784,0,True,shifted,1.4863043470266675,1.4554523701682072
5987,179610,test,12.078892711072582,0,True,shifted,2.213514168485965,2.164759238258107
5988,179640,test,12.313958385767435,0,True,shifted,2.467979124245768,2.412959600082735
5989,179670,test,11.840814798232167,0,True,shifted,1.9557883833964722,1.913378324451141
5990,179700,test,9.74212947805979,0,True,shifted,-0.3160952841984202,-0.302574542759307
5991,179730,test,10.522435058471082,0,True,shifted,0.5286066283893904,0.521331915056243
5992,179760,test,10.707737035647817,0,True,shifted,0.7292010345513814,0.7169879496592888
5993,179790,test,11.356169854681989,0,True,shifted,1.4311471133352411,1.4016530353302106
5994,179820,test,12.502982561820613,0,True,shifted,2.672602911446282,2.6125458176404615
5995,179850,test,11.515361724691074,0,True,shifted,1.6034766217237706,1.5697400169241214
5996,179880,test,10.343325653354515,0,True,shifted,0.3347158491068908,0.3322144728187313
5997,179910,test,11.533532501579982,0,True,shifted,1.6231469795638067,1.588926116316626
5998,179940,test,11.296465763645154,0,True,shifted,1.3665158186807176,1.3386128785017437
5999,179970,test,10.08356706066076,0,True,shifted,0.053520141210146914,0.05794143496520538
